client_id,client_type,gender,country,region,acquisition_purpose,satisfaction_score,loan_applied,referral_channel,age,age_band,n_units,total_spend,avg_price,avg_ppsf,avg_area,share_office,n_towers,first_purchase,last_purchase,active_months,region_group,is_usa,portfolio_buyer,investment_flag,loan_flag,segment_id,segment_name,segment_label,ward_segment_id,ward_agrees,silhouette,pc1,pc2,client_type_code,acquisition_purpose_code,loan_applied_code,referral_channel_code,country_code,region_code,gender_code,lat,lon,iso3
C0001,Individual,Female,USA,California,Personal Use,4,Yes,Website,57.63997262149213,55-64,4,1246764.72,311691.18,319.96317185861204,983.885,0.0,4,2024-10-01,2025-12-01,14.0,California,1,0,0,1,S4,Domestic Financed Home Buyers,S4 - Domestic Financed Home Buyers,S4,1,0.2879542851694998,-0.6983741783289613,-0.02347849180969208,1,1,1,2,9,8,0,36.78,-119.42,USA
C0002,Individual,Male,USA,California,Personal Use,1,No,Website,63.096509240246405,55-64,5,1841095.9300000002,368219.18600000005,313.1679087042186,1187.942,0.0,5,2024-01-01,2025-12-01,23.0,California,1,1,0,0,S1,Domestic Cash Home Buyers,S1 - Domestic Cash Home Buyers,S1,1,0.26633773367383135,0.6783132879885356,0.06111502186702933,1,1,0,2,9,8,1,36.78,-119.42,USA
C0003,Individual,Male,USA,California,Personal Use,4,Yes,Agency,66.73511293634498,65+,5,1661457.5899999999,332291.518,310.797967102675,1058.1100000000001,0.0,5,2024-07-01,2025-10-01,15.0,California,1,1,0,1,S4,Domestic Financed Home Buyers,S4 - Domestic Financed Home Buyers,S4,1,0.24851640254835258,-0.7127011824081614,-1.0388346943062183,1,1,1,0,9,8,1,36.78,-119.42,USA
C0004,Individual,Male,USA,California,Personal Use,5,No,Website,66.09993155373031,65+,6,1608263.51,268043.91833333333,275.5640860802061,937.1033333333334,0.0,5,2024-02-01,2025-08-01,18.0,California,1,1,0,0,S1,Domestic Cash Home Buyers,S1 - Domestic Cash Home Buyers,S1,1,0.2637698782542058,0.6783809305161423,0.06128591441783027,1,1,0,2,9,8,1,36.78,-119.42,USA
C0005,Corporate,Male,USA,California,Investment,5,No,Website,49.83983572895277,45-54,13,3653385.38,281029.64461538463,299.39886333356816,927.2961538461539,0.0,5,2024-02-01,2025-05-01,14.9,California,1,1,1,0,S2,Domestic Investors,S2 - Domestic Investors,S1,0,0.08984819084726677,0.36752707369957976,-0.02395321149258678,0,0,0,2,9,8,1,36.78,-119.42,USA
C0006,Individual,Male,USA,California,Personal Use,3,Yes,Website,68.82135523613962,65+,5,1514131.06,302826.212,301.81143627425695,989.5899999999999,0.0,5,2024-01-01,2025-11-01,22.0,California,1,1,0,1,S4,Domestic Financed Home Buyers,S4 - Domestic Financed Home Buyers,S4,1,0.28601110699768634,-0.6953002017546017,-0.02562414966943194,1,1,1,2,9,8,1,36.78,-119.42,USA
C0007,Individual,Male,Canada,Quebec,Investment,5,No,Website,78.60643394934976,65+,11,3251147.83,295558.8936363636,296.0091174822707,995.6936363636363,0.0,6,2024-01-01,2025-12-01,23.0,International,0,1,1,0,S3,International Buyers,S3 - International Buyers,S3,1,0.08673678047726707,0.18698697621235555,1.200254828484177,1,0,0,2,2,40,1,52.94,-73.55,CAN
C0008,Individual,Female,USA,California,Personal Use,5,No,Website,56.205338809034906,55-64,5,1476730.4100000001,295346.08200000005,289.273363570013,1031.106,0.2,5,2024-03-01,2025-03-01,12.0,California,1,1,0,0,S1,Domestic Cash Home Buyers,S1 - Domestic Cash Home Buyers,S1,1,0.27554214793739806,0.6754312546345709,0.06218493005735204,1,1,0,2,9,8,0,36.78,-119.42,USA
C0009,Individual,Male,USA,California,Investment,5,No,Agency,50.23956194387406,45-54,5,1820832.35,364166.47000000003,274.38568336203406,1305.644,0.2,4,2024-12-01,2025-05-01,5.0,California,1,1,1,0,S2,Domestic Investors,S2 - Domestic Investors,S2,1,0.14485519372158143,0.37243755651441296,-1.023379263639354,1,0,0,0,9,8,1,36.78,-119.42,USA
C0010,Individual,Male,USA,Oregon,Investment,3,No,Agency,59.540041067761805,55-64,5,1732434.0,346486.8,309.13580924027326,1140.206,0.2,4,2024-03-01,2025-09-01,18.0,Oregon,1,1,1,0,S2,Domestic Investors,S2 - Domestic Investors,S2,1,0.1367337702664894,0.3045239861342464,-0.7536164362994493,1,0,0,0,9,37,1,43.8,-120.55,USA
C0011,Individual,Female,USA,California,Personal Use,2,Yes,Website,69.53867214236824,65+,5,1325211.52,265042.304,282.7741404393233,935.914,0.2,5,2024-11-01,2025-09-01,10.0,California,1,1,0,1,S4,Domestic Financed Home Buyers,S4 - Domestic Financed Home Buyers,S4,1,0.27797272918036847,-0.6956524823500063,-0.02702063458129267,1,1,1,2,9,8,0,36.78,-119.42,USA
C0012,Corporate,Male,USA,California,Investment,5,No,Website,50.68583162217659,45-54,4,1599526.4,399881.6,299.78630561500273,1317.445,0.0,4,2024-10-01,2025-03-01,5.0,California,1,0,1,0,S2,Domestic Investors,S2 - Domestic Investors,S1,0,0.10281943876227849,0.3664014637432212,-0.01839209168119882,0,0,0,2,9,8,1,36.78,-119.42,USA
C0013,Individual,Male,USA,California,Personal Use,1,Yes,Website,63.39219712525667,55-64,5,2142750.89,428550.178,301.97365713513284,1407.376,0.0,4,2024-09-01,2025-10-01,13.0,California,1,1,0,1,S4,Domestic Financed Home Buyers,S4 - Domestic Financed Home Buyers,S4,1,0.26388820369630606,-0.695863293816158,-0.025504505446117154,1,1,1,2,9,8,1,36.78,-119.42,USA
C0014,Corporate,Male,USA,California,Personal Use,3,Yes,Website,45.4757015742642,45-54,4,1548140.0699999998,387035.01749999996,301.30993275732385,1280.5425,0.0,4,2024-10-01,2025-08-01,10.0,California,1,0,0,1,S4,Domestic Financed Home Buyers,S4 - Domestic Financed Home Buyers,S1,0,0.18044590319918136,-0.7241360867664306,-0.0334485551245568,0,1,1,2,9,8,1,36.78,-119.42,USA
C0015,Individual,Female,USA,California,Personal Use,5,No,Client,84.3668720054757,65+,5,1585907.37,317181.47400000005,303.1325098373545,1030.764,0.0,4,2024-07-01,2025-06-01,11.0,California,1,1,0,0,S1,Domestic Cash Home Buyers,S1 - Domestic Cash Home Buyers,S1,1,0.19830520900963014,0.6620451214432441,-0.4952033756517739,1,1,0,1,9,8,0,36.78,-119.42,USA
C0016,Individual,Female,USA,California,Investment,5,No,Website,86.32717316906229,65+,4,1010217.73,252554.4325,300.3778723095888,842.145,0.0,4,2024-03-01,2025-10-01,19.0,California,1,0,1,0,S2,Domestic Investors,S2 - Domestic Investors,S2,1,0.14242555067023016,0.39751054354552345,-0.010802313412398123,1,0,0,2,9,8,0,36.78,-119.42,USA
C0017,Individual,Male,USA,Arizona,Personal Use,3,No,Client,48.97741273100616,45-54,5,1778693.75,355738.75,299.2817021286784,1195.8139999999999,0.2,4,2024-02-01,2025-02-01,12.0,Arizona,1,1,0,0,S1,Domestic Cash Home Buyers,S1 - Domestic Cash Home Buyers,S1,1,0.18164532682855392,0.6010431937098204,-0.21805916220758476,1,1,0,1,9,1,1,34.05,-111.09,USA
C0018,Individual,Male,USA,California,Personal Use,2,Yes,Agency,58.89664613278576,55-64,4,1061478.67,265369.6675,291.28189258355934,913.8325,0.0,4,2024-03-01,2025-04-01,13.0,California,1,0,0,1,S4,Domestic Financed Home Buyers,S4 - Domestic Financed Home Buyers,S4,1,0.2520786302975821,-0.7149706138954568,-1.0386359599995503,1,1,1,0,9,8,1,36.78,-119.42,USA
C0019,Individual,Male,USA,California,Personal Use,5,Yes,Client,68.30937713894593,65+,4,1773474.26,443368.565,312.4888439477021,1402.0425,0.5,4,2024-02-01,2025-11-01,21.0,California,1,0,0,1,S4,Domestic Financed Home Buyers,S4 - Domestic Financed Home Buyers,S1,0,0.19961796411696967,-0.7172433657767914,-0.5812085074664917,1,1,1,1,9,8,1,36.78,-119.42,USA
C0020,Individual,Female,USA,California,Personal Use,5,No,Website,58.20670773442848,55-64,4,1508032.25,377008.0625,286.06024372846275,1307.08,0.0,4,2024-05-01,2025-08-01,15.0,California,1,0,0,0,S1,Domestic Cash Home Buyers,S1 - Domestic Cash Home Buyers,S1,1,0.27947474453869586,0.6763588899698258,0.06412131948342026,1,1,0,2,9,8,0,36.78,-119.42,USA
C0021,Individual,Male,USA,Oregon,Investment,3,No,Website,87.56194387405887,65+,6,1928172.72,321362.12,310.2368361355155,1028.86,0.0,5,2024-04-01,2025-06-01,14.0,Oregon,1,1,1,0,S2,Domestic Investors,S2 - Domestic Investors,S2,1,0.12708744271478487,0.3287125560976614,0.2582863662054107,1,0,0,2,9,37,1,43.8,-120.55,USA
C0022,Individual,Male,Germany,Berlin,Investment,5,No,Agency,59.29637234770705,55-64,4,1372403.2,343100.8,275.0762597580429,1247.4850000000001,0.0,4,2025-04-01,2025-10-01,6.0,International,0,0,1,0,S3,International Buyers,S3 - International Buyers,S3,1,0.06914068464731134,0.16878882059467487,0.17619470192391423,1,0,0,0,5,4,1,52.52,13.4,DEU
C0023,Individual,Male,USA,California,Personal Use,3,Yes,Website,67.06913073237509,65+,5,1457871.69,291574.338,304.79852506678174,948.3880000000001,0.0,5,2024-01-01,2025-09-01,20.0,California,1,1,0,1,S4,Domestic Financed Home Buyers,S4 - Domestic Financed Home Buyers,S4,1,0.2860860997945657,-0.6957677674698497,-0.025578221501097786,1,1,1,2,9,8,1,36.78,-119.42,USA
C0024,Individual,Male,USA,California,Investment,4,No,Website,62.15468856947297,55-64,6,1884156.9000000001,314026.15,294.8022223615109,1053.735,0.0,5,2024-02-01,2025-09-01,19.0,California,1,1,1,0,S2,Domestic Investors,S2 - Domestic Investors,S2,1,0.15737669394410933,0.39283039290582505,-0.01098903410377372,1,0,0,2,9,8,1,36.78,-119.42,USA
C0025,Individual,Male,USA,Nevada,Personal Use,2,Yes,Website,88.94455852156058,65+,5,1694448.83,338889.766,301.3231590304242,1120.576,0.0,5,2024-01-01,2025-04-01,15.0,Nevada,1,1,0,1,S4,Domestic Financed Home Buyers,S4 - Domestic Financed Home Buyers,S4,1,0.2179665104593999,-0.7541382732997705,0.23797757390519614,1,1,1,2,9,25,1,38.8,-116.42,USA
C0026,Individual,Male,USA,California,Investment,5,No,Website,63.27173169062286,55-64,10,2932241.75,293224.175,299.4336686170726,1002.383,0.1,7,2024-03-01,2025-09-01,18.0,California,1,1,1,0,S2,Domestic Investors,S2 - Domestic Investors,S2,1,0.13239258350594735,0.39343572650789665,-0.013262143146698824,1,0,0,2,9,8,1,36.78,-119.42,USA
C0027,Individual,Male,USA,California,Personal Use,5,Yes,Website,57.31143052703628,55-64,5,1517969.44,303593.888,286.1007546565657,1070.234,0.4,4,2024-01-01,2025-03-01,14.0,California,1,1,0,1,S4,Domestic Financed Home Buyers,S4 - Domestic Financed Home Buyers,S4,1,0.25991929296514726,-0.6991842383935258,-0.025395045821756113,1,1,1,2,9,8,1,36.78,-119.42,USA
C0028,Individual,Female,USA,California,Personal Use,3,No,Client,67.71252566735113,65+,5,1791082.79,358216.558,287.18845760262764,1266.366,0.2,5,2024-09-01,2024-12-01,3.0,California,1,1,0,0,S1,Domestic Cash Home Buyers,S1 - Domestic Cash Home Buyers,S1,1,0.2140790975812823,0.6580511906148028,-0.4954455360280073,1,1,0,1,9,8,0,36.78,-119.42,USA
C0029,Individual,Female,USA,Colorado,Personal Use,4,Yes,Agency,49.84531143052703,45-54,4,1247795.31,311948.8275,312.3370151079838,993.05,0.25,3,2024-07-01,2025-09-01,14.0,Colorado,1,0,0,1,S4,Domestic Financed Home Buyers,S4 - Domestic Financed Home Buyers,S4,1,0.21179196884878906,-0.7770414298769409,-0.7776979715780259,1,1,1,0,9,11,0,39.55,-105.78,USA
C0030,Individual,Female,USA,Nevada,Personal Use,3,No,Website,73.53319644079397,65+,4,1547311.29,386827.8225,301.15138496976226,1279.3725,0.0,4,2024-04-01,2025-10-01,18.0,Nevada,1,0,0,0,S1,Domestic Cash Home Buyers,S1 - Domestic Cash Home Buyers,S1,1,0.22814382476593778,0.6163854430762745,0.3274529854542798,1,1,0,2,9,25,0,38.8,-116.42,USA
C0031,Individual,Male,USA,Nevada,Personal Use,4,Yes,Website,48.016427104722794,45-54,5,1077148.21,215429.642,316.7550430148504,677.3399999999999,0.2,5,2024-02-01,2025-12-01,22.0,Nevada,1,1,0,1,S4,Domestic Financed Home Buyers,S4 - Domestic Financed Home Buyers,S4,1,0.21920867331614402,-0.7651639377083201,0.23998555928097665,1,1,1,2,9,25,1,38.8,-116.42,USA
C0032,Individual,Male,USA,California,Personal Use,4,No,Website,59.389459274469544,55-64,5,1888995.1600000001,377799.032,297.27578497808724,1282.528,0.2,5,2024-01-01,2025-05-01,16.0,California,1,1,0,0,S1,Domestic Cash Home Buyers,S1 - Domestic Cash Home Buyers,S1,1,0.2912560624840395,0.676647759103475,0.06199221011356637,1,1,0,2,9,8,1,36.78,-119.42,USA
C0033,Individual,Female,USA,California,Personal Use,3,Yes,Website,57.379876796714576,55-64,4,1404998.67,351249.6675,282.3664604545738,1250.4325,0.25,4,2024-04-01,2025-07-01,15.0,California,1,0,0,1,S4,Domestic Financed Home Buyers,S4 - Domestic Financed Home Buyers,S4,1,0.29404415719087085,-0.6987228927602063,-0.024532194307543276,1,1,1,2,9,8,0,36.78,-119.42,USA
C0034,Individual,Female,Belgium,Brussels,Personal Use,2,No,Agency,56.16974674880219,55-64,5,1632608.66,326521.73199999996,285.1147228727872,1160.556,0.0,4,2024-06-01,2025-07-01,13.0,International,0,1,0,0,S3,International Buyers,S3 - International Buyers,S3,1,0.08056462252854177,0.4700675324994798,0.2305000129191231,1,1,0,0,1,7,0,50.85,4.35,BEL
C0035,Individual,Male,Mexico,Mexico City,Personal Use,3,No,Agency,60.63791923340178,55-64,5,1987876.4,397575.27999999997,278.7295525133892,1445.752,0.0,5,2024-09-01,2025-09-01,12.0,International,0,1,0,0,S3,International Buyers,S3 - International Buyers,S3,1,0.07749428595247985,0.45912013218629105,0.22339818580951798,1,1,0,0,6,23,1,19.43,-99.13,MEX
C0036,Individual,Male,USA,California,Personal Use,4,No,Website,52.33127994524298,45-54,4,1173683.53,293420.8825,301.30234093415066,963.325,0.0,4,2024-01-01,2025-06-01,17.0,California,1,0,0,0,S1,Domestic Cash Home Buyers,S1 - Domestic Cash Home Buyers,S1,1,0.29292365717480895,0.6747411089302799,0.06362872362268956,1,1,0,2,9,8,1,36.78,-119.42,USA
C0037,Individual,Female,USA,California,Personal Use,5,Yes,Website,63.945242984257355,55-64,5,1607228.75,321445.75,313.6317891215475,1018.368,0.0,4,2024-07-01,2025-10-01,15.0,California,1,1,0,1,S4,Domestic Financed Home Buyers,S4 - Domestic Financed Home Buyers,S4,1,0.2651428133711649,-0.6966154025046921,-0.024350106158056217,1,1,1,2,9,8,0,36.78,-119.42,USA
C0038,Individual,Female,USA,California,Investment,4,No,Client,51.017111567419576,45-54,4,1175129.27,293782.3175,272.8702422858949,1105.1225,0.25,4,2024-01-01,2024-06-01,5.0,California,1,0,1,0,S2,Domestic Investors,S2 - Domestic Investors,S1,0,0.1316101808735392,0.3682853518281414,-0.5659068470039026,1,0,0,1,9,8,0,36.78,-119.42,USA
C0039,Individual,Female,Russia,Krasnodar Krai,Personal Use,1,No,Agency,58.55167693360712,55-64,4,1858527.54,464631.885,338.65862610327133,1365.68,0.25,4,2024-02-01,2024-12-01,10.0,International,0,0,0,0,S3,International Buyers,S3 - International Buyers,S3,1,0.0733140502263695,0.4645946654592375,0.22445174682911362,1,1,0,0,7,21,0,45.04,38.98,RUS
C0040,Individual,Male,USA,Nevada,Personal Use,5,No,Website,50.77891854893908,45-54,6,1854608.29,309101.38166666665,291.4677238378165,1047.8,0.0,5,2024-01-01,2024-12-01,11.0,Nevada,1,1,0,0,S1,Domestic Cash Home Buyers,S1 - Domestic Cash Home Buyers,S1,1,0.21452821808727454,0.6110654339637587,0.327662908421018,1,1,0,2,9,25,1,38.8,-116.42,USA
C0041,Individual,Male,USA,Arizona,Personal Use,1,Yes,Website,58.718685831622174,55-64,5,1374460.79,274892.158,318.85709837389675,872.838,0.4,4,2024-04-01,2025-10-01,18.0,Arizona,1,1,0,1,S4,Domestic Financed Home Buyers,S4 - Domestic Financed Home Buyers,S4,1,0.21051179161449143,-0.7510627931517189,0.2488183541661773,1,1,1,2,9,1,1,34.05,-111.09,USA
C0042,Individual,Female,USA,Utah,Personal Use,1,Yes,Website,50.38740588637919,45-54,4,1101390.25,275347.5625,302.8701353206072,913.8425,0.25,4,2024-11-01,2025-08-01,9.0,Utah,1,0,0,1,S4,Domestic Financed Home Buyers,S4 - Domestic Financed Home Buyers,S4,1,0.21436348605318908,-0.7520567055875305,0.25216801739700184,1,1,1,2,9,48,0,39.32,-111.09,USA
C0043,Individual,Male,USA,Nevada,Investment,3,Yes,Website,60.7419575633128,55-64,4,1126492.46,281623.115,281.3298261097273,983.505,0.0,4,2024-03-01,2025-10-01,19.0,Nevada,1,0,1,1,S2,Domestic Investors,S2 - Domestic Investors,S2,1,0.0858079388847785,-1.0464974625866463,0.16845676107595758,1,0,1,2,9,25,1,38.8,-116.42,USA
C0044,Individual,Female,USA,Arizona,Personal Use,3,No,Website,94.88021902806297,65+,4,1330493.26,332623.315,304.7615369287913,1106.8675,0.0,4,2024-02-01,2025-11-01,21.0,Arizona,1,0,0,0,S1,Domestic Cash Home Buyers,S1 - Domestic Cash Home Buyers,S1,1,0.2151191520216962,0.6325574364749726,0.33685578849660214,1,1,0,2,9,1,0,34.05,-111.09,USA
C0045,Individual,Male,USA,Colorado,Investment,2,No,Agency,57.21834360027378,55-64,5,1463432.3599999999,292686.47199999995,314.6119778517108,913.774,0.0,4,2024-03-01,2025-09-01,18.0,Colorado,1,1,1,0,S2,Domestic Investors,S2 - Domestic Investors,S2,1,0.13220508708788878,0.3152774152826356,-0.7647431721313163,1,0,0,0,9,11,1,39.55,-105.78,USA
C0046,Individual,Female,USA,California,Personal Use,5,No,Client,61.267624914442166,55-64,8,2026517.4,253314.675,297.1196599473188,857.8050000000001,0.0,7,2024-01-01,2025-10-01,21.0,California,1,1,0,0,S1,Domestic Cash Home Buyers,S1 - Domestic Cash Home Buyers,S1,1,0.19221867967196235,0.6569845081332326,-0.4960968087529711,1,1,0,1,9,8,0,36.78,-119.42,USA
C0047,Individual,Male,USA,Colorado,Personal Use,2,No,Agency,55.419575633128,55-64,5,1438239.28,287647.856,298.32744523144754,953.568,0.0,5,2024-07-01,2025-10-01,15.0,Colorado,1,1,0,0,S1,Domestic Cash Home Buyers,S1 - Domestic Cash Home Buyers,S1,1,0.1986381212747891,0.5997834346926931,-0.6922704631469443,1,1,0,0,9,11,1,39.55,-105.78,USA
C0048,Individual,Male,USA,California,Personal Use,3,Yes,Agency,68.78302532511978,65+,4,1338718.0,334679.5,323.2713053028784,1026.3200000000002,0.0,4,2024-07-01,2025-05-01,10.0,California,1,0,0,1,S4,Domestic Financed Home Buyers,S4 - Domestic Financed Home Buyers,S4,1,0.25674075255128426,-0.7124282902345221,-1.0384363794354385,1,1,1,0,9,8,1,36.78,-119.42,USA
C0049,Individual,Female,USA,California,Personal Use,1,No,Website,54.365503080082135,45-54,4,1390091.2,347522.8,290.3509384197303,1204.3675,0.0,4,2024-01-01,2025-08-01,19.0,California,1,0,0,0,S1,Domestic Cash Home Buyers,S1 - Domestic Cash Home Buyers,S1,1,0.27195731984096655,0.6758211085203427,0.06252137709184347,1,1,0,2,9,8,0,36.78,-119.42,USA
C0050,Individual,Male,USA,California,Personal Use,5,No,Website,85.82340862422998,65+,9,2744452.35,304939.15,304.22017127585246,993.5088888888889,0.1111111111111111,7,2024-03-01,2025-04-01,13.0,California,1,1,0,0,S1,Domestic Cash Home Buyers,S1 - Domestic Cash Home Buyers,S1,1,0.23612513192250492,0.6836016154529883,0.058141797598341594,1,1,0,2,9,8,1,36.78,-119.42,USA
C0051,Individual,Female,USA,Colorado,Personal Use,3,No,Agency,84.82956878850102,65+,4,1270440.42,317610.105,311.66896833269914,1039.56,0.0,4,2024-05-01,2025-03-01,10.0,Colorado,1,0,0,0,S1,Domestic Cash Home Buyers,S1 - Domestic Cash Home Buyers,S1,1,0.19815442376445458,0.6064238850035746,-0.692628744579525,1,1,0,0,9,11,0,39.55,-105.78,USA
C0052,Individual,Female,USA,Oregon,Investment,2,No,Client,58.90759753593429,55-64,4,1474211.53,368552.8825,313.93085115429466,1187.925,0.0,3,2024-02-01,2025-11-01,21.0,Oregon,1,0,1,0,S2,Domestic Investors,S2 - Domestic Investors,S1,0,0.11966685867363515,0.30099425163967025,-0.2947013151382384,1,0,0,1,9,37,0,43.8,-120.55,USA
C0053,Individual,Male,USA,Arizona,Personal Use,4,No,Agency,71.98083504449008,65+,4,1120539.44,280134.86,300.1860077066342,929.245,0.0,4,2024-04-01,2025-08-01,16.0,Arizona,1,0,0,0,S1,Domestic Cash Home Buyers,S1 - Domestic Cash Home Buyers,S1,1,0.20549023995346774,0.6098589745997007,-0.675478783605419,1,1,0,0,9,1,1,34.05,-111.09,USA
C0054,Corporate,Male,USA,Nevada,Investment,5,No,Website,58.874743326488705,55-64,6,2109277.6,351546.26666666666,315.86931081501643,1115.6333333333334,0.6666666666666666,4,2024-01-01,2025-10-01,21.0,Nevada,1,1,1,0,S2,Domestic Investors,S2 - Domestic Investors,S1,0,0.09296406823448324,0.30337459958169305,0.24197465675736174,0,0,0,2,9,25,1,38.8,-116.42,USA
C0055,Individual,Female,USA,California,Personal Use,5,Yes,Agency,52.56673511293634,45-54,4,1178979.21,294744.8025,309.2760373361762,989.8299999999999,0.0,4,2024-02-01,2025-12-01,22.0,California,1,0,0,1,S4,Domestic Financed Home Buyers,S4 - Domestic Financed Home Buyers,S4,1,0.23809739499177102,-0.716688786281625,-1.0367610215125367,1,1,1,0,9,8,0,36.78,-119.42,USA
C0056,Individual,Male,USA,Oregon,Investment,5,No,Agency,61.06502395619439,55-64,4,1579301.3599999999,394825.33999999997,299.9967738714426,1355.5975,0.25,4,2024-01-01,2025-10-01,21.0,Oregon,1,0,1,0,S2,Domestic Investors,S2 - Domestic Investors,S2,1,0.12985177948853094,0.30436533022592477,-0.7518579812948174,1,0,0,0,9,37,1,43.8,-120.55,USA
C0057,Individual,Male,USA,California,Personal Use,4,Yes,Agency,92.56399726214921,65+,5,2020519.52,404103.904,300.50658351907526,1344.1439999999998,0.2,4,2024-05-01,2025-10-01,17.0,California,1,1,0,1,S4,Domestic Financed Home Buyers,S4 - Domestic Financed Home Buyers,S4,1,0.23168333126240162,-0.706769765837948,-1.0408449112199496,1,1,1,0,9,8,1,36.78,-119.42,USA
C0058,Corporate,Female,USA,California,Investment,1,Yes,Website,56.662559890485966,55-64,5,1441406.17,288281.234,310.29079874620993,919.8399999999999,0.4,4,2024-08-01,2025-12-01,16.0,California,1,1,1,1,S2,Domestic Investors,S2 - Domestic Investors,S1,0,0.05939367695232284,-1.0071816451631954,-0.11025448448921293,0,0,1,2,9,8,0,36.78,-119.42,USA
C0059,Individual,Male,USA,California,Personal Use,2,No,Website,65.54140999315537,65+,4,1278854.25,319713.5625,283.8232393320658,1102.44,0.25,4,2024-05-01,2025-10-01,17.0,California,1,0,0,0,S1,Domestic Cash Home Buyers,S1 - Domestic Cash Home Buyers,S1,1,0.28953524569545047,0.6776585110657498,0.06121656027276301,1,1,0,2,9,8,1,36.78,-119.42,USA
C0060,Individual,Female,USA,California,Personal Use,5,No,Website,53.65092402464066,45-54,4,1355662.25,338915.5625,307.18982419806434,1119.4675,0.0,3,2024-03-01,2025-03-01,12.0,California,1,0,0,0,S1,Domestic Cash Home Buyers,S1 - Domestic Cash Home Buyers,S1,1,0.2798699155556639,0.675132049104987,0.06422633319276405,1,1,0,2,9,8,0,36.78,-119.42,USA
C0061,Individual,Male,USA,Utah,Personal Use,5,No,Agency,58.639288158795345,55-64,4,1306907.58,326726.895,296.353773633854,1101.62,0.0,4,2024-11-01,2025-10-01,11.0,Utah,1,0,0,0,S1,Domestic Cash Home Buyers,S1 - Domestic Cash Home Buyers,S1,1,0.1984620357134053,0.6077666585819492,-0.6725659175818852,1,1,0,0,9,48,1,39.32,-111.09,USA
C0062,Individual,Male,USA,California,Personal Use,5,Yes,Client,51.76454483230664,45-54,5,1489333.49,297866.698,276.0988660647487,1059.8319999999999,0.0,4,2024-01-01,2025-07-01,18.0,California,1,1,0,1,S4,Domestic Financed Home Buyers,S4 - Domestic Financed Home Buyers,S1,0,0.20492766537463847,-0.7202229113461359,-0.5800748501354276,1,1,1,1,9,8,1,36.78,-119.42,USA
C0063,Individual,Female,USA,Arizona,Personal Use,4,No,Website,83.44147843942505,65+,5,1625480.88,325096.176,291.6406727352229,1112.538,0.0,5,2024-09-01,2025-06-01,9.0,Arizona,1,1,0,0,S1,Domestic Cash Home Buyers,S1 - Domestic Cash Home Buyers,S1,1,0.2188889782616246,0.6300378278699028,0.33703768825527647,1,1,0,2,9,1,0,34.05,-111.09,USA
C0064,Individual,Male,UK,Northern Ireland,Investment,4,No,Agency,51.88774811772758,45-54,4,1448881.28,362220.32,322.47075587906164,1095.85,0.0,4,2024-02-01,2024-11-01,9.0,International,0,0,1,0,S3,International Buyers,S3 - International Buyers,S3,1,0.08849805400056494,0.16313015915247736,0.2268886623536827,1,0,0,0,8,31,1,54.79,-6.49,GBR
C0065,Individual,Male,USA,California,Personal Use,1,No,Agency,53.765913757700204,45-54,4,1557125.73,389281.4325,309.23446412471526,1261.5275,0.25,4,2025-03-01,2025-06-01,3.0,California,1,0,0,0,S1,Domestic Cash Home Buyers,S1 - Domestic Cash Home Buyers,S1,1,0.24451548539052786,0.6583484038564127,-0.9520324463879462,1,1,0,0,9,8,1,36.78,-119.42,USA
C0066,Individual,Female,USA,California,Investment,3,No,Client,51.017111567419576,45-54,4,1107164.17,276791.0425,301.943428392913,932.7550000000001,0.25,4,2024-04-01,2025-12-01,20.0,California,1,0,1,0,S2,Domestic Investors,S2 - Domestic Investors,S1,0,0.13398051906262354,0.3683241387953656,-0.5664390208412986,1,0,0,1,9,8,0,36.78,-119.42,USA
C0067,Individual,Male,USA,California,Personal Use,2,No,Website,48.558521560574945,45-54,5,1431941.84,286388.368,326.17452103134707,851.818,0.2,4,2024-04-01,2025-10-01,18.0,California,1,1,0,0,S1,Domestic Cash Home Buyers,S1 - Domestic Cash Home Buyers,S1,1,0.2841361874313529,0.6739406587543293,0.06134771512163828,1,1,0,2,9,8,1,36.78,-119.42,USA
C0068,Individual,Female,USA,Colorado,Personal Use,5,Yes,Agency,59.84394250513347,55-64,4,1572779.33,393194.8325,276.6905992190839,1450.2925,0.25,4,2024-05-01,2025-10-01,17.0,Colorado,1,0,0,1,S4,Domestic Financed Home Buyers,S4 - Domestic Financed Home Buyers,S4,1,0.20169017956388544,-0.7744733183689091,-0.7775067032407723,1,1,1,0,9,11,0,39.55,-105.78,USA
C0069,Individual,Male,USA,California,Investment,4,No,Website,55.75085557837098,55-64,5,1439142.47,287828.494,297.7396515670927,957.588,0.0,5,2024-02-01,2025-12-01,22.0,California,1,1,1,0,S2,Domestic Investors,S2 - Domestic Investors,S2,1,0.1618848490962811,0.3909119116974438,-0.009958346059760204,1,0,0,2,9,8,1,36.78,-119.42,USA
C0070,Individual,Female,USA,Arizona,Personal Use,4,Yes,Website,78.68035592060232,65+,5,1521570.62,304314.124,290.66906938876934,1039.274,0.2,4,2024-05-01,2025-09-01,16.0,Arizona,1,1,0,1,S4,Domestic Financed Home Buyers,S4 - Domestic Financed Home Buyers,S4,1,0.2157475364036046,-0.7460973453646689,0.24967071510069944,1,1,1,2,9,1,0,34.05,-111.09,USA
C0071,Individual,Male,USA,California,Personal Use,1,Yes,Client,40.01095140314853,35-44,5,1150384.09,230076.81800000003,289.8681345339796,833.3799999999999,0.0,5,2024-01-01,2025-07-01,18.0,California,1,1,0,1,S4,Domestic Financed Home Buyers,S4 - Domestic Financed Home Buyers,S1,0,0.20134873526635708,-0.7228800961139173,-0.5814777780252818,1,1,1,1,9,8,1,36.78,-119.42,USA
C0072,Individual,Male,USA,Nevada,Investment,2,No,Website,72.90622861054072,65+,6,2246488.58,374414.76333333337,334.505223898359,1129.4916666666666,0.16666666666666666,5,2024-03-01,2025-11-01,20.0,Nevada,1,1,1,0,S2,Domestic Investors,S2 - Domestic Investors,S2,1,0.13137264143608401,0.33159840308241645,0.25233501971131556,1,0,0,2,9,25,1,38.8,-116.42,USA
C0073,Individual,Female,Denmark,Capital Region,Investment,1,No,Agency,60.969199178644764,55-64,4,1413902.33,353475.5825,302.3803783087699,1194.0325,0.0,4,2024-03-01,2025-10-01,19.0,International,0,0,1,0,S3,International Buyers,S3 - International Buyers,S3,1,0.05347258531417033,0.1783435669457229,0.13432305875420686,1,0,0,0,3,9,0,55.68,12.57,DNK
C0074,Individual,Female,USA,Oregon,Investment,5,No,Client,66.99794661190965,65+,5,1709458.65,341891.73,299.642237208085,1138.044,0.4,4,2024-06-01,2025-08-01,14.0,Oregon,1,1,1,0,S2,Domestic Investors,S2 - Domestic Investors,S1,0,0.11257693782318443,0.3018688258717816,-0.2963985136120257,1,0,0,1,9,37,0,43.8,-120.55,USA
C0075,Individual,Female,USA,California,Personal Use,3,No,Website,55.657768651608485,55-64,4,1269395.74,317348.935,302.3884329270391,1048.3425,0.25,4,2024-06-01,2025-03-01,9.0,California,1,0,0,0,S1,Domestic Cash Home Buyers,S1 - Domestic Cash Home Buyers,S1,1,0.2995997949331922,0.675185271431763,0.06226937420690826,1,1,0,2,9,8,0,36.78,-119.42,USA
C0076,Individual,Male,USA,California,Personal Use,5,No,Agency,69.80150581793292,65+,6,1905852.0899999999,317642.01499999996,296.64819897219985,1067.28,0.0,5,2024-02-01,2025-05-01,14.9,California,1,1,0,0,S1,Domestic Cash Home Buyers,S1 - Domestic Cash Home Buyers,S1,1,0.2356796077139391,0.6625789834614544,-0.9525881183544995,1,1,0,0,9,8,1,36.78,-119.42,USA
C0077,Individual,Male,USA,California,Personal Use,5,No,Website,45.295003422313485,45-54,5,1880012.18,376002.436,316.7556317413306,1191.826,0.4,4,2024-05-01,2025-08-01,15.0,California,1,1,0,0,S1,Domestic Cash Home Buyers,S1 - Domestic Cash Home Buyers,S1,1,0.2680866849876432,0.6727215368011521,0.06263618074197586,1,1,0,2,9,8,1,36.78,-119.42,USA
C0078,Individual,Female,USA,California,Personal Use,5,No,Website,77.6892539356605,65+,4,1685882.3900000001,421470.59750000003,300.1684643304417,1415.63,0.0,4,2024-01-01,2025-02-01,13.0,California,1,0,0,0,S1,Domestic Cash Home Buyers,S1 - Domestic Cash Home Buyers,S1,1,0.2687604001797756,0.6811291639380914,0.06305830144896363,1,1,0,2,9,8,0,36.78,-119.42,USA
C0079,Individual,Male,Belgium,Brussels,Investment,4,No,Website,71.84120465434634,65+,4,1456436.3,364109.075,294.36648924010007,1219.0675,0.5,4,2024-02-01,2025-11-01,21.0,International,0,0,1,0,S3,International Buyers,S3 - International Buyers,S3,1,0.0832548027012229,0.20415558046029397,1.1713093163212982,1,0,0,2,1,7,1,50.85,4.35,BEL
C0080,Individual,Female,USA,California,Investment,3,No,Website,76.9555099247091,65+,5,1427531.56,285506.31200000003,308.57401306942813,965.024,0.0,4,2024-05-01,2025-09-01,16.0,California,1,1,1,0,S2,Domestic Investors,S2 - Domestic Investors,S2,1,0.1599194199722199,0.3960459166707045,-0.01177217404701858,1,0,0,2,9,8,0,36.78,-119.42,USA
C0081,Individual,Female,USA,California,Personal Use,4,Yes,Website,82.43942505133471,65+,4,1522144.26,380536.065,297.7366535115751,1252.745,0.25,4,2024-03-01,2025-09-01,18.0,California,1,0,0,1,S4,Domestic Financed Home Buyers,S4 - Domestic Financed Home Buyers,S4,1,0.27443360683596585,-0.6927960023110052,-0.025586636973367605,1,1,1,2,9,8,0,36.78,-119.42,USA
C0082,Individual,Female,USA,Virginia,Investment,5,No,Client,44.01368925393566,35-44,5,1282267.95,256453.59,295.1400683027561,884.2239999999999,0.0,4,2024-01-01,2025-12-01,23.0,Virginia,1,1,1,0,S2,Domestic Investors,S2 - Domestic Investors,S1,0,0.10512721798562495,0.3179789705823614,-0.2841523736585661,1,0,0,1,9,50,0,37.43,-78.66,USA
C0083,Individual,Male,USA,California,Personal Use,5,No,Website,87.1731690622861,65+,6,1513641.46,252273.57666666666,293.88787475036446,851.395,0.0,5,2024-04-01,2025-10-01,18.0,California,1,1,0,0,S1,Domestic Cash Home Buyers,S1 - Domestic Cash Home Buyers,S1,1,0.24850187620229683,0.6832898128567066,0.05981270127736216,1,1,0,2,9,8,1,36.78,-119.42,USA
C0084,Individual,Male,USA,Wyoming,Personal Use,3,No,Agency,77.85352498288843,65+,5,1762231.92,352446.38399999996,320.648282067402,1083.6119999999999,0.4,5,2024-01-01,2025-04-01,15.0,US - Other,1,1,0,0,S1,Domestic Cash Home Buyers,S1 - Domestic Cash Home Buyers,S1,1,0.1987036567672551,0.6078436898390025,-0.6734990918953421,1,1,0,0,9,55,1,43.08,-107.29,USA
C0085,Individual,Male,USA,California,Personal Use,4,Yes,Agency,59.29637234770705,55-64,4,1185505.46,296376.365,299.80444699080437,986.395,0.0,4,2024-08-01,2025-11-01,15.0,California,1,0,0,1,S4,Domestic Financed Home Buyers,S4 - Domestic Financed Home Buyers,S4,1,0.25236127045622214,-0.7149654508068559,-1.0376129338060645,1,1,1,0,9,8,1,36.78,-119.42,USA
C0086,Individual,Female,USA,California,Personal Use,3,Yes,Website,57.02943189596167,55-64,5,1928188.6099999999,385637.72199999995,287.17025376935896,1354.634,0.0,5,2024-05-01,2025-10-01,17.0,California,1,1,0,1,S4,Domestic Financed Home Buyers,S4 - Domestic Financed Home Buyers,S4,1,0.28788534323948956,-0.6977593841517793,-0.024428937708305454,1,1,1,2,9,8,0,36.78,-119.42,USA
C0087,Individual,Female,USA,California,Personal Use,4,No,Agency,46.63107460643395,45-54,4,1681153.28,420288.32,324.3612820820306,1287.6625,0.25,4,2024-10-01,2025-11-01,13.0,California,1,0,0,0,S1,Domestic Cash Home Buyers,S1 - Domestic Cash Home Buyers,S1,1,0.2573208613778746,0.6564002797910868,-0.9501559575196559,1,1,0,0,9,8,0,36.78,-119.42,USA
C0088,Individual,Male,USA,Oregon,Investment,2,No,Website,89.38261464750171,65+,6,1450519.57,241753.2616666667,313.37109309610923,786.9733333333334,0.16666666666666666,5,2024-03-01,2025-02-01,11.1,Oregon,1,1,1,0,S2,Domestic Investors,S2 - Domestic Investors,S2,1,0.12483299738298799,0.32848863027792957,0.25666265234256036,1,0,0,2,9,37,1,43.8,-120.55,USA
C0089,Individual,Male,USA,California,Personal Use,3,No,Agency,76.12867898699521,65+,4,1041853.81,260463.4525,305.25889798935304,854.79,0.0,4,2024-02-01,2025-09-01,19.0,California,1,0,0,0,S1,Domestic Cash Home Buyers,S1 - Domestic Cash Home Buyers,S1,1,0.2520528537422057,0.6634217111803489,-0.9524884527120616,1,1,0,0,9,8,1,36.78,-119.42,USA
C0090,Individual,Male,USA,California,Personal Use,5,No,Client,43.59753593429158,35-44,5,980850.4199999999,196170.08399999997,276.47076234096636,703.798,0.0,5,2024-04-01,2025-08-01,16.0,California,1,1,0,0,S1,Domestic Cash Home Buyers,S1 - Domestic Cash Home Buyers,S1,1,0.19544842590136924,0.6517206015166106,-0.49342004087596186,1,1,0,1,9,8,1,36.78,-119.42,USA
C0091,Individual,Female,USA,California,Personal Use,4,No,Website,66.1327857631759,65+,4,1356644.74,339161.185,302.4076252717272,1161.6775,0.0,4,2024-03-01,2024-12-01,9.0,California,1,0,0,0,S1,Domestic Cash Home Buyers,S1 - Domestic Cash Home Buyers,S1,1,0.29323319437135037,0.6782116041024597,0.06299326652328918,1,1,0,2,9,8,0,36.78,-119.42,USA
C0092,Individual,Male,USA,Kansas,Personal Use,3,No,Website,54.5927446954141,45-54,8,2817926.96,352240.87,288.69570491545005,1218.0425,0.125,7,2024-01-01,2025-10-01,21.0,US - Other,1,1,0,0,S1,Domestic Cash Home Buyers,S1 - Domestic Cash Home Buyers,S1,1,0.21380364720247624,0.6206003538294114,0.3408990932510214,1,1,0,2,9,20,1,39.01,-98.48,USA
C0093,Individual,Male,USA,California,Personal Use,2,No,Agency,63.304585900068446,55-64,5,1732558.38,346511.676,291.74734316486075,1196.466,0.0,5,2024-03-01,2025-12-01,21.0,California,1,1,0,0,S1,Domestic Cash Home Buyers,S1 - Domestic Cash Home Buyers,S1,1,0.253332044614351,0.6612432407434936,-0.9525182719544014,1,1,0,0,9,8,1,36.78,-119.42,USA
C0094,Individual,Female,USA,California,Personal Use,5,No,Website,77.6892539356605,65+,5,1062675.82,212535.16400000002,310.0683930408275,692.664,0.2,4,2024-12-01,2025-12-01,12.0,California,1,1,0,0,S1,Domestic Cash Home Buyers,S1 - Domestic Cash Home Buyers,S1,1,0.2560634478847976,0.6800658807039675,0.060206132361415254,1,1,0,2,9,8,0,36.78,-119.42,USA
C0095,Individual,Male,USA,California,Personal Use,3,Yes,Agency,61.79329226557152,55-64,6,1668973.02,278162.17,298.63939481980276,923.105,0.3333333333333333,4,2024-03-01,2025-10-01,19.0,California,1,1,0,1,S4,Domestic Financed Home Buyers,S4 - Domestic Financed Home Buyers,S4,1,0.24613431521335902,-0.7144812764902773,-1.0411729934007814,1,1,1,0,9,8,1,36.78,-119.42,USA
C0096,Individual,Male,USA,California,Investment,3,Yes,Website,40.01095140314853,35-44,4,1363013.17,340753.2925,310.9008896654844,1113.615,0.0,4,2024-07-01,2025-11-01,16.0,California,1,0,1,1,S2,Domestic Investors,S2 - Domestic Investors,S2,1,0.1025382727534227,-0.9872625419209344,-0.09499053921183048,1,0,1,2,9,8,1,36.78,-119.42,USA
C0097,Individual,Male,USA,Virginia,Personal Use,5,Yes,Website,82.53798767967146,65+,7,2189906.04,312843.72000000003,294.3620163184772,1061.722857142857,0.2857142857142857,5,2024-01-01,2025-04-01,15.0,Virginia,1,1,0,1,S4,Domestic Financed Home Buyers,S4 - Domestic Financed Home Buyers,S4,1,0.18811980387942062,-0.7416405560731547,0.25319678136111273,1,1,1,2,9,50,1,37.43,-78.66,USA
C0098,Individual,Female,Russia,Saint Petersburg,Personal Use,3,Yes,Agency,76.52566735112936,65+,4,1131592.65,282898.1625,285.7158462047039,981.955,0.0,4,2024-06-01,2024-11-01,5.0,International,0,0,0,1,S3,International Buyers,S3 - International Buyers,S3,1,0.02758725126848027,-0.9059590950673753,0.13724055773644084,1,1,1,0,7,42,0,59.93,30.34,RUS
C0099,Individual,Male,USA,California,Investment,4,No,Website,84.08213552361396,65+,6,2000308.58,333384.76333333337,290.00847022953025,1201.5883333333334,0.16666666666666666,5,2024-05-01,2025-05-01,12.0,California,1,1,1,0,S2,Domestic Investors,S2 - Domestic Investors,S2,1,0.1496606913594527,0.3977259095424222,-0.012874561008943908,1,0,0,2,9,8,1,36.78,-119.42,USA
C0100,Individual,Male,USA,California,Personal Use,3,No,Website,56.57221081451061,55-64,4,1449544.65,362386.1625,306.726846175456,1174.44,0.0,4,2024-05-01,2024-08-01,3.0,California,1,0,0,0,S1,Domestic Cash Home Buyers,S1 - Domestic Cash Home Buyers,S1,1,0.29887695264857916,0.6761593939324235,0.06330488962808101,1,1,0,2,9,8,1,36.78,-119.42,USA
C0101,Individual,Female,USA,Nevada,Personal Use,3,No,Website,74.83367556468173,65+,4,1125013.8,281253.45,312.8174483617631,874.345,0.25,4,2024-11-01,2025-09-01,10.0,Nevada,1,0,0,0,S1,Domestic Cash Home Buyers,S1 - Domestic Cash Home Buyers,S1,1,0.2268778173717094,0.6156785911017102,0.325942044711808,1,1,0,2,9,25,0,38.8,-116.42,USA
C0102,Individual,Male,USA,California,Investment,5,Yes,Website,78.88021902806297,65+,9,3403263.85,378140.4277777778,307.50877635454384,1222.908888888889,0.1111111111111111,8,2024-01-01,2025-11-01,22.0,California,1,1,1,1,S2,Domestic Investors,S2 - Domestic Investors,S2,1,0.07809656574753615,-0.9771584893427232,-0.10028283690972917,1,0,1,2,9,8,1,36.78,-119.42,USA
C0103,Individual,Male,USA,Colorado,Personal Use,3,No,Website,52.04380561259411,45-54,5,1483838.77,296767.754,315.5271021087973,964.9799999999999,0.0,4,2024-01-01,2025-09-01,20.0,Colorado,1,1,0,0,S1,Domestic Cash Home Buyers,S1 - Domestic Cash Home Buyers,S1,1,0.22619395622882246,0.6158195446916923,0.3223669962222667,1,1,0,2,9,11,1,39.55,-105.78,USA
C0104,Individual,Male,USA,California,Personal Use,5,No,Website,47.29637234770705,45-54,5,1677155.01,335431.002,306.5429479475834,1090.3,0.2,4,2024-04-01,2025-11-01,19.0,California,1,1,0,0,S1,Domestic Cash Home Buyers,S1 - Domestic Cash Home Buyers,S1,1,0.27535619079770063,0.6734966586567817,0.06298912021491088,1,1,0,2,9,8,1,36.78,-119.42,USA
C0105,Individual,Female,USA,California,Investment,2,Yes,Website,66.16016427104722,65+,5,1328084.36,265616.87200000003,310.2787991501492,850.948,0.4,5,2024-06-01,2025-09-01,15.0,California,1,1,1,1,S2,Domestic Investors,S2 - Domestic Investors,S2,1,0.0935465816814105,-0.9818651842245465,-0.09987145071063258,1,0,1,2,9,8,0,36.78,-119.42,USA
C0106,Individual,Male,USA,Colorado,Personal Use,4,No,Website,72.56125941136209,65+,4,957679.27,239419.8175,280.4893799740676,820.9825000000001,0.0,4,2024-08-01,2025-10-01,14.0,Colorado,1,0,0,0,S1,Domestic Cash Home Buyers,S1 - Domestic Cash Home Buyers,S1,1,0.22017251922284,0.61991868442389,0.3220246928761955,1,1,0,2,9,11,1,39.55,-105.78,USA
C0107,Individual,Male,USA,California,Personal Use,4,Yes,Agency,66.40383299110198,65+,5,1715058.23,343011.646,321.0937472547081,1102.66,0.2,5,2024-01-01,2025-06-01,17.0,California,1,1,0,1,S4,Domestic Financed Home Buyers,S4 - Domestic Financed Home Buyers,S4,1,0.25029250963722155,-0.7131947210616559,-1.0394429097671056,1,1,1,0,9,8,1,36.78,-119.42,USA
C0108,Individual,Male,USA,California,Personal Use,4,No,Agency,67.03080082135524,65+,6,1998798.72,333133.12,302.2877171442092,1104.1699999999998,0.16666666666666666,4,2024-06-01,2025-08-01,14.0,California,1,1,0,0,S1,Domestic Cash Home Buyers,S1 - Domestic Cash Home Buyers,S1,1,0.24965061615281153,0.6617272017830365,-0.9533214759250919,1,1,0,0,9,8,1,36.78,-119.42,USA
C0109,Individual,Female,USA,California,Investment,5,Yes,Agency,92.65708418891171,65+,5,1995551.0899999999,399110.218,307.1535990413305,1285.854,0.4,4,2024-01-01,2025-09-01,20.0,California,1,1,1,1,S2,Domestic Investors,S2 - Domestic Investors,S2,1,0.07655481802046857,-0.9923014230652372,-1.1135207954105653,1,0,1,0,9,8,0,36.78,-119.42,USA
C0110,Individual,Female,USA,California,Investment,5,Yes,Agency,66.57357973990418,65+,5,1205555.46,241111.092,298.5467864426498,811.4019999999999,0.0,5,2024-04-01,2025-08-01,16.0,California,1,1,1,1,S2,Domestic Investors,S2 - Domestic Investors,S2,1,0.08242447057357492,-0.9982609766457262,-1.1113579660441146,1,0,1,0,9,8,0,36.78,-119.42,USA
C0111,Individual,Male,USA,Arizona,Personal Use,2,Yes,Website,46.51334702258727,45-54,4,1198421.22,299605.305,329.6075126945271,896.7175,0.0,4,2024-04-01,2025-07-01,15.0,Arizona,1,0,0,1,S4,Domestic Financed Home Buyers,S4 - Domestic Financed Home Buyers,S4,1,0.2237212940849064,-0.7533821354115722,0.25250514815021924,1,1,1,2,9,1,1,34.05,-111.09,USA
C0112,Individual,Female,USA,California,Investment,1,Yes,Agency,65.24845995893224,65+,5,1775142.2,355028.44,320.07470915259364,1115.986,0.0,5,2024-05-01,2025-12-01,19.0,California,1,1,1,1,S2,Domestic Investors,S2 - Domestic Investors,S2,1,0.081990790149414,-0.9975542456004434,-1.112285038747476,1,0,1,0,9,8,0,36.78,-119.42,USA
C0113,Individual,Male,USA,Utah,Investment,4,No,Agency,76.46543463381246,65+,4,1414433.46,353608.365,297.92723512048633,1186.715,0.0,4,2024-01-01,2025-12-01,23.0,Utah,1,0,1,0,S2,Domestic Investors,S2 - Domestic Investors,S2,1,0.12448231934766037,0.3272646337888753,-0.7463925360541488,1,0,0,0,9,48,1,39.32,-111.09,USA
C0114,Individual,Female,USA,California,Personal Use,1,Yes,Website,63.94250513347023,55-64,4,1124004.05,281001.0125,302.70651871845456,932.9449999999999,0.0,3,2024-01-01,2025-06-01,17.0,California,1,0,0,1,S4,Domestic Financed Home Buyers,S4 - Domestic Financed Home Buyers,S4,1,0.2692692994963254,-0.6966606494834102,-0.025349280795526563,1,1,1,2,9,8,0,36.78,-119.42,USA
C0115,Individual,Female,USA,California,Personal Use,5,No,Agency,47.07734428473648,45-54,5,1757354.59,351470.918,305.823176955505,1143.692,0.4,5,2024-03-01,2025-11-01,20.0,California,1,1,0,0,S1,Domestic Cash Home Buyers,S1 - Domestic Cash Home Buyers,S1,1,0.2394585647066674,0.6561364508081013,-0.95153690988104,1,1,0,0,9,8,0,36.78,-119.42,USA
C0116,Individual,Female,USA,California,Investment,4,No,Website,70.40109514031485,65+,8,2484590.08,310573.76,293.7700492203778,1039.8925,0.125,7,2024-01-01,2025-10-01,21.0,California,1,1,1,0,S2,Domestic Investors,S2 - Domestic Investors,S2,1,0.14698207608581396,0.39492484075105,-0.013188962455095488,1,0,0,2,9,8,0,36.78,-119.42,USA
C0117,Individual,Male,UK,Scotland,Investment,4,No,Agency,61.23477070499658,55-64,8,2884556.25,360569.53125,314.48715228134006,1135.78625,0.375,7,2024-03-01,2025-11-01,20.0,International,0,1,1,0,S3,International Buyers,S3 - International Buyers,S3,1,0.08133685109659612,0.16554473291967703,0.22205571287872466,1,0,0,0,8,43,1,56.49,-4.2,GBR
C0118,Individual,Female,USA,Oregon,Investment,5,No,Agency,77.14168377823408,65+,4,1218377.19,304594.2975,311.2890512146992,1009.1225,0.25,4,2024-07-01,2025-02-01,7.1,Oregon,1,0,1,0,S2,Domestic Investors,S2 - Domestic Investors,S2,1,0.12728008249217404,0.30781514823997863,-0.7533623624826564,1,0,0,0,9,37,0,43.8,-120.55,USA
C0119,Individual,Female,USA,California,Personal Use,1,Yes,Website,83.45242984257358,65+,4,1603043.92,400760.98,288.059030603339,1399.315,0.0,4,2024-03-01,2025-12-01,21.0,California,1,0,0,1,S4,Domestic Financed Home Buyers,S4 - Domestic Financed Home Buyers,S4,1,0.25889503055281704,-0.6915467740077119,-0.02597948928239835,1,1,1,2,9,8,0,36.78,-119.42,USA
C0120,Individual,Female,USA,California,Personal Use,4,Yes,Website,72.42162902121834,65+,5,1753587.39,350717.478,275.99413507449765,1243.96,0.0,5,2024-05-01,2025-10-01,17.0,California,1,1,0,1,S4,Domestic Financed Home Buyers,S4 - Domestic Financed Home Buyers,S4,1,0.27872130904615916,-0.6943652098526177,-0.025169485417707915,1,1,1,2,9,8,0,36.78,-119.42,USA
C0121,Individual,Male,USA,Nevada,Personal Use,2,No,Website,75.4551676933607,65+,5,1169150.31,233830.062,290.52748167423425,806.688,0.0,4,2024-08-01,2025-12-01,16.0,Nevada,1,1,0,0,S1,Domestic Cash Home Buyers,S1 - Domestic Cash Home Buyers,S1,1,0.21496330755988527,0.6166087094237045,0.325060268075139,1,1,0,2,9,25,1,38.8,-116.42,USA
C0122,Individual,Female,USA,California,Personal Use,1,Yes,Agency,52.369609856262834,45-54,4,1412560.68,353140.17,319.92455374538275,1085.975,0.0,4,2024-03-01,2025-07-01,16.0,California,1,0,0,1,S4,Domestic Financed Home Buyers,S4 - Domestic Financed Home Buyers,S4,1,0.24193112931673938,-0.7160002289362075,-1.0381291092457363,1,1,1,0,9,8,0,36.78,-119.42,USA
C0123,Individual,Female,USA,California,Personal Use,4,Yes,Website,63.351129363449694,55-64,5,1821348.69,364269.738,298.5763214886527,1230.6599999999999,0.0,5,2024-01-01,2025-08-01,19.0,California,1,1,0,1,S4,Domestic Financed Home Buyers,S4 - Domestic Financed Home Buyers,S4,1,0.28233705837627315,-0.6964617732304494,-0.02451429135675054,1,1,1,2,9,8,0,36.78,-119.42,USA
C0124,Individual,Female,USA,California,Personal Use,4,No,Agency,62.46406570841889,55-64,5,1613985.08,322797.016,280.4248135298491,1184.6299999999999,0.2,4,2024-04-01,2024-11-01,7.0,California,1,1,0,0,S1,Domestic Cash Home Buyers,S1 - Domestic Cash Home Buyers,S1,1,0.25636952404555985,0.6602444369203484,-0.9524249648010201,1,1,0,0,9,8,0,36.78,-119.42,USA
C0125,Individual,Male,USA,Colorado,Personal Use,4,Yes,Agency,49.01574264202601,45-54,4,1341108.25,335277.0625,287.5490431988801,1148.5475,0.25,4,2024-02-01,2024-06-01,4.0,Colorado,1,0,0,1,S4,Domestic Financed Home Buyers,S4 - Domestic Financed Home Buyers,S4,1,0.2119099904403917,-0.7771381426667744,-0.7775155376254617,1,1,1,0,9,11,1,39.55,-105.78,USA
C0126,Individual,Female,USA,California,Investment,2,No,Agency,53.47296372347707,45-54,5,1319929.46,263985.892,303.61157787909195,850.052,0.2,4,2024-03-01,2025-08-01,17.0,California,1,1,1,0,S2,Domestic Investors,S2 - Domestic Investors,S2,1,0.15303729392681326,0.3731220585294042,-1.0254403952538322,1,0,0,0,9,8,0,36.78,-119.42,USA
C0127,Individual,Male,USA,Nevada,Personal Use,2,Yes,Website,51.455167693360714,45-54,4,967474.23,241868.5575,314.93720173163115,765.085,0.0,4,2024-02-01,2025-10-01,20.0,Nevada,1,0,0,1,S4,Domestic Financed Home Buyers,S4 - Domestic Financed Home Buyers,S4,1,0.2278825532306347,-0.7638309204233008,0.24074806721770048,1,1,1,2,9,25,1,38.8,-116.42,USA
C0128,Corporate,Male,USA,Nevada,Investment,5,Yes,Website,62.61190965092403,55-64,5,1639392.9500000002,327878.59,311.98843610305346,1054.034,0.2,5,2024-05-01,2025-12-01,19.0,Nevada,1,1,1,1,S2,Domestic Investors,S2 - Domestic Investors,S1,0,0.05988537524864327,-1.0695027683804197,0.15710985230422614,0,0,1,2,9,25,1,38.8,-116.42,USA
C0129,Individual,Male,USA,Arizona,Investment,5,No,Website,52.45722108145106,45-54,4,1748372.75,437093.1875,336.27374694863545,1296.9850000000001,0.25,4,2024-03-01,2025-11-01,20.0,Arizona,1,0,1,0,S2,Domestic Investors,S2 - Domestic Investors,S2,1,0.12588802060704074,0.33711187282544114,0.2676977417603163,1,0,0,2,9,1,1,34.05,-111.09,USA
C0130,Individual,Male,USA,Nevada,Personal Use,3,Yes,Website,66.69952087611225,65+,4,1488042.88,372010.72,308.423784320332,1215.035,0.0,3,2024-09-01,2025-12-01,15.0,Nevada,1,0,0,1,S4,Domestic Financed Home Buyers,S4 - Domestic Financed Home Buyers,S4,1,0.23264921575844358,-0.7597443886510646,0.24095478680859062,1,1,1,2,9,25,1,38.8,-116.42,USA
C0131,Individual,Male,USA,California,Personal Use,1,No,Website,54.0807665982204,45-54,5,1428058.5499999998,285611.70999999996,299.33404543762134,928.7940000000001,0.0,5,2024-01-01,2025-06-01,17.0,California,1,1,0,0,S1,Domestic Cash Home Buyers,S1 - Domestic Cash Home Buyers,S1,1,0.26544809830508553,0.675825533198239,0.0612456502530937,1,1,0,2,9,8,1,36.78,-119.42,USA
C0132,Individual,Male,USA,Nevada,Personal Use,1,Yes,Agency,60.44900752908966,55-64,4,1203775.04,300943.76,294.0513542596994,1025.1775,0.0,4,2024-10-01,2025-11-01,13.0,Nevada,1,0,0,1,S4,Domestic Financed Home Buyers,S4 - Domestic Financed Home Buyers,S4,1,0.20080810466818882,-0.7781902339020593,-0.7738076183806863,1,1,1,0,9,25,1,38.8,-116.42,USA
C0133,Individual,Male,USA,California,Investment,4,No,Agency,79.29637234770705,65+,4,1449799.93,362449.9825,307.7526795875988,1177.4025000000001,0.0,4,2024-08-01,2025-10-01,14.0,California,1,0,1,0,S2,Domestic Investors,S2 - Domestic Investors,S2,1,0.14732290996957936,0.3795521420983367,-1.0240653030378915,1,0,0,0,9,8,1,36.78,-119.42,USA
C0134,Individual,Female,Russia,Novosibirsk,Investment,3,No,Website,93.54962354551677,65+,5,1761669.8699999999,352333.974,320.93126785361443,1095.602,0.0,4,2024-02-01,2025-12-01,22.0,International,0,1,1,0,S3,International Buyers,S3 - International Buyers,S3,1,0.07710441319436477,0.2051360958847292,1.1640066974704146,1,0,0,2,7,32,0,55.03,82.92,RUS
C0135,Individual,Male,USA,Utah,Investment,2,No,Agency,86.82546201232033,65+,4,1221442.92,305360.73,282.27335399506,1043.6100000000001,0.25,3,2024-06-01,2025-10-01,16.0,Utah,1,0,1,0,S2,Domestic Investors,S2 - Domestic Investors,S2,1,0.12245597686515244,0.32918489546191415,-0.7490350213600443,1,0,0,0,9,48,1,39.32,-111.09,USA
C0136,Individual,Male,USA,California,Personal Use,3,No,Website,52.29295003422313,45-54,5,1892554.72,378510.944,305.25171337470726,1244.274,0.6,5,2025-01-01,2025-05-01,3.9,California,1,1,0,0,S1,Domestic Cash Home Buyers,S1 - Domestic Cash Home Buyers,S1,1,0.2736049651989003,0.6741722606772695,0.0606567106973942,1,1,0,2,9,8,1,36.78,-119.42,USA
C0137,Individual,Female,USA,California,Personal Use,3,Yes,Website,68.17248459958932,65+,4,989750.45,247437.6125,288.9749727554761,855.0699999999999,0.25,4,2024-02-01,2024-12-01,10.0,California,1,0,0,1,S4,Domestic Financed Home Buyers,S4 - Domestic Financed Home Buyers,S4,1,0.28500030068759885,-0.6966508120108162,-0.02585647899044996,1,1,1,2,9,8,0,36.78,-119.42,USA
C0138,Individual,Female,USA,Oregon,Investment,3,Yes,Website,86.50513347022587,65+,5,1367824.55,273564.91000000003,301.66109635761745,914.412,0.4,5,2024-02-01,2025-11-01,21.0,Oregon,1,1,1,1,S2,Domestic Investors,S2 - Domestic Investors,S2,1,0.07432345390884876,-1.0474160853789178,0.1705949743545184,1,0,1,2,9,37,0,43.8,-120.55,USA
C0139,Individual,Female,USA,California,Personal Use,5,Yes,Website,56.2135523613963,55-64,5,1807366.3,361473.26,320.61628857850053,1136.694,0.0,5,2024-03-01,2025-07-01,16.0,California,1,1,0,1,S4,Domestic Financed Home Buyers,S4 - Domestic Financed Home Buyers,S4,1,0.2656523316570505,-0.6982847872973668,-0.02363985669410673,1,1,1,2,9,8,0,36.78,-119.42,USA
C0140,Individual,Female,USA,California,Personal Use,3,No,Website,73.53593429158111,65+,5,1559561.53,311912.306,297.7645569532283,1041.7220000000002,0.2,5,2024-01-01,2025-06-01,17.0,California,1,1,0,0,S1,Domestic Cash Home Buyers,S1 - Domestic Cash Home Buyers,S1,1,0.2884003945877186,0.6798554115385329,0.0603080323041133,1,1,0,2,9,8,0,36.78,-119.42,USA
C0141,Individual,Female,USA,California,Personal Use,5,No,Website,39.52908966461328,35-44,5,1765019.09,353003.818,319.12733732553926,1088.806,0.2,5,2024-01-01,2025-10-01,21.0,California,1,1,0,0,S1,Domestic Cash Home Buyers,S1 - Domestic Cash Home Buyers,S1,1,0.27147156555175167,0.6717270652057132,0.06358336451818192,1,1,0,2,9,8,0,36.78,-119.42,USA
C0142,Individual,Female,USA,Nevada,Personal Use,3,Yes,Website,47.57563312799452,45-54,5,1673770.19,334754.038,292.3324786010019,1149.396,0.2,5,2024-08-01,2025-12-01,16.0,Nevada,1,1,0,1,S4,Domestic Financed Home Buyers,S4 - Domestic Financed Home Buyers,S4,1,0.23047355457617621,-0.7645369582871375,0.24037482201474392,1,1,1,2,9,25,0,38.8,-116.42,USA
C0143,Individual,Male,USA,California,Personal Use,1,No,Website,67.84941820670774,65+,8,2389960.3,298745.0375,289.36566488414894,1008.6325,0.125,8,2024-02-01,2025-10-01,20.0,California,1,1,0,0,S1,Domestic Cash Home Buyers,S1 - Domestic Cash Home Buyers,S1,1,0.2455752800594298,0.6795865385640354,0.058016639272427506,1,1,0,2,9,8,1,36.78,-119.42,USA
C0144,Individual,Male,USA,California,Personal Use,4,No,Agency,71.25530458590006,65+,5,1897739.74,379547.948,316.7065941966459,1206.354,0.0,5,2024-04-01,2025-04-01,12.0,California,1,1,0,0,S1,Domestic Cash Home Buyers,S1 - Domestic Cash Home Buyers,S1,1,0.25164215380698013,0.6630105254519314,-0.9520190509174382,1,1,0,0,9,8,1,36.78,-119.42,USA
C0145,Individual,Female,USA,California,Personal Use,4,No,Website,61.08418891170431,55-64,5,1746571.55,349314.31,274.21065993950833,1297.3200000000002,0.2,5,2024-01-01,2025-05-01,16.0,California,1,1,0,0,S1,Domestic Cash Home Buyers,S1 - Domestic Cash Home Buyers,S1,1,0.2915961717124911,0.6769407692962328,0.06174254289697356,1,1,0,2,9,8,0,36.78,-119.42,USA
C0146,Individual,Male,USA,Colorado,Personal Use,2,No,Website,62.913073237508556,55-64,4,1481536.3900000001,370384.09750000003,294.4618155325702,1242.6425,0.0,4,2024-01-01,2024-05-01,4.0,Colorado,1,0,0,0,S1,Domestic Cash Home Buyers,S1 - Domestic Cash Home Buyers,S1,1,0.22524199389345842,0.6184792958961787,0.32257657828806574,1,1,0,2,9,11,1,39.55,-105.78,USA
C0147,Individual,Male,USA,Utah,Personal Use,4,No,Client,77.86173853524983,65+,5,1398309.27,279661.854,287.3885472838249,1000.47,0.4,5,2024-02-01,2025-07-01,17.0,Utah,1,1,0,0,S1,Domestic Cash Home Buyers,S1 - Domestic Cash Home Buyers,S1,1,0.1725279072699253,0.6079502594025301,-0.21927173677522355,1,1,0,1,9,48,1,39.32,-111.09,USA
C0148,Individual,Male,USA,Colorado,Investment,4,Yes,Agency,56.70088980150582,55-64,4,1700383.7,425095.925,301.4513793734404,1413.5925,0.0,4,2024-07-01,2025-07-01,12.0,Colorado,1,0,1,1,S2,Domestic Investors,S2 - Domestic Investors,S2,1,0.07591603529456745,-1.0593712231327912,-0.849119020584145,1,0,1,0,9,11,1,39.55,-105.78,USA
C0149,Individual,Male,Russia,Krasnodar Krai,Investment,3,No,Agency,70.08076659822039,65+,4,1049009.0,262252.25,287.7979932947236,906.4850000000001,0.25,4,2024-01-01,2024-11-01,10.0,International,0,0,1,0,S3,International Buyers,S3 - International Buyers,S3,1,0.0630973629926445,0.18133571900748852,0.15114882689334624,1,0,0,0,7,21,1,45.04,38.98,RUS
C0150,Individual,Male,USA,California,Personal Use,2,Yes,Website,57.34976043805612,55-64,4,1846066.58,461516.645,306.120453424573,1500.95,0.0,4,2024-03-01,2025-04-01,13.0,California,1,0,0,1,S4,Domestic Financed Home Buyers,S4 - Domestic Financed Home Buyers,S4,1,0.28149801448959416,-0.6976570648218211,-0.023610955899682096,1,1,1,2,9,8,1,36.78,-119.42,USA
C0151,Individual,Female,USA,Oregon,Personal Use,1,No,Agency,49.37166324435318,45-54,5,1589086.32,317817.264,277.73682827188185,1123.442,0.0,5,2024-02-01,2025-04-01,14.0,Oregon,1,1,0,0,S1,Domestic Cash Home Buyers,S1 - Domestic Cash Home Buyers,S1,1,0.18832430133742295,0.5876530180297734,-0.680890108457598,1,1,0,0,9,37,0,43.8,-120.55,USA
C0152,Individual,Female,USA,California,Investment,2,Yes,Agency,58.94866529774127,55-64,7,2539205.93,362743.7042857143,294.6573053444967,1212.7585714285713,0.0,6,2024-02-01,2025-07-01,17.0,California,1,1,1,1,S2,Domestic Investors,S2 - Domestic Investors,S2,1,0.08328004397775224,-0.9986204029988424,-1.1128362518533361,1,0,1,0,9,8,0,36.78,-119.42,USA
C0153,Individual,Female,USA,California,Personal Use,5,No,Website,42.85010266940452,35-44,5,1560375.26,312075.052,329.60563756264736,944.0319999999999,0.0,5,2024-04-01,2025-12-01,20.0,California,1,1,0,0,S1,Domestic Cash Home Buyers,S1 - Domestic Cash Home Buyers,S1,1,0.27126810797481704,0.6728023104671566,0.06383466436108287,1,1,0,2,9,8,0,36.78,-119.42,USA
C0154,Individual,Female,USA,California,Personal Use,4,Yes,Agency,60.93360711841205,55-64,5,2142457.31,428491.462,308.6200494436542,1390.49,0.4,5,2024-02-01,2025-07-01,17.0,California,1,1,0,1,S4,Domestic Financed Home Buyers,S4 - Domestic Financed Home Buyers,S4,1,0.24337613902396765,-0.7146417499679983,-1.0393778401682878,1,1,1,0,9,8,0,36.78,-119.42,USA
C0155,Corporate,Male,USA,California,Investment,5,No,Agency,50.3709787816564,45-54,5,1622885.53,324577.106,295.02566922391054,1097.394,0.2,5,2024-02-01,2025-05-01,14.9,California,1,1,1,0,S2,Domestic Investors,S2 - Domestic Investors,S1,0,0.10115644410252812,0.34900854377140406,-1.0343116582437077,0,0,0,0,9,8,1,36.78,-119.42,USA
C0156,Individual,Female,USA,California,Personal Use,5,No,Website,59.60027378507871,55-64,4,1344903.47,336225.8675,305.5069416126888,1102.105,0.25,4,2024-03-01,2025-07-01,16.0,California,1,0,0,0,S1,Domestic Cash Home Buyers,S1 - Domestic Cash Home Buyers,S1,1,0.2802214732128812,0.675956826734559,0.06296882834633077,1,1,0,2,9,8,0,36.78,-119.42,USA
C0157,Individual,Male,USA,Colorado,Personal Use,2,Yes,Client,73.6290212183436,65+,4,1060400.03,265100.0075,310.57081703857517,830.7675,0.0,4,2024-02-01,2025-02-01,12.0,Colorado,1,0,0,1,S4,Domestic Financed Home Buyers,S4 - Domestic Financed Home Buyers,S1,0,0.18739764017086738,-0.7745175574753049,-0.32196328846663214,1,1,1,1,9,11,1,39.55,-105.78,USA
C0158,Individual,Female,USA,Virginia,Investment,3,Yes,Agency,46.078028747433265,45-54,4,1439477.66,359869.415,312.4568891073972,1131.4975,0.25,4,2024-06-01,2025-12-01,18.0,Virginia,1,0,1,1,S2,Domestic Investors,S2 - Domestic Investors,S2,1,0.07901277804892295,-1.0524921988043017,-0.8288776778707767,1,0,1,0,9,50,0,37.43,-78.66,USA
C0159,Individual,Male,USA,California,Personal Use,3,No,Website,83.71526351813826,65+,4,1596507.45,399126.8625,300.61486358032573,1336.7325,0.0,4,2024-01-01,2025-09-01,20.0,California,1,0,0,0,S1,Domestic Cash Home Buyers,S1 - Domestic Cash Home Buyers,S1,1,0.28059102770065786,0.6827240037328242,0.06171905215598039,1,1,0,2,9,8,1,36.78,-119.42,USA
C0160,Individual,Female,USA,California,Personal Use,4,No,Website,66.55715263518138,65+,5,1679716.96,335943.392,297.4014063463627,1144.06,0.4,5,2024-05-01,2025-09-01,16.0,California,1,1,0,0,S1,Domestic Cash Home Buyers,S1 - Domestic Cash Home Buyers,S1,1,0.2826485318911135,0.6777244298763492,0.06063204841589154,1,1,0,2,9,8,0,36.78,-119.42,USA
C0161,Individual,Male,USA,California,Personal Use,5,No,Website,74.1409993155373,65+,9,2534264.26,281584.91777777777,299.190548152945,939.4144444444444,0.1111111111111111,7,2024-01-01,2025-04-01,15.0,California,1,1,0,0,S1,Domestic Cash Home Buyers,S1 - Domestic Cash Home Buyers,S1,1,0.2424466650284086,0.6807234347503552,0.058756326128038605,1,1,0,2,9,8,1,36.78,-119.42,USA
C0162,Individual,Male,USA,California,Personal Use,4,No,Website,72.29295003422314,65+,4,1135363.52,283840.88,291.2756960006085,983.24,0.25,4,2024-09-01,2025-12-01,15.0,California,1,0,0,0,S1,Domestic Cash Home Buyers,S1 - Domestic Cash Home Buyers,S1,1,0.2876293945880745,0.6788508648690934,0.06141856318027483,1,1,0,2,9,8,1,36.78,-119.42,USA
C0163,Individual,Male,USA,Utah,Investment,5,Yes,Agency,39.77275838466804,35-44,4,1506594.21,376648.5525,288.6436910242928,1307.32,0.25,4,2025-01-01,2025-11-01,10.0,Utah,1,0,1,1,S2,Domestic Investors,S2 - Domestic Investors,S2,1,0.07405998660739989,-1.056493172531878,-0.8312063592976511,1,0,1,0,9,48,1,39.32,-111.09,USA
C0164,Individual,Male,USA,Arizona,Personal Use,5,No,Website,39.279945242984255,35-44,4,1436152.54,359038.135,301.04930542820927,1196.7975,0.0,4,2024-07-01,2025-09-01,14.0,Arizona,1,0,0,0,S1,Domestic Cash Home Buyers,S1 - Domestic Cash Home Buyers,S1,1,0.2187641387386937,0.6192474873412928,0.34144533966813706,1,1,0,2,9,1,1,34.05,-111.09,USA
C0165,Individual,Female,USA,California,Personal Use,3,Yes,Website,69.47296372347706,65+,3,1276849.33,425616.44333333336,317.14526904751153,1357.1933333333334,0.0,3,2024-05-01,2025-02-01,9.1,California,1,0,0,1,S4,Domestic Financed Home Buyers,S4 - Domestic Financed Home Buyers,S4,1,0.2857752958528548,-0.6954609404567935,-0.02289779905504974,1,1,1,2,9,8,0,36.78,-119.42,USA
C0166,Individual,Female,USA,Arizona,Personal Use,4,Yes,Agency,41.935660506502394,35-44,4,1273643.37,318410.8425,309.51267068830805,1025.3225,0.0,4,2024-06-01,2025-12-01,18.0,Arizona,1,0,0,1,S4,Domestic Financed Home Buyers,S4 - Domestic Financed Home Buyers,S4,1,0.19950436631574445,-0.7715389330376288,-0.7601752237345079,1,1,1,0,9,1,0,34.05,-111.09,USA
C0167,Individual,Female,UK,Scotland,Personal Use,3,Yes,Website,70.91033538672143,65+,7,2749577.33,392796.7614285714,300.8857876348719,1320.3814285714286,0.14285714285714285,7,2024-05-01,2025-11-01,18.0,International,0,1,0,1,S3,International Buyers,S3 - International Buyers,S3,1,0.06601175114218742,-0.9041823406993497,1.221970745710823,1,1,1,2,8,43,0,56.49,-4.2,GBR
C0168,Individual,Female,USA,Nevada,Personal Use,3,No,Agency,65.56878850102669,65+,4,1491785.87,372946.4675,285.01565214437966,1329.6025,0.0,4,2024-05-01,2025-11-01,18.0,Nevada,1,0,0,0,S1,Domestic Cash Home Buyers,S1 - Domestic Cash Home Buyers,S1,1,0.21190000723029911,0.5975338957785683,-0.6860335812945793,1,1,0,0,9,25,0,38.8,-116.42,USA
C0169,Individual,Male,USA,Ohio,Investment,5,Yes,Agency,35.383983572895275,35-44,3,688864.2,229621.4,274.9870284848701,845.8633333333333,0.6666666666666666,3,2024-04-01,2025-10-01,18.0,US - Other,1,0,1,1,S2,Domestic Investors,S2 - Domestic Investors,S2,1,0.06913268744216472,-1.0638653926958948,-0.828673387896818,1,0,1,0,9,35,1,40.42,-82.91,USA
C0170,Individual,Male,USA,California,Personal Use,5,No,Website,76.55030800821355,65+,3,1161316.17,387105.38999999996,288.5198159742899,1339.7466666666667,0.0,3,2024-11-01,2025-08-01,9.0,California,1,0,0,0,S1,Domestic Cash Home Buyers,S1 - Domestic Cash Home Buyers,S1,1,0.26974849975624876,0.6802987450712972,0.06419737829394057,1,1,0,2,9,8,1,36.78,-119.42,USA
C0171,Individual,Female,USA,Washington,Investment,5,Yes,Client,34.65845311430527,<35,4,1278753.71,319688.4275,296.83854424641083,1070.72,0.0,4,2024-02-01,2025-07-01,17.0,Washington,1,0,1,1,S2,Domestic Investors,S2 - Domestic Investors,S1,0,0.06405132251528355,-1.0673359534580842,-0.36673678205248167,1,0,1,1,9,53,0,47.75,-120.74,USA
C0172,Individual,Female,USA,Washington,Personal Use,1,Yes,Agency,33.28952772073922,<35,4,1681471.9100000001,420367.97750000004,269.18868156399094,1572.79,0.25,4,2024-01-01,2025-04-01,15.0,Washington,1,0,0,1,S4,Domestic Financed Home Buyers,S4 - Domestic Financed Home Buyers,S4,1,0.1914905785069042,-0.7787116299613628,-0.7538931413694836,1,1,1,0,9,53,0,47.75,-120.74,USA
C0173,Individual,Female,USA,Arizona,Personal Use,5,Yes,Agency,49.44832306639288,45-54,8,2619968.43,327496.05375,311.60636323680546,1074.5925,0.0,7,2024-01-01,2025-05-01,16.0,Arizona,1,1,0,1,S4,Domestic Financed Home Buyers,S4 - Domestic Financed Home Buyers,S4,1,0.18173794437847002,-0.7687743268857123,-0.763118258376227,1,1,1,0,9,1,0,34.05,-111.09,USA
C0174,Individual,Female,USA,California,Investment,3,No,Client,43.488021902806295,35-44,3,865359.73,288453.24333333335,340.39702639981215,869.7866666666667,0.0,3,2024-02-01,2024-03-01,1.0,California,1,0,1,0,S2,Domestic Investors,S2 - Domestic Investors,S1,0,0.13292263838276366,0.36672834806741844,-0.5638026744959923,1,0,0,1,9,8,0,36.78,-119.42,USA
C0175,Individual,Male,USA,Washington,Personal Use,5,No,Agency,63.73990417522245,55-64,4,1606138.1199999999,401534.52999999997,297.6245595781397,1313.38,0.5,4,2024-02-01,2025-08-01,18.0,Washington,1,0,0,0,S1,Domestic Cash Home Buyers,S1 - Domestic Cash Home Buyers,S1,1,0.19457215758586036,0.6018373264510293,-0.6682306911020379,1,1,0,0,9,53,1,47.75,-120.74,USA
C0176,Individual,Female,USA,California,Personal Use,2,No,Website,32.511978097193705,<35,6,2681927.91,446987.98500000004,294.14300570241534,1514.8,0.0,3,2024-04-01,2025-10-01,18.0,California,1,1,0,0,S1,Domestic Cash Home Buyers,S1 - Domestic Cash Home Buyers,S1,1,0.26468205166337155,0.6714947252912644,0.06309657118708778,1,1,0,2,9,8,0,36.78,-119.42,USA
C0177,Individual,Female,UK,England,Personal Use,5,Yes,Website,74.82546201232033,65+,7,2269897.21,324271.02999999997,277.01504559301156,1160.9514285714286,0.14285714285714285,7,2024-04-01,2025-11-01,19.0,International,0,1,0,1,S3,International Buyers,S3 - International Buyers,S3,1,0.06252160705036976,-0.9037626518989408,1.222226735694459,1,1,1,2,8,12,0,52.36,-1.17,GBR
C0178,Individual,Female,USA,Virginia,Personal Use,4,No,Agency,73.02121834360027,65+,7,2665917.96,380845.42285714287,294.91664917063696,1284.9985714285715,0.2857142857142857,7,2024-06-01,2025-08-01,14.0,Virginia,1,1,0,0,S1,Domestic Cash Home Buyers,S1 - Domestic Cash Home Buyers,S1,1,0.19873821049177423,0.6140409119697112,-0.6733277217073408,1,1,0,0,9,50,0,37.43,-78.66,USA
C0179,Individual,Female,USA,Oregon,Investment,2,No,Website,39.885010266940455,35-44,8,2131372.11,266421.51375,284.5579027701791,947.5450000000001,0.375,8,2024-01-01,2025-12-01,23.0,Oregon,1,1,1,0,S2,Domestic Investors,S2 - Domestic Investors,S2,1,0.1270349316781492,0.3168605068592841,0.2581101950092973,1,0,0,2,9,37,0,43.8,-120.55,USA
C0180,Individual,Male,USA,California,Personal Use,2,Yes,Agency,82.92402464065708,65+,7,2660292.37,380041.76714285713,306.4298010329248,1249.51,0.14285714285714285,7,2024-01-01,2025-08-01,19.0,California,1,1,0,1,S4,Domestic Financed Home Buyers,S4 - Domestic Financed Home Buyers,S4,1,0.23185130294140044,-0.7082471251367349,-1.0424091611112989,1,1,1,0,9,8,1,36.78,-119.42,USA
C0181,Individual,Male,USA,Texas,Personal Use,2,Yes,Website,55.68240930869268,55-64,7,2047189.62,292455.66000000003,305.23639354106615,974.1771428571428,0.14285714285714285,7,2024-01-01,2025-06-01,17.0,Texas,1,1,0,1,S4,Domestic Financed Home Buyers,S4 - Domestic Financed Home Buyers,S4,1,0.21055243925759975,-0.746622230681109,0.25820483556356855,1,1,1,2,9,47,1,31.97,-99.9,USA
C0182,Individual,Female,Germany,North Rhine-Westphalia,Investment,1,Yes,Website,54.0807665982204,45-54,8,3082362.35,385295.29375,304.5288688260178,1246.94625,0.0,8,2024-01-01,2025-12-01,23.0,International,0,1,1,1,S3,International Buyers,S3 - International Buyers,S3,1,0.07358975516488081,-1.1882770403272385,1.0991697211576426,1,0,1,2,5,30,0,51.43,7.66,DEU
C0183,Individual,Male,USA,Nevada,Personal Use,3,No,Website,37.29226557152635,35-44,7,1883106.92,269015.27428571426,300.9962623709325,907.1042857142857,0.0,7,2024-08-01,2025-10-01,14.0,Nevada,1,1,0,0,S1,Domestic Cash Home Buyers,S1 - Domestic Cash Home Buyers,S1,1,0.2145041035150216,0.6081575995632398,0.3267847466000823,1,1,0,2,9,25,1,38.8,-116.42,USA
C0184,Individual,Male,USA,Florida,Personal Use,1,No,Website,31.942505133470227,<35,6,2618938.16,436489.69333333336,292.8034788790312,1481.7150000000001,0.0,5,2024-07-01,2025-11-01,16.0,Florida,1,1,0,0,S1,Domestic Cash Home Buyers,S1 - Domestic Cash Home Buyers,S1,1,0.20455188484587875,0.6237006661952187,0.3471733227907263,1,1,0,2,9,14,1,27.66,-81.52,USA
C0185,Individual,Female,USA,Nevada,Personal Use,4,Yes,Agency,80.49828884325804,65+,7,2491911.81,355987.40142857144,314.3363283341601,1137.2942857142857,0.0,7,2024-04-01,2025-08-01,16.0,Nevada,1,1,0,1,S4,Domestic Financed Home Buyers,S4 - Domestic Financed Home Buyers,S4,1,0.19259894791153326,-0.772709845397434,-0.7758965140055973,1,1,1,0,9,25,0,38.8,-116.42,USA
C0186,Individual,Female,USA,Virginia,Personal Use,1,No,Website,43.748117727583846,35-44,8,2674286.63,334285.82875,304.9267995337976,1100.27125,0.0,5,2024-06-01,2025-09-01,15.0,Virginia,1,1,0,0,S1,Domestic Cash Home Buyers,S1 - Domestic Cash Home Buyers,S1,1,0.20104325864430828,0.6250638240441719,0.34141094449993775,1,1,0,2,9,50,0,37.43,-78.66,USA
C0187,Individual,Female,USA,Florida,Personal Use,1,No,Website,35.95345653661875,35-44,6,2066651.1400000001,344441.8566666667,298.5170867577424,1135.37,0.3333333333333333,5,2024-03-01,2025-12-01,21.0,Florida,1,1,0,0,S1,Domestic Cash Home Buyers,S1 - Domestic Cash Home Buyers,S1,1,0.20670513861074105,0.6235581009237174,0.34534696672078646,1,1,0,2,9,14,0,27.66,-81.52,USA
C0188,Individual,Male,USA,Oregon,Personal Use,5,Yes,Website,85.22929500342231,65+,7,2891447.6,413063.9428571429,322.52554913485454,1263.962857142857,0.2857142857142857,7,2024-08-01,2025-12-01,16.0,Oregon,1,1,0,1,S4,Domestic Financed Home Buyers,S4 - Domestic Financed Home Buyers,S4,1,0.19829661114399685,-0.761654000006379,0.24362055867046492,1,1,1,2,9,37,1,43.8,-120.55,USA
C0189,Individual,Female,USA,California,Personal Use,2,No,Agency,67.05544147843942,65+,7,2209659.42,315665.6314285714,305.8456789427648,1024.6857142857143,0.14285714285714285,7,2024-07-01,2025-03-01,8.0,California,1,1,0,0,S1,Domestic Cash Home Buyers,S1 - Domestic Cash Home Buyers,S1,1,0.24119106511325916,0.6621929298168361,-0.9548413511267391,1,1,0,0,9,8,0,36.78,-119.42,USA
C0190,Individual,Female,USA,California,Personal Use,2,No,Website,54.20123203285421,45-54,7,2276701.17,325243.02428571426,307.1910062907387,1049.1542857142856,0.14285714285714285,7,2024-02-01,2025-08-01,18.0,California,1,1,0,0,S1,Domestic Cash Home Buyers,S1 - Domestic Cash Home Buyers,S1,1,0.2718709568290936,0.6761027669176125,0.059981848452757,1,1,0,2,9,8,0,36.78,-119.42,USA
C0191,Individual,Female,USA,Florida,Personal Use,3,No,Agency,48.65434633812457,45-54,8,2172926.7600000002,271615.84500000003,298.05965918295794,913.8512499999999,0.375,6,2024-01-01,2025-08-01,19.0,Florida,1,1,0,0,S1,Domestic Cash Home Buyers,S1 - Domestic Cash Home Buyers,S1,1,0.19336335097054408,0.6094291732193404,-0.6703452207558218,1,1,0,0,9,14,0,27.66,-81.52,USA
C0192,Individual,Female,Belgium,Brussels,Investment,2,Yes,Website,41.90554414784394,35-44,7,2900509.0999999996,414358.4428571428,318.6840040630009,1304.7214285714288,0.2857142857142857,7,2024-02-01,2025-12-01,22.0,International,0,1,1,1,S3,International Buyers,S3 - International Buyers,S3,1,0.07048974469763954,-1.1756189806500592,1.0841240399102576,1,0,1,2,1,7,0,50.85,4.35,BEL
C0193,Individual,Female,USA,California,Investment,4,Yes,Website,57.39356605065024,55-64,7,1933778.2399999998,276254.03428571427,287.58338668660036,962.7214285714286,0.42857142857142855,7,2024-04-01,2025-10-01,18.0,California,1,1,1,1,S2,Domestic Investors,S2 - Domestic Investors,S2,1,0.09047479696231611,-0.9836780304569606,-0.09990336343580086,1,0,1,2,9,8,0,36.78,-119.42,USA
C0194,Individual,Male,France,Ile-de-France,Personal Use,5,Yes,Website,72.36960985626284,65+,7,2759372.27,394196.03857142857,315.396137399015,1237.292857142857,0.2857142857142857,7,2024-07-01,2025-10-01,15.0,International,0,1,0,1,S3,International Buyers,S3 - International Buyers,S3,1,0.04197309720151276,-0.90033233444751,1.1702012800749877,1,1,1,2,4,18,1,48.85,2.35,FRA
C0195,Individual,Male,USA,California,Personal Use,2,Yes,Website,78.53524982888433,65+,7,2102233.85,300319.12142857147,294.6302850028284,1029.2714285714285,0.2857142857142857,7,2024-01-01,2025-12-01,23.0,California,1,1,0,1,S4,Domestic Financed Home Buyers,S4 - Domestic Financed Home Buyers,S4,1,0.2591461620328709,-0.6930267510369577,-0.029098032864201095,1,1,1,2,9,8,1,36.78,-119.42,USA
C0196,Individual,Male,USA,Nevada,Investment,5,No,Agency,68.69267624914443,65+,6,2611736.44,435289.4066666667,306.27514561192373,1411.9466666666667,0.0,6,2024-02-01,2025-09-01,19.0,Nevada,1,1,1,0,S2,Domestic Investors,S2 - Domestic Investors,S2,1,0.12149201236317832,0.3139133936014616,-0.7592109340566819,1,0,0,0,9,25,1,38.8,-116.42,USA
C0197,Individual,Male,USA,Virginia,Personal Use,4,No,Client,81.5003422313484,65+,8,2775768.6,346971.075,319.18219269592623,1082.87,0.0,5,2024-04-01,2025-11-01,19.0,Virginia,1,1,0,0,S1,Domestic Cash Home Buyers,S1 - Domestic Cash Home Buyers,S1,1,0.16924216363228226,0.6130800241807057,-0.21606817900367514,1,1,0,1,9,50,1,37.43,-78.66,USA
C0198,Individual,Female,USA,California,Personal Use,4,No,Website,49.92470910335387,45-54,8,2399689.67,299961.20875,300.03251901840844,997.5475,0.0,7,2024-02-01,2025-10-01,20.0,California,1,1,0,0,S1,Domestic Cash Home Buyers,S1 - Domestic Cash Home Buyers,S1,1,0.26414345942404444,0.675268410269245,0.0608914784373642,1,1,0,2,9,8,0,36.78,-119.42,USA
C0199,Individual,Male,USA,California,Personal Use,3,No,Agency,67.7180013689254,65+,7,2582959.87,368994.26714285713,314.1261254494504,1162.7385714285715,0.14285714285714285,7,2024-02-01,2025-12-01,22.0,California,1,1,0,0,S1,Domestic Cash Home Buyers,S1 - Domestic Cash Home Buyers,S1,1,0.24613080451218708,0.662444737918412,-0.9541798456475394,1,1,0,0,9,8,1,36.78,-119.42,USA
C0200,Individual,Female,USA,California,Personal Use,1,No,Agency,81.65366187542779,65+,4,1071359.3900000001,267839.84750000003,296.82396613775273,920.7075,0.0,4,2024-01-01,2024-11-01,10.0,California,1,0,0,0,S1,Domestic Cash Home Buyers,S1 - Domestic Cash Home Buyers,S1,1,0.2313933708097394,0.6650119085746851,-0.9536482050924568,1,1,0,0,9,8,0,36.78,-119.42,USA
C0201,Individual,Female,USA,California,Personal Use,1,No,Agency,57.880903490759756,55-64,4,1298787.54,324696.885,285.0271690424102,1147.435,0.25,4,2024-01-01,2025-02-01,13.0,California,1,0,0,0,S1,Domestic Cash Home Buyers,S1 - Domestic Cash Home Buyers,S1,1,0.24491044151672633,0.6590722264025646,-0.9526227301620422,1,1,0,0,9,8,0,36.78,-119.42,USA
C0202,Individual,Male,Canada,British Columbia,Personal Use,1,No,Website,29.136208076659823,<35,3,1019272.5900000001,339757.53,321.74759393731864,1049.3799999999999,0.3333333333333333,3,2024-05-01,2025-06-01,13.0,International,0,0,0,0,S3,International Buyers,S3 - International Buyers,S3,1,0.11265189035939145,0.4581353312917316,1.2787446173274157,1,1,0,2,2,5,1,53.73,-127.65,CAN
C0203,Individual,Female,USA,California,Personal Use,4,No,Client,69.6208076659822,65+,4,1242478.83,310619.7075,328.923241220169,916.0375,0.0,4,2024-01-01,2025-02-01,13.0,California,1,0,0,0,S1,Domestic Cash Home Buyers,S1 - Domestic Cash Home Buyers,S1,1,0.21297386550104966,0.6583002122274799,-0.4937673281137875,1,1,0,1,9,8,0,36.78,-119.42,USA
C0204,Individual,Female,USA,California,Personal Use,5,No,Agency,78.97330595482546,65+,3,934432.98,311477.66,300.69211318016573,1042.7266666666667,0.3333333333333333,3,2024-12-01,2025-06-01,6.0,California,1,0,0,0,S1,Domestic Cash Home Buyers,S1 - Domestic Cash Home Buyers,S1,1,0.23673188493497715,0.6628929306131901,-0.9514286124476181,1,1,0,0,9,8,0,36.78,-119.42,USA
C0205,Individual,Female,Mexico,Puebla,Personal Use,1,Yes,Agency,57.347022587268995,55-64,3,949224.48,316408.16,306.97993618778213,1072.7266666666667,0.3333333333333333,3,2024-08-01,2025-12-01,16.0,International,0,0,0,1,S3,International Buyers,S3 - International Buyers,S3,1,0.02983468194305724,-0.9177411676801739,0.1364982208001146,1,1,1,0,6,39,0,19.04,-98.21,MEX
C0206,Individual,Female,USA,California,Personal Use,1,Yes,Agency,68.64887063655031,65+,3,853060.9299999999,284353.6433333333,330.403450210996,851.4266666666667,0.0,3,2024-01-01,2025-06-01,17.0,California,1,0,0,1,S4,Domestic Financed Home Buyers,S4 - Domestic Financed Home Buyers,S4,1,0.23880969675916278,-0.712885968432991,-1.0383531202220513,1,1,1,0,9,8,0,36.78,-119.42,USA
C0207,Individual,Male,USA,Virginia,Investment,4,No,Website,81.11430527036276,65+,3,889948.76,296649.58666666667,259.33671553699253,1104.51,0.0,3,2024-01-01,2024-10-01,9.0,Virginia,1,0,1,0,S2,Domestic Investors,S2 - Domestic Investors,S2,1,0.12206948328259203,0.3469217293484939,0.27181736093572867,1,0,0,2,9,50,1,37.43,-78.66,USA
C0208,Individual,Male,France,Provence,Personal Use,4,Yes,Agency,39.76728268309377,35-44,4,1199654.38,299913.595,297.06760605039415,997.4100000000001,0.25,4,2024-02-01,2025-02-01,12.0,International,0,0,0,1,S3,International Buyers,S3 - International Buyers,S3,1,0.039582369354817314,-0.9260072903710681,0.15995226303465532,1,1,1,0,4,38,1,43.94,6.06,FRA
C0209,Individual,Male,USA,Arizona,Investment,3,No,Agency,76.3586584531143,65+,4,979868.13,244967.0325,311.4542101044349,794.1275,0.25,4,2024-04-01,2025-11-01,19.0,Arizona,1,0,1,0,S2,Domestic Investors,S2 - Domestic Investors,S2,1,0.12770552304352062,0.3253017661370658,-0.7496727098957172,1,0,0,0,9,1,1,34.05,-111.09,USA
C0210,Individual,Female,USA,Colorado,Personal Use,2,No,Website,82.77344284736482,65+,4,1346156.55,336539.1375,294.05078278050837,1135.53,0.0,4,2024-03-01,2025-10-01,19.0,Colorado,1,0,0,0,S1,Domestic Cash Home Buyers,S1 - Domestic Cash Home Buyers,S1,1,0.21830661906313417,0.6230521034052185,0.32111913005696413,1,1,0,2,9,11,0,39.55,-105.78,USA
C0211,Individual,Female,USA,California,Personal Use,3,No,Agency,53.85352498288843,45-54,4,1254240.07,313560.0175,297.9909835004412,1053.27,0.25,4,2024-06-01,2025-10-01,16.0,California,1,0,0,0,S1,Domestic Cash Home Buyers,S1 - Domestic Cash Home Buyers,S1,1,0.2640025269103038,0.6578271970744127,-0.9515724306556288,1,1,0,0,9,8,0,36.78,-119.42,USA
C0212,Individual,Male,USA,California,Personal Use,4,No,Agency,69.7741273100616,65+,3,1068278.76,356092.92,291.93691346700456,1224.68,0.0,3,2024-01-01,2025-02-01,13.0,California,1,0,0,0,S1,Domestic Cash Home Buyers,S1 - Domestic Cash Home Buyers,S1,1,0.2551265368253023,0.6617849723309788,-0.949875815233159,1,1,0,0,9,8,1,36.78,-119.42,USA
C0213,Individual,Male,USA,Florida,Investment,5,No,Agency,49.18822724161533,45-54,3,809691.13,269897.04333333333,297.36484331878984,897.3100000000001,0.3333333333333333,3,2024-05-01,2025-08-01,15.0,Florida,1,0,1,0,S2,Domestic Investors,S2 - Domestic Investors,S2,1,0.11347555559703297,0.3229339509710946,-0.7376340608082754,1,0,0,0,9,14,1,27.66,-81.52,USA
C0214,Individual,Female,Belgium,Brussels,Investment,5,No,Website,79.4551676933607,65+,3,1070534.6400000001,356844.88000000006,312.2859298487304,1179.5233333333333,0.0,3,2024-03-01,2025-10-01,19.0,International,0,0,1,0,S3,International Buyers,S3 - International Buyers,S3,1,0.08155063323153558,0.20651505779208829,1.174138948025804,1,0,0,2,1,7,0,50.85,4.35,BEL
C0215,Individual,Female,Germany,Hamburg,Investment,4,No,Website,26.47501711156742,<35,3,1032856.46,344285.48666666663,313.43921582688296,1110.27,0.0,3,2024-04-01,2024-06-01,2.0,International,0,0,1,0,S3,International Buyers,S3 - International Buyers,S3,1,0.08908031585188925,0.1776097220766159,1.1930552991970562,1,0,0,2,5,16,0,53.55,9.99,DEU
C0216,Individual,Male,USA,Utah,Personal Use,1,No,Website,26.45311430527036,<35,4,1352642.3399999999,338160.58499999996,324.8901348706987,1063.04,0.25,4,2024-03-01,2025-10-01,19.0,Utah,1,0,0,0,S1,Domestic Cash Home Buyers,S1 - Domestic Cash Home Buyers,S1,1,0.2060493297300747,0.6170137502023443,0.3409561922338495,1,1,0,2,9,48,1,39.32,-111.09,USA
C0217,Individual,Female,USA,Colorado,Personal Use,3,No,Website,41.47296372347707,35-44,4,1238434.91,309608.7275,299.77353792160875,1019.1225,0.0,4,2024-02-01,2025-10-01,20.0,Colorado,1,0,0,0,S1,Domestic Cash Home Buyers,S1 - Domestic Cash Home Buyers,S1,1,0.22673194285521184,0.6130301776067888,0.3240713521425965,1,1,0,2,9,11,0,39.55,-105.78,USA
C0218,Individual,Female,USA,California,Personal Use,2,No,Website,55.93429158110883,55-64,3,836639.27,278879.75666666665,303.4179864612462,913.6700000000001,0.3333333333333333,3,2024-05-01,2025-10-01,17.0,California,1,0,0,0,S1,Domestic Cash Home Buyers,S1 - Domestic Cash Home Buyers,S1,1,0.2842714879988911,0.6745590806041895,0.06252611422606158,1,1,0,2,9,8,0,36.78,-119.42,USA
C0219,Individual,Male,USA,California,Personal Use,4,No,Website,37.946611909650926,35-44,4,1267653.57,316913.3925,299.2085446166128,1035.1925,0.25,4,2024-02-01,2025-12-01,22.0,California,1,0,0,0,S1,Domestic Cash Home Buyers,S1 - Domestic Cash Home Buyers,S1,1,0.2877595302687085,0.6708658559282359,0.06384000649361388,1,1,0,2,9,8,1,36.78,-119.42,USA
C0220,Individual,Male,Canada,Ontario,Investment,1,No,Website,74.57084188911705,65+,3,1060812.68,353604.2266666666,318.8090950653109,1101.55,0.0,3,2024-01-01,2025-02-01,13.0,International,0,0,1,0,S3,International Buyers,S3 - International Buyers,S3,1,0.09974100589229463,0.1847641014663159,1.2046296201649127,1,0,0,2,2,36,1,51.25,-85.32,CAN
C0221,Corporate,Female,USA,California,Personal Use,5,No,Website,38.63381245722108,35-44,4,1377133.5999999999,344283.39999999997,299.1399307640693,1186.5225,0.0,4,2024-11-01,2025-10-01,11.0,California,1,0,0,0,S1,Domestic Cash Home Buyers,S1 - Domestic Cash Home Buyers,S1,1,0.17421949889451616,0.6482950102254799,0.05450859775256045,0,1,0,2,9,8,0,36.78,-119.42,USA
C0222,Individual,Male,USA,Utah,Investment,3,No,Agency,69.14442162902122,65+,3,1223560.82,407853.6066666667,269.09477075945733,1517.47,0.0,3,2024-06-01,2025-01-01,7.0,Utah,1,0,1,0,S2,Domestic Investors,S2 - Domestic Investors,S2,1,0.12751501088586906,0.32540608350790995,-0.7448724044806658,1,0,0,0,9,48,1,39.32,-111.09,USA
C0223,Individual,Male,USA,Colorado,Investment,3,Yes,Website,52.134154688569474,45-54,4,969341.87,242335.4675,293.808903778189,837.5225,0.0,4,2024-03-01,2025-07-01,16.0,Colorado,1,0,1,1,S2,Domestic Investors,S2 - Domestic Investors,S2,1,0.07878349972800275,-1.0441959520069963,0.16368525884247187,1,0,1,2,9,11,1,39.55,-105.78,USA
C0224,Individual,Male,USA,Colorado,Personal Use,5,No,Website,65.35523613963039,65+,3,1189255.63,396418.5433333333,297.4295746693706,1330.2166666666667,0.0,3,2024-01-01,2025-09-01,20.0,Colorado,1,0,0,0,S1,Domestic Cash Home Buyers,S1 - Domestic Cash Home Buyers,S1,1,0.21740597359666275,0.6183453380188386,0.3250342683842573,1,1,0,2,9,11,1,39.55,-105.78,USA
C0225,Individual,Female,USA,California,Personal Use,1,Yes,Agency,77.0321697467488,65+,4,1120626.94,280156.735,305.6699243079895,905.7525,0.25,4,2024-01-01,2025-12-01,23.0,California,1,0,0,1,S4,Domestic Financed Home Buyers,S4 - Domestic Financed Home Buyers,S4,1,0.23662755633138996,-0.7110512452396455,-1.0409976836826875,1,1,1,0,9,8,0,36.78,-119.42,USA
C0226,Individual,Female,USA,Colorado,Personal Use,2,No,Website,67.47433264887064,65+,3,1571251.03,523750.3433333333,322.4343855737632,1599.3433333333332,0.0,3,2024-05-01,2025-05-01,12.0,Colorado,1,0,0,0,S1,Domestic Cash Home Buyers,S1 - Domestic Cash Home Buyers,S1,1,0.218354553451034,0.6195967836494931,0.3241165167885476,1,1,0,2,9,11,0,39.55,-105.78,USA
C0227,Individual,Female,USA,Arizona,Personal Use,5,Yes,Website,81.18822724161534,65+,3,942245.37,314081.79,287.15065870245195,1104.51,0.0,3,2024-01-01,2025-10-01,21.0,Arizona,1,0,0,1,S4,Domestic Financed Home Buyers,S4 - Domestic Financed Home Buyers,S4,1,0.20528719214878238,-0.7459080003210001,0.2528379718798975,1,1,1,2,9,1,0,34.05,-111.09,USA
C0228,Individual,Female,USA,Oregon,Investment,4,No,Website,73.6892539356605,65+,3,606605.72,202201.90666666665,322.72861773615426,610.62,0.3333333333333333,3,2024-02-01,2025-05-01,14.9,Oregon,1,0,1,0,S2,Domestic Investors,S2 - Domestic Investors,S2,1,0.1301798664414208,0.322831147588816,0.260572599392756,1,0,0,2,9,37,0,43.8,-120.55,USA
C0229,Individual,Male,USA,Colorado,Investment,5,No,Website,44.114989733059545,35-44,3,892220.13,297406.71,329.20050534502474,900.46,0.0,3,2024-03-01,2025-09-01,18.0,Colorado,1,0,1,0,S2,Domestic Investors,S2 - Domestic Investors,S2,1,0.12640311619429626,0.32795889838537345,0.2535100755043388,1,0,0,2,9,11,1,39.55,-105.78,USA
C0230,Corporate,Male,USA,Nevada,Investment,4,Yes,Website,48.4435318275154,45-54,4,1457429.02,364357.255,327.12444022996823,1104.2925,0.0,4,2024-02-01,2025-08-01,18.0,Nevada,1,0,1,1,S2,Domestic Investors,S2 - Domestic Investors,S1,0,0.06159645914477641,-1.0724768309161503,0.15942037946609955,0,0,1,2,9,25,1,38.8,-116.42,USA
C0231,Individual,Male,Denmark,Central Denmark,Investment,2,Yes,Website,32.035592060232716,<35,3,729893.08,243297.69333333333,287.9124812810531,849.6366666666667,0.0,3,2024-04-01,2025-02-01,10.1,International,0,0,1,1,S3,International Buyers,S3 - International Buyers,S3,1,0.06211515726084614,-1.187135473609798,1.0642396609595344,1,0,1,2,3,10,1,56.26,9.5,DNK
C0232,Individual,Female,USA,California,Personal Use,3,Yes,Website,63.66050650239562,55-64,4,1276710.4900000002,319177.62250000006,309.8752865891376,1036.6525,0.0,4,2024-01-01,2025-05-01,16.0,California,1,0,0,1,S4,Domestic Financed Home Buyers,S4 - Domestic Financed Home Buyers,S4,1,0.29354028873801513,-0.6967936338264316,-0.024251967324137147,1,1,1,2,9,8,0,36.78,-119.42,USA
C0233,Individual,Male,France,Provence,Personal Use,4,Yes,Website,28.306639288158795,<35,4,1105806.54,276451.635,303.5272816217257,914.3125,0.0,4,2024-03-01,2025-03-01,12.0,International,0,0,0,1,S3,International Buyers,S3 - International Buyers,S3,1,0.04948211192457018,-0.9113476654894042,1.175344409570257,1,1,1,2,4,38,1,43.94,6.06,FRA
C0234,Individual,Female,USA,New York,Personal Use,1,Yes,Website,46.83367556468173,45-54,3,839967.04,279989.01333333337,286.4716180486619,973.09,0.0,3,2025-04-01,2025-07-01,3.0,New York,1,0,0,1,S4,Domestic Financed Home Buyers,S4 - Domestic Financed Home Buyers,S4,1,0.20821999763508695,-0.7549910258243853,0.2661307535091611,1,1,1,2,9,27,0,43.0,-75.0,USA
C0235,Individual,Male,USA,California,Personal Use,5,No,Website,76.22450376454483,65+,4,1268586.58,317146.645,290.75770434593915,1092.085,0.0,4,2024-02-01,2025-12-01,22.0,California,1,0,0,0,S1,Domestic Cash Home Buyers,S1 - Domestic Cash Home Buyers,S1,1,0.2719281044423666,0.6803884434630247,0.06264567526319487,1,1,0,2,9,8,1,36.78,-119.42,USA
C0236,Individual,Male,Canada,Manitoba,Personal Use,3,No,Agency,53.39082819986311,45-54,3,1321475.69,440491.89666666667,298.64467080242906,1449.5,0.6666666666666666,3,2024-07-01,2024-12-01,5.0,International,0,0,0,0,S3,International Buyers,S3 - International Buyers,S3,1,0.09731719148012262,0.44631986444140864,0.26340750099855287,1,1,0,0,2,22,1,53.76,-98.81,CAN
C0237,Individual,Male,USA,California,Personal Use,5,Yes,Website,41.158110882956876,35-44,3,1392353.31,464117.77,285.8231565138917,1630.1366666666665,0.0,3,2024-08-01,2025-09-01,13.0,California,1,0,0,1,S4,Domestic Financed Home Buyers,S4 - Domestic Financed Home Buyers,S4,1,0.2575049214478025,-0.7022921364216965,-0.020057470388835874,1,1,1,2,9,8,1,36.78,-119.42,USA
C0238,Individual,Female,USA,Virginia,Personal Use,4,Yes,Agency,43.97809719370294,35-44,3,1125732.72,375244.24,337.9534939142604,1125.17,0.0,3,2024-05-01,2024-11-01,6.0,Virginia,1,0,0,1,S4,Domestic Financed Home Buyers,S4 - Domestic Financed Home Buyers,S4,1,0.192722288404254,-0.7679659155994906,-0.7537789511913588,1,1,1,0,9,50,0,37.43,-78.66,USA
C0239,Individual,Female,USA,Oregon,Personal Use,3,Yes,Website,52.865160848733744,45-54,4,1352763.67,338190.9175,327.39721596279037,1011.5799999999999,0.5,4,2024-09-01,2025-08-01,11.0,Oregon,1,0,0,1,S4,Domestic Financed Home Buyers,S4 - Domestic Financed Home Buyers,S4,1,0.2260092127817677,-0.7707094875449332,0.24614049351280373,1,1,1,2,9,37,0,43.8,-120.55,USA
C0240,Individual,Female,USA,Colorado,Investment,3,No,Website,83.63039014373716,65+,3,935028.28,311676.0933333333,307.7614279012237,1022.67,0.6666666666666666,3,2024-09-01,2025-12-01,15.0,Colorado,1,0,1,0,S2,Domestic Investors,S2 - Domestic Investors,S2,1,0.12214631420761349,0.33609855175984676,0.24789462453555267,1,0,0,2,9,11,0,39.55,-105.78,USA
C0241,Individual,Female,Mexico,Nuevo Leon,Personal Use,5,Yes,Website,63.96167008898015,55-64,3,1025934.71,341978.23666666663,317.38666230627405,1110.27,0.0,3,2024-03-01,2024-12-01,9.0,International,0,0,0,1,S3,International Buyers,S3 - International Buyers,S3,1,0.03952684600308308,-0.8988724554828504,1.1529930065326137,1,1,1,2,6,33,0,25.59,-99.99,MEX
C0242,Individual,Male,USA,Utah,Personal Use,3,Yes,Agency,27.794661190965094,<35,4,1358315.73,339578.9325,293.4441082677422,1191.1025,0.25,4,2024-02-01,2025-07-01,17.0,Utah,1,0,0,1,S4,Domestic Financed Home Buyers,S4 - Domestic Financed Home Buyers,S4,1,0.20076322170369099,-0.7742757793200392,-0.75907990735313,1,1,1,0,9,48,1,39.32,-111.09,USA
C0243,Individual,Female,USA,Utah,Personal Use,2,No,Website,47.474332648870636,45-54,4,1382777.8900000001,345694.47250000003,274.1414099948916,1286.2725,0.0,4,2024-02-01,2025-07-01,17.0,Utah,1,0,0,0,S1,Domestic Cash Home Buyers,S1 - Domestic Cash Home Buyers,S1,1,0.22416200938467976,0.6224772467692159,0.34091765795991474,1,1,0,2,9,48,0,39.32,-111.09,USA
C0244,Individual,Female,USA,California,Personal Use,1,No,Website,27.411362080766597,<35,3,1046652.28,348884.0933333333,311.487503124139,1095.0333333333335,0.6666666666666666,3,2025-05-01,2025-08-01,3.0,California,1,0,0,0,S1,Domestic Cash Home Buyers,S1 - Domestic Cash Home Buyers,S1,1,0.23875639777033503,0.6674675070939529,0.06320358342015375,1,1,0,2,9,8,0,36.78,-119.42,USA
C0245,Individual,Male,USA,Nevada,Investment,4,No,Agency,51.98083504449008,45-54,3,1354584.5,451528.1666666667,309.6360394503248,1439.256666666667,0.0,3,2024-03-01,2025-12-01,21.0,Nevada,1,0,1,0,S2,Domestic Investors,S2 - Domestic Investors,S2,1,0.13229640677247745,0.3090589007141504,-0.7555564609933714,1,0,0,0,9,25,1,38.8,-116.42,USA
C0246,Individual,Male,France,Normandy,Personal Use,1,Yes,Agency,33.6290212183436,<35,3,1024485.26,341495.08666666667,305.8630203094845,1117.9399999999998,0.3333333333333333,3,2025-03-01,2025-07-01,4.0,International,0,0,0,1,S3,International Buyers,S3 - International Buyers,S3,1,0.0360868324904351,-0.9275521764145318,0.16023511223590925,1,1,1,0,4,28,1,49.18,-0.37,FRA
C0247,Individual,Male,USA,California,Personal Use,1,No,Website,60.95003422313484,55-64,4,1696540.52,424135.13,288.05190518157985,1458.93,0.0,4,2024-12-01,2025-07-01,7.0,California,1,0,0,0,S1,Domestic Cash Home Buyers,S1 - Domestic Cash Home Buyers,S1,1,0.26885517311681956,0.6776569500969278,0.06245039294960497,1,1,0,2,9,8,1,36.78,-119.42,USA
C0248,Individual,Male,USA,Florida,Personal Use,4,Yes,Agency,57.059548254620125,55-64,3,1035934.63,345311.54333333333,283.0289017413887,1224.68,0.3333333333333333,3,2024-02-01,2024-09-01,7.0,Florida,1,0,0,1,S4,Domestic Financed Home Buyers,S4 - Domestic Financed Home Buyers,S4,1,0.19499606389712815,-0.764239199135003,-0.7526140092817497,1,1,1,0,9,14,1,27.66,-81.52,USA
C0249,Individual,Female,USA,California,Investment,4,No,Agency,57.07049965776865,55-64,4,1142995.52,285748.88,284.6956561547511,1027.3249999999998,0.0,4,2024-06-01,2025-02-01,8.0,California,1,0,1,0,S2,Domestic Investors,S2 - Domestic Investors,S2,1,0.15407917385031766,0.373957073982861,-1.0230499599409535,1,0,0,0,9,8,0,36.78,-119.42,USA
C0250,Individual,Male,UK,England,Personal Use,2,No,Agency,78.20123203285421,65+,3,982306.66,327435.55333333334,301.4583980883542,1076.69,0.0,3,2024-01-01,2025-01-01,12.0,International,0,0,0,0,S3,International Buyers,S3 - International Buyers,S3,1,0.10056823933655346,0.45398069957985926,0.2977566106128668,1,1,0,0,8,12,1,52.36,-1.17,GBR
C0251,Individual,Female,USA,Utah,Personal Use,5,No,Website,49.38809034907597,45-54,3,463611.95,154537.31666666668,271.75428137281943,564.01,0.0,3,2024-07-01,2025-06-01,11.0,Utah,1,0,0,0,S1,Domestic Cash Home Buyers,S1 - Domestic Cash Home Buyers,S1,1,0.19975545837037204,0.6210095137036862,0.3418515628169723,1,1,0,2,9,48,0,39.32,-111.09,USA
C0252,Individual,Female,USA,Nevada,Investment,2,No,Website,72.35592060232717,65+,3,1082221.48,360740.49333333335,301.07196655906836,1209.64,0.3333333333333333,3,2024-01-01,2025-09-01,20.0,Nevada,1,0,1,0,S2,Domestic Investors,S2 - Domestic Investors,S2,1,0.135142352294537,0.3299670467486439,0.25466479276606613,1,0,0,2,9,25,0,38.8,-116.42,USA
C0253,Individual,Female,USA,Virginia,Personal Use,4,No,Website,31.293634496919918,<35,4,1239226.11,309806.5275,292.8363606555335,1052.8325,0.0,4,2024-02-01,2024-05-01,3.0,Virginia,1,0,0,0,S1,Domestic Cash Home Buyers,S1 - Domestic Cash Home Buyers,S1,1,0.2218695947737896,0.6205769981231894,0.34629200001804067,1,1,0,2,9,50,0,37.43,-78.66,USA
C0254,Individual,Female,USA,Florida,Personal Use,5,No,Website,69.44558521560575,65+,4,1332152.57,333038.1425,306.04013287799427,1096.3725,0.0,4,2024-04-01,2025-09-01,17.0,Florida,1,0,0,0,S1,Domestic Cash Home Buyers,S1 - Domestic Cash Home Buyers,S1,1,0.21962395718216074,0.6311025226350921,0.34768016118583855,1,1,0,2,9,14,0,27.66,-81.52,USA
C0255,Individual,Female,UK,England,Investment,3,Yes,Client,64.89253935660507,55-64,4,1689083.06,422270.765,333.94282600869735,1253.3075,0.0,4,2024-01-01,2025-05-01,16.0,International,0,0,1,1,S3,International Buyers,S3 - International Buyers,S3,1,0.07555219628494908,-1.2116138625471111,0.596582478861105,1,0,1,1,8,12,0,52.36,-1.17,GBR
C0256,Individual,Male,USA,California,Personal Use,1,Yes,Website,35.058179329226554,35-44,3,1150229.15,383409.7166666666,297.5918243883253,1281.3166666666666,0.0,3,2024-10-01,2025-12-01,14.0,California,1,0,0,1,S4,Domestic Financed Home Buyers,S4 - Domestic Financed Home Buyers,S4,1,0.25938336350056046,-0.7035167903848449,-0.02170668973208334,1,1,1,2,9,8,1,36.78,-119.42,USA
C0257,Individual,Male,USA,California,Personal Use,1,No,Website,51.19233401779603,45-54,3,1145456.23,381818.74333333335,296.4675060531569,1277.84,0.3333333333333333,3,2024-02-01,2025-05-01,14.9,California,1,0,0,0,S1,Domestic Cash Home Buyers,S1 - Domestic Cash Home Buyers,S1,1,0.268315738957363,0.6739917472933434,0.06296806237185382,1,1,0,2,9,8,1,36.78,-119.42,USA
C0258,Individual,Male,UK,Northern Ireland,Personal Use,4,Yes,Agency,34.71321013004791,<35,3,1001712.37,333904.12333333335,286.50725864702446,1173.1833333333334,0.0,3,2024-08-01,2025-05-01,9.0,International,0,0,0,1,S3,International Buyers,S3 - International Buyers,S3,1,0.05696057826525569,-0.9309949143710481,0.21458899279923394,1,1,1,0,8,31,1,54.79,-6.49,GBR
C0259,Individual,Female,USA,Oregon,Personal Use,4,No,Website,35.87405886379192,35-44,3,779396.4099999999,259798.80333333332,314.0826730772205,842.68,0.0,3,2024-02-01,2024-11-01,9.0,Oregon,1,0,0,0,S1,Domestic Cash Home Buyers,S1 - Domestic Cash Home Buyers,S1,1,0.21279609842345104,0.5999399088059068,0.33700041319945295,1,1,0,2,9,37,0,43.8,-120.55,USA
C0260,Individual,Female,USA,Nevada,Investment,3,No,Website,79.40862422997947,65+,4,1057192.79,264298.1975,320.03004657551685,820.9225,0.5,4,2024-09-01,2025-10-01,13.0,Nevada,1,0,1,0,S2,Domestic Investors,S2 - Domestic Investors,S2,1,0.13193241169602496,0.3311464559824992,0.25228963980984986,1,0,0,2,9,25,0,38.8,-116.42,USA
C0261,Corporate,Female,USA,Florida,Investment,4,Yes,Website,40.63518138261465,35-44,4,2094623.1,523655.775,316.7296997323388,1676.3825,0.25,4,2024-08-01,2025-10-01,14.0,Florida,1,0,1,1,S2,Domestic Investors,S2 - Domestic Investors,S1,0,0.054194669742852655,-1.058263174203281,0.1790933794977285,0,0,1,2,9,14,0,27.66,-81.52,USA
C0262,Individual,Male,USA,Oregon,Personal Use,2,No,Website,78.60369609856262,65+,3,1233260.4,411086.8,300.87189053286824,1359.24,0.0,3,2024-11-01,2025-06-01,7.0,Oregon,1,0,0,0,S1,Domestic Cash Home Buyers,S1 - Domestic Cash Home Buyers,S1,1,0.21128375153262,0.6109415019839084,0.3341998508431695,1,1,0,2,9,37,1,43.8,-120.55,USA
C0263,Individual,Male,USA,Nevada,Investment,2,Yes,Website,44.41341546885695,35-44,3,969140.41,323046.80333333334,314.78205483488614,1016.7633333333333,0.0,3,2025-01-01,2025-11-01,10.0,Nevada,1,0,1,1,S2,Domestic Investors,S2 - Domestic Investors,S2,1,0.08507093485220334,-1.0504977425142148,0.1705505498746715,1,0,1,2,9,25,1,38.8,-116.42,USA
C0264,Individual,Female,USA,Colorado,Personal Use,2,Yes,Agency,33.30047912388775,<35,4,1127766.02,281941.505,289.35414120737903,972.245,0.25,4,2024-01-01,2025-03-01,14.0,Colorado,1,0,0,1,S4,Domestic Financed Home Buyers,S4 - Domestic Financed Home Buyers,S4,1,0.20717761698337045,-0.7808588410293607,-0.777658495062769,1,1,1,0,9,11,0,39.55,-105.78,USA
C0265,Corporate,Male,Belgium,Flanders,Personal Use,1,No,Website,58.718685831622174,55-64,4,1708031.99,427007.9975,319.3013273174175,1293.0725,0.25,4,2024-05-01,2025-11-01,18.0,International,0,0,0,0,S3,International Buyers,S3 - International Buyers,S1,0,0.0653297434434462,0.46386002834378853,1.2336927220579408,0,1,0,2,1,13,1,51.05,4.48,BEL
C0266,Individual,Male,USA,California,Personal Use,5,Yes,Agency,48.84325804243669,45-54,3,931646.38,310548.79333333333,290.38148593016064,1078.7866666666666,0.3333333333333333,3,2024-02-01,2025-04-01,14.0,California,1,0,0,1,S4,Domestic Financed Home Buyers,S4 - Domestic Financed Home Buyers,S4,1,0.23581597388755388,-0.718706512196685,-1.036353436151627,1,1,1,0,9,8,1,36.78,-119.42,USA
C0267,Individual,Female,USA,Utah,Personal Use,4,Yes,Agency,77.13347022587268,65+,4,1314495.01,328623.7525,303.9894746358153,1096.12,0.0,4,2024-04-01,2025-11-01,19.0,Utah,1,0,0,1,S4,Domestic Financed Home Buyers,S4 - Domestic Financed Home Buyers,S4,1,0.20137393860905328,-0.7621789741628044,-0.7610505351925341,1,1,1,0,9,48,0,39.32,-111.09,USA
C0268,Individual,Female,USA,Georgia,Investment,3,No,Website,66.85831622176592,65+,4,1108939.8599999999,277234.96499999997,306.31816887990306,900.39,0.25,4,2024-02-01,2024-11-01,9.0,US - Other,1,0,1,0,S2,Domestic Investors,S2 - Domestic Investors,S2,1,0.12635956429559597,0.3368648471514722,0.2697936121354644,1,0,0,2,9,15,0,32.16,-82.9,USA
C0269,Individual,Male,USA,New York,Personal Use,2,No,Agency,56.903490759753595,55-64,3,1049110.08,349703.36000000004,323.74149676000314,1076.69,0.3333333333333333,3,2024-09-01,2025-12-01,15.0,New York,1,0,0,0,S1,Domestic Cash Home Buyers,S1 - Domestic Cash Home Buyers,S1,1,0.20316235610134403,0.6043590118210524,-0.6619088726833258,1,1,0,0,9,27,1,43.0,-75.0,USA
C0270,Individual,Female,USA,Florida,Personal Use,5,No,Website,81.44558521560575,65+,3,924009.9,308003.3,313.1614096224352,983.4266666666667,0.3333333333333333,3,2024-11-01,2025-08-01,9.0,Florida,1,0,0,0,S1,Domestic Cash Home Buyers,S1 - Domestic Cash Home Buyers,S1,1,0.21363826921670115,0.6326296314436575,0.3468366030212078,1,1,0,2,9,14,0,27.66,-81.52,USA
C0271,Individual,Female,USA,California,Investment,3,No,Agency,53.67556468172484,45-54,4,1295689.37,323922.3425,309.22116803694684,1024.3375,0.5,4,2024-04-01,2025-12-01,20.0,California,1,0,1,0,S2,Domestic Investors,S2 - Domestic Investors,S2,1,0.1542670275376088,0.3723000516847837,-1.0247479869835006,1,0,0,0,9,8,0,36.78,-119.42,USA
C0272,Individual,Female,UK,Scotland,Personal Use,5,Yes,Website,32.41067761806981,<35,4,1439584.37,359896.0925,293.45704204943775,1248.58,0.0,4,2024-01-01,2025-07-01,18.0,International,0,0,0,1,S3,International Buyers,S3 - International Buyers,S3,1,0.07059847315232107,-0.9142011322226014,1.2280179211900941,1,1,1,2,8,43,0,56.49,-4.2,GBR
C0273,Individual,Male,Denmark,Zealand,Investment,2,No,Website,38.841889117043124,35-44,3,682452.64,227484.21333333335,283.1584133310674,801.46,0.0,3,2024-02-01,2025-07-01,17.0,International,0,0,1,0,S3,International Buyers,S3 - International Buyers,S3,1,0.07099479724631431,0.1888407707026079,1.1505500018960344,1,0,0,2,3,56,1,55.45,11.79,DNK
C0274,Individual,Male,USA,Florida,Personal Use,2,No,Website,75.24982888432581,65+,3,1343449.34,447816.4466666667,297.8912333792844,1467.89,0.0,3,2024-01-01,2024-07-01,6.0,Florida,1,0,0,0,S1,Domestic Cash Home Buyers,S1 - Domestic Cash Home Buyers,S1,1,0.22035042381519915,0.632808587944877,0.34777216787246745,1,1,0,2,9,14,1,27.66,-81.52,USA
C0275,Individual,Male,USA,Oregon,Personal Use,1,Yes,Website,25.51403148528405,<35,4,1237500.3,309375.075,273.3703332382304,1177.3375,0.25,4,2024-06-01,2025-12-01,18.0,Oregon,1,0,0,1,S4,Domestic Financed Home Buyers,S4 - Domestic Financed Home Buyers,S4,1,0.21309863130634235,-0.7764967220592744,0.24775942433929285,1,1,1,2,9,37,1,43.8,-120.55,USA
C0276,Individual,Female,USA,Washington,Personal Use,5,No,Website,72.870636550308,65+,3,1011195.98,337065.32666666666,293.4555743132912,1164.9766666666667,0.0,3,2024-01-01,2025-02-01,13.0,Washington,1,0,0,0,S1,Domestic Cash Home Buyers,S1 - Domestic Cash Home Buyers,S1,1,0.21762732609668045,0.6213770177718787,0.3477357100581626,1,1,0,2,9,53,0,47.75,-120.74,USA
C0277,Individual,Male,USA,Colorado,Investment,1,Yes,Agency,71.1211498973306,65+,3,1123449.53,374483.1766666667,288.65037752664716,1286.4266666666667,0.0,3,2024-09-01,2025-12-01,15.0,Colorado,1,0,1,1,S2,Domestic Investors,S2 - Domestic Investors,S2,1,0.06852754471851635,-1.0562092110189953,-0.8503397915151805,1,0,1,0,9,11,1,39.55,-105.78,USA
C0278,Individual,Female,USA,California,Investment,2,Yes,Website,70.41204654346338,65+,3,1442538.67,480846.2233333333,283.2922552063447,1685.2766666666666,0.0,3,2024-05-01,2024-11-01,6.0,California,1,0,1,1,S2,Domestic Investors,S2 - Domestic Investors,S2,1,0.09325649171963196,-0.9799045221353642,-0.09555393514345517,1,0,1,2,9,8,0,36.78,-119.42,USA
C0279,Individual,Female,USA,Oregon,Personal Use,1,No,Website,58.63107460643395,55-64,3,1012986.25,337662.0833333333,294.2512669578751,1170.3533333333332,0.0,3,2024-02-01,2024-04-01,2.0,Oregon,1,0,0,0,S1,Domestic Cash Home Buyers,S1 - Domestic Cash Home Buyers,S1,1,0.2071645310439543,0.6060583270233841,0.3347165776658627,1,1,0,2,9,37,0,43.8,-120.55,USA
C0280,Individual,Male,USA,Florida,Personal Use,4,No,Client,81.7138945927447,65+,4,1282020.93,320505.2325,276.88053764306045,1154.2525,0.25,4,2024-01-01,2025-04-01,15.0,Florida,1,0,0,0,S1,Domestic Cash Home Buyers,S1 - Domestic Cash Home Buyers,S1,1,0.1777469684691567,0.6128875141082126,-0.21084452641449536,1,1,0,1,9,14,1,27.66,-81.52,USA
C0281,Individual,Female,USA,California,Personal Use,1,Yes,Agency,48.77754962354552,45-54,3,1256275.37,418758.4566666667,302.32210907995153,1388.4566666666667,0.3333333333333333,3,2024-08-01,2025-12-01,16.0,California,1,0,0,1,S4,Domestic Financed Home Buyers,S4 - Domestic Financed Home Buyers,S4,1,0.2366549288837598,-0.7178231944635006,-1.0375191043775778,1,1,1,0,9,8,0,36.78,-119.42,USA
C0282,Individual,Female,USA,California,Investment,1,No,Website,28.202600958247775,<35,4,973863.8,243465.95,284.9097688586684,858.9825,0.25,4,2024-01-01,2025-07-01,18.0,California,1,0,1,0,S2,Domestic Investors,S2 - Domestic Investors,S2,1,0.151173435167015,0.3835998000419351,-0.009664088123647385,1,0,0,2,9,8,0,36.78,-119.42,USA
C0283,Individual,Female,USA,Arizona,Personal Use,2,Yes,Agency,63.63860369609856,55-64,4,1118599.47,279649.8675,305.08878288778067,922.54,0.25,4,2024-01-01,2025-07-01,18.0,Arizona,1,0,0,1,S4,Domestic Financed Home Buyers,S4 - Domestic Financed Home Buyers,S4,1,0.2027046532811492,-0.766907842133429,-0.7635222929824408,1,1,1,0,9,1,0,34.05,-111.09,USA
C0284,Individual,Male,USA,Arizona,Personal Use,4,No,Client,48.84599589322382,45-54,4,1251975.85,312993.9625,314.92437742589595,994.0725,0.0,4,2024-08-01,2025-04-01,8.0,Arizona,1,0,0,0,S1,Domestic Cash Home Buyers,S1 - Domestic Cash Home Buyers,S1,1,0.1812428393862296,0.6008291048892112,-0.2162228588741748,1,1,0,1,9,1,1,34.05,-111.09,USA
C0285,Individual,Male,France,Ile-de-France,Investment,3,No,Website,26.8145106091718,<35,4,1679056.13,419764.0325,293.6771392385392,1423.1725,0.0,4,2024-07-01,2025-08-01,13.0,International,0,0,1,0,S3,International Buyers,S3 - International Buyers,S3,1,0.08775037765455367,0.17849868513345918,1.1902445007846076,1,0,0,2,4,18,1,48.85,2.35,FRA
C0286,Individual,Male,UK,Scotland,Personal Use,1,No,Agency,29.77138945927447,<35,3,859353.0900000001,286451.03,288.8264568471256,988.6033333333334,0.0,3,2024-09-01,2025-08-01,11.0,International,0,0,0,0,S3,International Buyers,S3 - International Buyers,S3,1,0.10018538752611315,0.4424424958695223,0.30022912258759965,1,1,0,0,8,43,1,56.49,-4.2,GBR
C0287,Individual,Female,Australia,New South Wales,Personal Use,5,No,Website,35.559206023271734,35-44,3,1171265.03,390421.6766666667,321.88720803401526,1205.9633333333334,0.3333333333333333,3,2024-09-01,2025-08-01,11.0,International,0,0,0,0,S3,International Buyers,S3 - International Buyers,S3,1,0.09106242643900088,0.477610559865765,1.2415570883658258,1,1,0,2,0,26,0,-31.25,146.92,AUS
C0288,Individual,Male,USA,Colorado,Investment,4,No,Agency,28.15879534565366,<35,4,1364289.23,341072.3075,287.0360447319884,1198.3725,0.0,4,2024-02-01,2025-06-01,16.0,Colorado,1,0,1,0,S2,Domestic Investors,S2 - Domestic Investors,S2,1,0.13007596639208419,0.3080182033644206,-0.7607920798603434,1,0,0,0,9,11,1,39.55,-105.78,USA
C0289,Individual,Female,USA,California,Investment,5,No,Agency,32.54757015742642,<35,4,1533862.35,383465.5875,322.225734907122,1200.2725,0.25,4,2024-01-01,2025-09-01,20.0,California,1,0,1,0,S2,Domestic Investors,S2 - Domestic Investors,S2,1,0.14364456687100105,0.3678590898972888,-1.0213686652913216,1,0,0,0,9,8,0,36.78,-119.42,USA
C0290,Individual,Male,USA,California,Personal Use,2,No,Website,63.997262149212865,55-64,3,1215398.18,405132.7266666666,294.6227326225505,1337.1733333333334,0.3333333333333333,3,2024-01-01,2025-05-01,16.0,California,1,0,0,0,S1,Domestic Cash Home Buyers,S1 - Domestic Cash Home Buyers,S1,1,0.28432230864860375,0.6769863703809809,0.06267025790822978,1,1,0,2,9,8,1,36.78,-119.42,USA
C0291,Individual,Male,USA,Nevada,Personal Use,2,No,Agency,72.48733744010951,65+,3,1322506.76,440835.58666666667,283.8696129801324,1523.6933333333334,0.0,3,2024-02-01,2025-12-01,22.0,Nevada,1,0,0,0,S1,Domestic Cash Home Buyers,S1 - Domestic Cash Home Buyers,S1,1,0.2048523793409069,0.5990830268493441,-0.685392051317687,1,1,0,0,9,25,1,38.8,-116.42,USA
C0292,Individual,Female,USA,California,Personal Use,1,No,Agency,80.07939767282683,65+,4,1442818.3399999999,360704.58499999996,332.09382962711913,1084.0625,0.0,4,2024-06-01,2025-07-01,13.0,California,1,0,0,0,S1,Domestic Cash Home Buyers,S1 - Domestic Cash Home Buyers,S1,1,0.2352821817794617,0.6650509936853699,-0.9530150223108296,1,1,0,0,9,8,0,36.78,-119.42,USA
C0293,Individual,Female,USA,California,Investment,4,No,Website,32.50102669404517,<35,4,1580876.65,395219.1625,305.79990656437246,1299.3274999999999,0.0,4,2024-03-01,2025-08-01,17.0,California,1,0,1,0,S2,Domestic Investors,S2 - Domestic Investors,S2,1,0.1593077777315133,0.38549884332368395,-0.006942469971265464,1,0,0,2,9,8,0,36.78,-119.42,USA
C0294,Individual,Male,USA,Nevada,Personal Use,3,Yes,Website,62.458590006844624,55-64,4,1027250.91,256812.7275,305.5148768465298,825.1324999999999,0.25,4,2024-01-01,2025-02-01,13.0,Nevada,1,0,0,1,S4,Domestic Financed Home Buyers,S4 - Domestic Financed Home Buyers,S4,1,0.23110722313706575,-0.7618359312895796,0.2397102534465001,1,1,1,2,9,25,1,38.8,-116.42,USA
C0295,Individual,Male,Russia,Tatarstan,Personal Use,3,No,Agency,58.31622176591376,55-64,3,1350375.73,450125.24333333335,314.7560653893399,1413.8666666666668,0.0,3,2024-11-01,2025-06-01,7.0,International,0,0,0,0,S3,International Buyers,S3 - International Buyers,S3,1,0.0773891317469238,0.46438337463382845,0.22733711139216295,1,1,0,0,7,46,1,55.18,50.73,RUS
C0296,Individual,Male,Canada,Manitoba,Personal Use,1,Yes,Client,41.73579739904175,35-44,3,1142875.46,380958.48666666663,307.38736313580745,1238.0233333333333,0.0,3,2024-02-01,2025-08-01,18.0,International,0,0,0,1,S3,International Buyers,S3 - International Buyers,S3,1,0.043962100690735875,-0.9330288191051621,0.6360277092643838,1,1,1,1,2,22,1,53.76,-98.81,CAN
C0297,Individual,Female,UK,Wales,Investment,5,No,Agency,53.11430527036276,45-54,4,1709184.75,427296.1875,305.6113981399422,1422.9925,0.0,4,2024-03-01,2024-08-01,5.0,International,0,0,1,0,S3,International Buyers,S3 - International Buyers,S3,1,0.0850094947395232,0.16352822851244703,0.2275299233838513,1,0,0,0,8,51,0,52.13,-3.78,GBR
C0298,Individual,Female,USA,Oregon,Personal Use,3,No,Website,53.138945927446954,45-54,4,1262479.23,315619.8075,294.6537940165552,1069.63,0.25,4,2024-03-01,2025-12-01,21.0,Oregon,1,0,0,0,S1,Domestic Cash Home Buyers,S1 - Domestic Cash Home Buyers,S1,1,0.22228106832580358,0.6042901971435264,0.3337285617507705,1,1,0,2,9,37,0,43.8,-120.55,USA
C0299,Individual,Female,UK,Wales,Personal Use,5,No,Agency,48.662559890485966,45-54,4,1177661.76,294415.44,304.64949979748445,948.7574999999999,0.0,4,2024-01-01,2025-02-01,13.0,International,0,0,0,0,S3,International Buyers,S3 - International Buyers,S3,1,0.09982821014400252,0.44691408428588925,0.299540741868117,1,1,0,0,8,51,0,52.13,-3.78,GBR
C0300,Individual,Male,Canada,Alberta,Personal Use,5,Yes,Website,66.72416153319644,65+,3,844956.55,281652.18333333335,322.1718424492012,877.9633333333333,0.0,3,2024-08-01,2025-08-01,12.0,International,0,0,0,1,S3,International Buyers,S3 - International Buyers,S3,1,0.05999763042809872,-0.9073954150215917,1.191951349546063,1,1,1,2,2,0,1,53.93,-116.58,CAN
C0301,Individual,Female,USA,Virginia,Personal Use,4,No,Agency,66.83367556468173,65+,3,1045776.52,348592.17333333334,276.5469053215637,1286.4266666666667,0.0,3,2024-06-01,2024-11-01,5.0,Virginia,1,0,0,0,S1,Domestic Cash Home Buyers,S1 - Domestic Cash Home Buyers,S1,1,0.20906651513127197,0.6118038840346489,-0.6685197356245636,1,1,0,0,9,50,0,37.43,-78.66,USA
C0302,Individual,Female,USA,Utah,Investment,1,No,Agency,49.43463381245722,45-54,4,1654300.33,413575.0825,318.4358739570472,1239.145,0.5,4,2024-07-01,2025-11-01,16.0,Utah,1,0,1,0,S2,Domestic Investors,S2 - Domestic Investors,S2,1,0.12135087045463738,0.3202934233442573,-0.7473554972837926,1,0,0,0,9,48,0,39.32,-111.09,USA
C0303,Individual,Female,USA,Virginia,Investment,5,Yes,Website,68.47638603696099,65+,4,1519113.12,379778.28,313.2694872844787,1242.0825,0.25,4,2024-10-01,2025-03-01,5.0,Virginia,1,0,1,1,S2,Domestic Investors,S2 - Domestic Investors,S2,1,0.07906837967436894,-1.0304394246300843,0.1845565290972097,1,0,1,2,9,50,0,37.43,-78.66,USA
C0304,Individual,Male,USA,California,Investment,1,No,Agency,66.02600958247776,65+,4,1685753.28,421438.32,306.62799703926584,1333.5625,0.0,4,2024-08-01,2025-11-01,15.0,California,1,0,1,0,S2,Domestic Investors,S2 - Domestic Investors,S2,1,0.1443507779795832,0.3769805487041534,-1.0242142054761703,1,0,0,0,9,8,1,36.78,-119.42,USA
C0305,Individual,Female,USA,Arizona,Personal Use,1,No,Website,30.10814510609172,<35,3,1327736.23,442578.74333333335,295.9988305209763,1493.243333333333,0.3333333333333333,3,2024-12-01,2025-06-01,6.0,Arizona,1,0,0,0,S1,Domestic Cash Home Buyers,S1 - Domestic Cash Home Buyers,S1,1,0.20720171030189788,0.6166412252060975,0.34078251334349774,1,1,0,2,9,1,0,34.05,-111.09,USA
C0306,Individual,Male,USA,California,Personal Use,1,No,Client,37.738535249828885,35-44,4,1399698.79,349924.6975,326.9407713397631,1075.5049999999999,0.25,4,2024-03-01,2025-11-01,20.0,California,1,0,0,0,S1,Domestic Cash Home Buyers,S1 - Domestic Cash Home Buyers,S1,1,0.20004350364125215,0.6507013985923713,-0.4936250397823811,1,1,0,1,9,8,1,36.78,-119.42,USA
C0307,Individual,Male,USA,California,Personal Use,5,Yes,Client,33.215605749486656,<35,4,1490170.3800000001,372542.59500000003,316.87830979740284,1167.105,0.25,4,2024-03-01,2025-08-01,17.0,California,1,0,0,1,S4,Domestic Financed Home Buyers,S4 - Domestic Financed Home Buyers,S1,0,0.20225529787587573,-0.7252252207317907,-0.578388016981128,1,1,1,1,9,8,1,36.78,-119.42,USA
C0308,Individual,Female,Belgium,Flanders,Investment,4,Yes,Agency,53.223819301848046,45-54,3,1176582.54,392194.18,288.303659067273,1343.8166666666666,0.0,3,2024-04-01,2025-12-01,20.0,International,0,0,1,1,S3,International Buyers,S3 - International Buyers,S3,1,0.06149976204237881,-1.190818498446855,0.07477238612795395,1,0,1,0,1,13,0,51.05,4.48,BEL
C0309,Individual,Female,USA,Washington,Personal Use,4,No,Agency,68.21081451060917,65+,3,1382649.58,460883.19333333336,326.74190547944283,1412.2166666666665,0.3333333333333333,3,2024-02-01,2025-09-01,19.0,Washington,1,0,0,0,S1,Domestic Cash Home Buyers,S1 - Domestic Cash Home Buyers,S1,1,0.2016570526605703,0.6031483690880373,-0.6669111109447665,1,1,0,0,9,53,0,47.75,-120.74,USA
C0310,Individual,Male,UK,Northern Ireland,Personal Use,3,No,Website,33.66461327857632,<35,3,1389329.62,463109.87333333335,296.1843667526323,1565.3233333333335,0.0,3,2024-05-01,2025-05-01,12.0,International,0,0,0,0,S3,International Buyers,S3 - International Buyers,S3,1,0.1275734438118528,0.4607013835286799,1.3156231916148244,1,1,0,2,8,31,1,54.79,-6.49,GBR
C0311,Individual,Male,USA,Georgia,Personal Use,2,No,Website,73.81245722108144,65+,4,1632999.56,408249.89,308.61102952310074,1312.8225,0.25,4,2024-02-01,2025-08-01,18.0,US - Other,1,0,0,0,S1,Domestic Cash Home Buyers,S1 - Domestic Cash Home Buyers,S1,1,0.21973802368786122,0.624125718954142,0.34199514154353927,1,1,0,2,9,15,1,32.16,-82.9,USA
C0312,Individual,Male,USA,Nevada,Personal Use,3,Yes,Website,84.96098562628337,65+,4,1105668.66,276417.165,286.1856970509979,962.3199999999999,0.0,4,2024-05-01,2025-05-01,12.0,Nevada,1,0,0,1,S4,Domestic Financed Home Buyers,S4 - Domestic Financed Home Buyers,S4,1,0.22397192180460684,-0.7558289104193654,0.23924187849242018,1,1,1,2,9,25,1,38.8,-116.42,USA
C0313,Corporate,Male,USA,California,Personal Use,1,No,Agency,51.72073921971253,45-54,3,1091085.9300000002,363695.31000000006,304.92115668437685,1190.3133333333333,0.3333333333333333,3,2024-08-01,2025-01-01,5.0,California,1,0,0,0,S1,Domestic Cash Home Buyers,S1 - Domestic Cash Home Buyers,S1,1,0.16049160463540277,0.6338348190219767,-0.961808686381193,0,1,0,0,9,8,1,36.78,-119.42,USA
C0314,Individual,Male,USA,Washington,Investment,4,No,Agency,43.356605065023956,35-44,3,1040795.02,346931.67333333334,307.5866428042063,1138.4233333333334,0.3333333333333333,3,2024-07-01,2024-12-01,5.0,Washington,1,0,1,0,S2,Domestic Investors,S2 - Domestic Investors,S2,1,0.12366796963862546,0.31191032524041246,-0.7381952280855821,1,0,0,0,9,53,1,47.75,-120.74,USA
C0315,Individual,Male,Mexico,Baja California,Investment,5,No,Website,38.789869952087614,35-44,4,1178606.56,294651.64,303.08581200721073,979.6775,0.25,4,2024-07-01,2025-10-01,15.0,International,0,0,1,0,S3,International Buyers,S3 - International Buyers,S3,1,0.08070178990277858,0.18432698249972473,1.1667666293958288,1,0,0,2,6,2,1,30.84,-115.28,MEX
C0316,Individual,Male,UK,Scotland,Investment,4,Yes,Website,28.71457905544148,<35,4,1792447.27,448111.8175,334.2632578322125,1338.8999999999999,0.25,4,2024-01-01,2025-08-01,19.0,International,0,0,1,1,S3,International Buyers,S3 - International Buyers,S3,1,0.09386589781527287,-1.2001820878431855,1.1549775969224578,1,0,1,2,8,43,1,56.49,-4.2,GBR
C0317,Individual,Female,USA,California,Investment,2,Yes,Website,26.12183436002738,<35,3,1248444.31,416148.10333333333,285.7972404273491,1451.2533333333333,0.0,3,2024-02-01,2025-02-01,12.0,California,1,0,1,1,S2,Domestic Investors,S2 - Domestic Investors,S2,1,0.09685690161854672,-0.9905981210833772,-0.0929429505910821,1,0,1,2,9,8,0,36.78,-119.42,USA
C0318,Individual,Female,Germany,Berlin,Personal Use,5,No,Website,51.7782340862423,45-54,3,871968.67,290656.2233333333,316.1814473112375,927.6066666666666,0.0,3,2024-06-01,2024-10-01,4.0,International,0,0,0,0,S3,International Buyers,S3 - International Buyers,S3,1,0.1010670860245626,0.46820531067392607,1.2639271626512094,1,1,0,2,5,4,0,52.52,13.4,DEU
C0319,Corporate,Female,USA,Texas,Personal Use,5,Yes,Website,30.135523613963038,<35,4,2061054.65,515263.6625,296.4407038672879,1726.0575,0.25,4,2024-04-01,2025-12-01,20.0,Texas,1,0,0,1,S4,Domestic Financed Home Buyers,S4 - Domestic Financed Home Buyers,S1,0,0.14324315775665208,-0.7766628746475996,0.253429263161451,0,1,1,2,9,47,0,31.97,-99.9,USA
C0320,Individual,Male,USA,Texas,Personal Use,3,Yes,Client,41.08145106091718,35-44,3,1317732.09,439244.03,296.9423125347185,1465.92,0.3333333333333333,3,2024-01-01,2024-02-01,1.0,Texas,1,0,0,1,S4,Domestic Financed Home Buyers,S4 - Domestic Financed Home Buyers,S1,0,0.1784992214190569,-0.7719972990798023,-0.29314449701338824,1,1,1,1,9,47,1,31.97,-99.9,USA
C0321,Individual,Male,USA,California,Investment,2,No,Agency,33.96851471594798,<35,4,1701753.71,425438.4275,320.08555841883503,1321.76,0.0,4,2024-03-01,2025-04-01,13.0,California,1,0,1,0,S2,Domestic Investors,S2 - Domestic Investors,S2,1,0.15033720034248682,0.3692770741557551,-1.0216949906424324,1,0,0,0,9,8,1,36.78,-119.42,USA
C0322,Individual,Female,USA,California,Personal Use,2,Yes,Website,29.01574264202601,<35,3,1347002.93,449000.9766666666,318.0864752801751,1445.2933333333333,0.3333333333333333,3,2024-06-01,2025-07-01,13.0,California,1,0,0,1,S4,Domestic Financed Home Buyers,S4 - Domestic Financed Home Buyers,S4,1,0.26187887725471193,-0.7056160610377058,-0.021751514121071458,1,1,1,2,9,8,0,36.78,-119.42,USA
C0323,Individual,Female,USA,California,Investment,2,Yes,Website,50.29158110882957,45-54,3,1230825.62,410275.2066666667,310.6404621508214,1308.5133333333333,0.3333333333333333,3,2024-07-01,2025-08-01,13.0,California,1,0,1,1,S2,Domestic Investors,S2 - Domestic Investors,S2,1,0.10010699117448103,-0.9856563329583548,-0.09567778659028059,1,0,1,2,9,8,0,36.78,-119.42,USA
C0324,Individual,Male,USA,Washington,Personal Use,4,No,Website,32.54757015742642,<35,3,1147121.25,382373.75,297.08544836991325,1313.16,0.3333333333333333,3,2024-09-01,2025-06-01,9.0,Washington,1,0,0,0,S1,Domestic Cash Home Buyers,S1 - Domestic Cash Home Buyers,S1,1,0.2211827544430229,0.6113542326754036,0.349002927461351,1,1,0,2,9,53,1,47.75,-120.74,USA
C0325,Individual,Female,USA,California,Personal Use,5,Yes,Agency,42.85010266940452,35-44,4,1205175.56,301293.89,286.38612411264194,1030.1225,0.5,4,2024-01-01,2025-05-01,16.0,California,1,0,0,1,S4,Domestic Financed Home Buyers,S4 - Domestic Financed Home Buyers,S4,1,0.22851687416894023,-0.7201080086864495,-1.0378082581071664,1,1,1,0,9,8,0,36.78,-119.42,USA
C0326,Individual,Male,USA,Oregon,Investment,4,Yes,Agency,67.64407939767283,65+,4,1321975.5,330493.875,325.0785062395622,1028.1275,0.0,4,2024-06-01,2025-08-01,14.0,Oregon,1,0,1,1,S2,Domestic Investors,S2 - Domestic Investors,S2,1,0.07793316179077592,-1.0680837876242304,-0.8390406091245255,1,0,1,0,9,37,1,43.8,-120.55,USA
C0327,Individual,Female,UK,Scotland,Personal Use,1,No,Agency,64.47912388774812,55-64,4,1116366.72,279091.68,296.22191505254114,933.355,0.0,4,2024-06-01,2025-12-01,18.0,International,0,0,0,0,S3,International Buyers,S3 - International Buyers,S3,1,0.09916426369963964,0.4510725027901406,0.2967174229459814,1,1,0,0,8,43,0,56.49,-4.2,GBR
C0328,Individual,Male,USA,California,Personal Use,1,Yes,Client,79.19233401779603,65+,4,1356560.31,339140.0775,327.5047492642996,1030.21,0.0,4,2024-03-01,2025-10-01,19.0,California,1,0,0,1,S4,Domestic Financed Home Buyers,S4 - Domestic Financed Home Buyers,S1,0,0.20630994157219995,-0.7134033305630931,-0.5823792677270831,1,1,1,1,9,8,1,36.78,-119.42,USA
C0329,Individual,Female,Germany,Hesse,Personal Use,3,No,Agency,27.238877481177276,<35,3,770062.4,256687.46666666667,284.9675204985411,922.6666666666666,0.0,3,2024-03-01,2025-10-01,19.0,International,0,0,0,0,S3,International Buyers,S3 - International Buyers,S3,1,0.0876152916304985,0.44554777006536955,0.2505059406018092,1,1,0,0,5,17,0,50.65,9.16,DEU
C0330,Individual,Male,USA,California,Personal Use,1,No,Website,50.52977412731006,45-54,4,1331463.63,332865.9075,295.4457320102523,1146.9925,0.0,4,2024-04-01,2025-06-01,14.0,California,1,0,0,0,S1,Domestic Cash Home Buyers,S1 - Domestic Cash Home Buyers,S1,1,0.2714426099571892,0.6748526688455316,0.06269293575486767,1,1,0,2,9,8,1,36.78,-119.42,USA
C0331,Individual,Female,USA,California,Investment,3,No,Agency,41.607118412046546,35-44,4,1546334.4,386583.6,302.88510282847795,1259.95,0.25,4,2024-03-01,2025-06-01,15.0,California,1,0,1,0,S2,Domestic Investors,S2 - Domestic Investors,S2,1,0.15754645429155137,0.3702592730644521,-1.022792751516474,1,0,0,0,9,8,0,36.78,-119.42,USA
C0332,Individual,Male,USA,Texas,Investment,3,No,Website,36.04380561259411,35-44,3,1209987.46,403329.1533333333,279.22382181893295,1435.6633333333332,0.3333333333333333,3,2024-05-01,2025-10-01,17.0,Texas,1,0,1,0,S2,Domestic Investors,S2 - Domestic Investors,S2,1,0.13031792576658024,0.3368076144200464,0.2778913333880729,1,0,0,2,9,47,1,31.97,-99.9,USA
C0333,Individual,Female,UK,Wales,Personal Use,3,No,Website,70.02327173169063,65+,3,1118960.06,372986.6866666667,299.3859336879596,1203.39,0.3333333333333333,3,2024-02-01,2025-04-01,14.0,International,0,0,0,0,S3,International Buyers,S3 - International Buyers,S3,1,0.1302811399974189,0.46825113464487494,1.311737974124626,1,1,0,2,8,51,0,52.13,-3.78,GBR
C0334,Individual,Male,USA,Arizona,Investment,3,No,Agency,75.41683778234086,65+,4,1445655.93,361413.9825,328.6288068018344,1047.99,0.5,4,2024-03-01,2024-12-01,9.0,Arizona,1,0,1,0,S2,Domestic Investors,S2 - Domestic Investors,S2,1,0.12633996158069996,0.3250432313831078,-0.749775607955363,1,0,0,0,9,1,1,34.05,-111.09,USA
C0335,Individual,Male,USA,Arizona,Personal Use,4,No,Website,50.02053388090349,45-54,4,1478341.12,369585.28,312.04912702719423,1190.4075,0.5,4,2024-04-01,2025-10-01,18.0,Arizona,1,0,0,0,S1,Domestic Cash Home Buyers,S1 - Domestic Cash Home Buyers,S1,1,0.22414038090094085,0.6208060544748517,0.3386595959054651,1,1,0,2,9,1,1,34.05,-111.09,USA
C0336,Individual,Female,USA,California,Investment,5,No,Agency,54.12183436002738,45-54,3,1163690.5899999999,387896.8633333333,301.12306123464424,1226.8766666666668,0.0,3,2024-03-01,2024-12-01,9.0,California,1,0,1,0,S2,Domestic Investors,S2 - Domestic Investors,S2,1,0.14507048191202193,0.3731174493370298,-1.0206706120265283,1,0,0,0,9,8,0,36.78,-119.42,USA
C0337,Individual,Male,USA,Arizona,Personal Use,3,Yes,Website,83.92607802874743,65+,3,759310.2,253103.4,284.4843290368854,893.3766666666667,0.0,3,2024-10-01,2025-04-01,6.0,Arizona,1,0,0,1,S4,Domestic Financed Home Buyers,S4 - Domestic Financed Home Buyers,S4,1,0.21620801991757244,-0.7453156229888296,0.25142370956662724,1,1,1,2,9,1,1,34.05,-111.09,USA
C0338,Individual,Male,USA,California,Personal Use,5,Yes,Website,82.59548254620123,65+,4,1488671.1300000001,372167.78250000003,312.0553514031193,1227.17,0.5,4,2024-02-01,2025-12-01,22.0,California,1,0,0,1,S4,Domestic Financed Home Buyers,S4 - Domestic Financed Home Buyers,S4,1,0.24820261011612982,-0.6934848247403753,-0.026068492086723682,1,1,1,2,9,8,1,36.78,-119.42,USA
C0339,Individual,Male,USA,Utah,Investment,5,No,Agency,62.23956194387406,55-64,4,1548824.23,387206.0575,331.2701829233304,1170.135,0.0,4,2024-02-01,2025-12-01,22.0,Utah,1,0,1,0,S2,Domestic Investors,S2 - Domestic Investors,S2,1,0.12154993413001992,0.3238985287976856,-0.7448832300802635,1,0,0,0,9,48,1,39.32,-111.09,USA
C0340,Individual,Male,USA,California,Investment,2,No,Agency,85.09787816563997,65+,3,1047500.4199999999,349166.80666666664,280.78386472986784,1263.5766666666666,0.0,3,2024-06-01,2025-11-01,17.0,California,1,0,1,0,S2,Domestic Investors,S2 - Domestic Investors,S2,1,0.14554638282337284,0.3806746789332733,-1.0241423486241987,1,0,0,0,9,8,1,36.78,-119.42,USA
C0341,Individual,Male,USA,California,Investment,4,No,Agency,43.14031485284052,35-44,4,1679555.42,419888.855,317.5731591876758,1293.0725,0.0,4,2024-03-01,2025-09-01,18.0,California,1,0,1,0,S2,Domestic Investors,S2 - Domestic Investors,S2,1,0.15200252008429477,0.37118942742898525,-1.0214608060704955,1,0,0,0,9,8,1,36.78,-119.42,USA
C0342,Individual,Male,USA,California,Investment,2,No,Client,51.37850787132101,45-54,3,1290567.3900000001,430189.13000000006,328.5154318223778,1286.43,0.0,3,2024-07-01,2025-09-01,14.0,California,1,0,1,0,S2,Domestic Investors,S2 - Domestic Investors,S1,0,0.1307556729884544,0.36927238056223194,-0.5640263556738143,1,0,0,1,9,8,1,36.78,-119.42,USA
C0343,Individual,Female,USA,California,Personal Use,2,No,Website,73.53867214236824,65+,4,1630923.97,407730.9925,297.02815309476205,1374.585,0.0,4,2024-02-01,2025-08-01,18.0,California,1,0,0,0,S1,Domestic Cash Home Buyers,S1 - Domestic Cash Home Buyers,S1,1,0.2818134323151366,0.6804636773203252,0.06199043857580844,1,1,0,2,9,8,0,36.78,-119.42,USA
C0344,Individual,Male,Canada,British Columbia,Personal Use,2,Yes,Website,28.635181382614647,<35,4,1276344.68,319086.17,302.0567047165623,1059.9375,0.0,4,2025-04-01,2025-11-01,7.0,International,0,0,0,1,S3,International Buyers,S3 - International Buyers,S3,1,0.061099695846581224,-0.9154403735002163,1.1921465731158396,1,1,1,2,2,5,1,53.73,-127.65,CAN
C0345,Individual,Female,USA,New York,Personal Use,4,Yes,Website,56.29295003422313,55-64,3,1339687.25,446562.4166666667,300.46366304724853,1510.3766666666668,0.3333333333333333,3,2024-03-01,2025-08-01,17.0,New York,1,0,0,1,S4,Domestic Financed Home Buyers,S4 - Domestic Financed Home Buyers,S4,1,0.2119010430044858,-0.7532324108326027,0.26648479576345424,1,1,1,2,9,27,0,43.0,-75.0,USA
C0346,Individual,Female,USA,California,Personal Use,5,No,Agency,62.58179329226557,55-64,3,1174812.8599999999,391604.2866666666,310.0140757745108,1271.67,0.0,3,2024-03-01,2025-05-01,14.0,California,1,0,0,0,S1,Domestic Cash Home Buyers,S1 - Domestic Cash Home Buyers,S1,1,0.2450626628971426,0.6600912470128546,-0.948814440058594,1,1,0,0,9,8,0,36.78,-119.42,USA
C0347,Individual,Male,USA,Washington,Personal Use,3,Yes,Website,33.60438056125941,<35,3,1378006.45,459335.48333333334,314.2399384440205,1471.6200000000001,0.6666666666666666,3,2024-05-01,2025-11-01,18.0,Washington,1,0,0,1,S4,Domestic Financed Home Buyers,S4 - Domestic Financed Home Buyers,S4,1,0.20022181104191855,-0.7632419479365065,0.2608208344077776,1,1,1,2,9,53,1,47.75,-120.74,USA
C0348,Individual,Male,USA,Colorado,Investment,5,Yes,Agency,43.879534565366185,35-44,4,1482633.92,370658.48,293.5582443960669,1246.7075,0.0,4,2024-12-01,2025-10-01,10.0,Colorado,1,0,1,1,S2,Domestic Investors,S2 - Domestic Investors,S2,1,0.07501491484701424,-1.0627199092506652,-0.848107215974836,1,0,1,0,9,11,1,39.55,-105.78,USA
C0349,Individual,Male,USA,Arizona,Personal Use,2,Yes,Agency,50.5160848733744,45-54,3,1065745.84,355248.61333333334,319.2896042097387,1124.5,0.3333333333333333,3,2024-02-01,2025-09-01,19.0,Arizona,1,0,0,1,S4,Domestic Financed Home Buyers,S4 - Domestic Financed Home Buyers,S4,1,0.20130347646215802,-0.7703197664606514,-0.7613141710578337,1,1,1,0,9,1,1,34.05,-111.09,USA
C0350,Individual,Male,USA,Arizona,Personal Use,2,No,Agency,33.054072553045856,<35,3,1066408.3,355469.43333333335,296.5916270272384,1206.2733333333333,0.3333333333333333,3,2024-07-01,2025-05-01,10.0,Arizona,1,0,0,0,S1,Domestic Cash Home Buyers,S1 - Domestic Cash Home Buyers,S1,1,0.201644977658908,0.6000005488174902,-0.67331082830586,1,1,0,0,9,1,1,34.05,-111.09,USA
C0351,Individual,Female,USA,Oregon,Personal Use,5,No,Agency,64.01095140314852,55-64,4,1551113.76,387778.44,311.1977892874013,1260.0625,0.25,4,2025-01-01,2025-11-01,10.0,Oregon,1,0,0,0,S1,Domestic Cash Home Buyers,S1 - Domestic Cash Home Buyers,S1,1,0.1945071140736284,0.5899946049852314,-0.6796937563192642,1,1,0,0,9,37,0,43.8,-120.55,USA
C0352,Individual,Female,USA,Nevada,Investment,3,No,Agency,48.525667351129364,45-54,3,1339830.04,446610.01333333337,309.9987605861159,1447.82,0.0,3,2024-03-01,2024-09-01,6.0,Nevada,1,0,1,0,S2,Domestic Investors,S2 - Domestic Investors,S2,1,0.1343797379293646,0.3083463760450376,-0.7557780559643903,1,0,0,0,9,25,0,38.8,-116.42,USA
C0353,Individual,Female,USA,Arizona,Personal Use,2,No,Agency,61.686516084873375,55-64,3,889855.16,296618.38666666666,301.9405053330321,980.8699999999999,0.0,3,2024-04-01,2025-12-01,20.0,Arizona,1,0,0,0,S1,Domestic Cash Home Buyers,S1 - Domestic Cash Home Buyers,S1,1,0.2054669722958404,0.6072988078265802,-0.674344571626436,1,1,0,0,9,1,0,34.05,-111.09,USA
C0354,Individual,Female,USA,California,Personal Use,4,No,Website,27.189596167008897,<35,3,962196.6000000001,320732.2,307.43997805800313,1059.1499999999999,0.3333333333333333,3,2024-02-01,2024-11-01,9.0,California,1,0,0,0,S1,Domestic Cash Home Buyers,S1 - Domestic Cash Home Buyers,S1,1,0.2738901263492746,0.6676997251934214,0.0654892708341055,1,1,0,2,9,8,0,36.78,-119.42,USA
C0355,Individual,Male,Mexico,Baja California,Investment,1,No,Website,74.2094455852156,65+,3,1029593.97,343197.99,269.231546180389,1273.45,0.0,3,2024-04-01,2025-05-01,13.0,International,0,0,1,0,S3,International Buyers,S3 - International Buyers,S3,1,0.07976892215540904,0.19354593391139913,1.1651161041478897,1,0,0,2,6,2,1,30.84,-115.28,MEX
C0356,Individual,Female,USA,Georgia,Personal Use,3,No,Website,49.568788501026695,45-54,4,964351.9,241087.975,292.63598367500725,816.16,0.0,4,2024-03-01,2025-11-01,20.0,US - Other,1,0,0,0,S1,Domestic Cash Home Buyers,S1 - Domestic Cash Home Buyers,S1,1,0.2231216204338577,0.6181050835150808,0.3439093237072859,1,1,0,2,9,15,0,32.16,-82.9,USA
C0357,Individual,Female,USA,California,Personal Use,3,No,Website,37.72758384668035,35-44,3,970629.22,323543.0733333333,311.3215166895127,1059.3466666666666,0.3333333333333333,3,2024-02-01,2025-09-01,19.0,California,1,0,0,0,S1,Domestic Cash Home Buyers,S1 - Domestic Cash Home Buyers,S1,1,0.2874484135414587,0.6703297999032185,0.0643963959271967,1,1,0,2,9,8,0,36.78,-119.42,USA
C0358,Individual,Female,Australia,New South Wales,Personal Use,3,Yes,Agency,47.26351813826147,45-54,3,1150919.74,383639.91333333333,311.4839936166393,1240.6066666666666,0.3333333333333333,3,2024-06-01,2024-11-01,5.0,International,0,0,0,1,S3,International Buyers,S3 - International Buyers,S3,1,0.03381785669918993,-0.9107687619060099,0.13910758291363373,1,1,1,0,0,26,0,-31.25,146.92,AUS
C0359,Individual,Female,USA,California,Investment,1,No,Agency,74.81177275838466,65+,3,1098189.8900000001,366063.2966666667,277.1234294037575,1308.5133333333333,0.0,3,2024-05-01,2025-10-01,17.0,California,1,0,1,0,S2,Domestic Investors,S2 - Domestic Investors,S2,1,0.14319334119875773,0.3784242986192436,-1.0238175980300708,1,0,0,0,9,8,0,36.78,-119.42,USA
C0360,Individual,Female,USA,Utah,Personal Use,2,Yes,Agency,77.30869267624914,65+,4,1978026.48,494506.62,294.6673252367168,1676.3825,0.0,4,2024-06-01,2025-12-01,18.0,Utah,1,0,0,1,S4,Domestic Financed Home Buyers,S4 - Domestic Financed Home Buyers,S4,1,0.1998133660968927,-0.761329241062606,-0.761184341364936,1,1,1,0,9,48,0,39.32,-111.09,USA
C0361,Individual,Male,UK,England,Personal Use,1,Yes,Website,67.31279945242984,65+,4,1468372.25,367093.0625,303.6700564236641,1222.5974999999999,0.25,4,2024-09-01,2024-11-01,2.0,International,0,0,0,1,S3,International Buyers,S3 - International Buyers,S3,1,0.06658067968654612,-0.9059931774185523,1.2232311505221063,1,1,1,2,8,12,1,52.36,-1.17,GBR
C0362,Individual,Female,USA,Utah,Personal Use,4,No,Website,25.31690622861054,<35,3,1129669.4,376556.4666666666,319.6891059879742,1162.6166666666666,0.0,3,2024-04-01,2025-07-01,15.0,Utah,1,0,0,0,S1,Domestic Cash Home Buyers,S1 - Domestic Cash Home Buyers,S1,1,0.21687970975959497,0.6166605768240434,0.3445742889370654,1,1,0,2,9,48,0,39.32,-111.09,USA
C0363,Individual,Female,USA,Utah,Investment,2,No,Client,66.93223819301848,65+,4,1232301.44,308075.36,321.83400059422536,929.6975,0.25,4,2024-08-01,2025-05-01,9.0,Utah,1,0,1,0,S2,Domestic Investors,S2 - Domestic Investors,S1,0,0.11363280261251624,0.320781765756659,-0.29017120613985525,1,0,0,1,9,48,0,39.32,-111.09,USA
C0364,Individual,Male,USA,Texas,Personal Use,2,No,Website,81.83162217659138,65+,4,1492505.18,373126.295,292.4122292635231,1261.78,0.5,4,2024-01-01,2024-07-01,6.0,Texas,1,0,0,0,S1,Domestic Cash Home Buyers,S1 - Domestic Cash Home Buyers,S1,1,0.209730553792937,0.6326860655147064,0.3449588540608416,1,1,0,2,9,47,1,31.97,-99.9,USA
C0365,Individual,Male,USA,Colorado,Investment,5,No,Agency,63.885010266940455,55-64,3,951259.9,317086.63333333336,275.7780692701144,1164.9766666666667,0.0,3,2024-07-01,2025-05-01,10.0,Colorado,1,0,1,0,S2,Domestic Investors,S2 - Domestic Investors,S2,1,0.12696862905843584,0.3158176808155328,-0.7615934066122181,1,0,0,0,9,11,1,39.55,-105.78,USA
C0366,Individual,Male,USA,California,Personal Use,4,No,Website,42.68309377138946,35-44,3,1420135.32,473378.44,316.81346853217974,1452.2633333333333,0.6666666666666666,3,2024-03-01,2025-02-01,11.1,California,1,0,0,0,S1,Domestic Cash Home Buyers,S1 - Domestic Cash Home Buyers,S1,1,0.26028229070915476,0.6711444500337667,0.06403650651426407,1,1,0,2,9,8,1,36.78,-119.42,USA
C0367,Individual,Male,USA,California,Investment,4,No,Agency,61.097878165639976,55-64,4,1662617.88,415654.47,324.83524052336105,1269.065,0.5,4,2024-07-01,2025-09-01,14.0,California,1,0,1,0,S2,Domestic Investors,S2 - Domestic Investors,S2,1,0.14850087352978045,0.3742825212862854,-1.0243579237321154,1,0,0,0,9,8,1,36.78,-119.42,USA
C0368,Individual,Female,USA,California,Personal Use,4,Yes,Agency,33.38809034907597,<35,4,1494552.45,373638.1125,327.32400753374435,1136.215,0.25,4,2024-02-01,2025-07-01,17.0,California,1,0,0,1,S4,Domestic Financed Home Buyers,S4 - Domestic Financed Home Buyers,S4,1,0.2438150905485191,-0.7213568939072192,-1.036379257918018,1,1,1,0,9,8,0,36.78,-119.42,USA
C0369,Individual,Female,USA,Utah,Personal Use,2,Yes,Agency,71.24982888432581,65+,4,1586439.08,396609.77,288.11277877378416,1333.5625,0.0,4,2024-06-01,2025-08-01,14.0,Utah,1,0,0,1,S4,Domestic Financed Home Buyers,S4 - Domestic Financed Home Buyers,S4,1,0.20520734340938013,-0.763070142648433,-0.7611855713346618,1,1,1,0,9,48,0,39.32,-111.09,USA
C0370,Individual,Female,Russia,Krasnodar Krai,Personal Use,1,No,Website,68.27104722792608,65+,4,1613633.3900000001,403408.34750000003,304.0319808491904,1334.8775,0.0,4,2024-03-01,2025-06-01,15.0,International,0,0,0,0,S3,International Buyers,S3 - International Buyers,S3,1,0.091965183624483,0.48418957710409954,1.2383651899607842,1,1,0,2,7,21,0,45.04,38.98,RUS
C0371,Individual,Male,Belgium,Wallonia,Investment,3,No,Agency,55.79739904175222,55-64,3,827208.61,275736.2033333333,326.6072425296932,842.68,0.3333333333333333,3,2024-05-01,2024-11-01,6.0,International,0,0,1,0,S3,International Buyers,S3 - International Buyers,S3,1,0.06852203612256436,0.18311647236898415,0.15927835469956736,1,0,0,0,1,52,1,50.41,4.44,BEL
C0372,Individual,Female,Belgium,Flanders,Investment,1,No,Agency,73.69199178644764,65+,3,1280128.06,426709.35333333333,309.50534540154507,1361.7433333333333,0.0,3,2024-04-01,2025-11-01,19.0,International,0,0,1,0,S3,International Buyers,S3 - International Buyers,S3,1,0.06478056308643185,0.18896818977389257,0.15919067260565317,1,0,0,0,1,13,0,51.05,4.48,BEL
C0373,Individual,Female,USA,Georgia,Personal Use,2,No,Agency,32.92539356605065,<35,3,1047277.1799999999,349092.3933333333,303.34029592197317,1160.5133333333333,0.3333333333333333,3,2024-10-01,2025-03-01,5.0,US - Other,1,0,0,0,S1,Domestic Cash Home Buyers,S1 - Domestic Cash Home Buyers,S1,1,0.19713261469194202,0.5966737007606286,-0.6686419177378751,1,1,0,0,9,15,0,32.16,-82.9,USA
C0374,Individual,Female,Australia,New South Wales,Investment,4,Yes,Agency,32.14784394250513,<35,4,916825.86,229206.465,316.86755206486544,735.11,0.25,4,2024-01-01,2024-10-01,9.0,International,0,0,1,1,S3,International Buyers,S3 - International Buyers,S3,1,0.05731211480835078,-1.1995065264276021,0.0662750555331712,1,0,1,0,0,26,0,-31.25,146.92,AUS
C0375,Individual,Male,USA,California,Investment,4,No,Website,57.46201232032854,55-64,3,1178580.6400000001,392860.2133333334,319.28680511141596,1224.68,0.3333333333333333,3,2024-05-01,2025-01-01,8.0,California,1,0,1,0,S2,Domestic Investors,S2 - Domestic Investors,S2,1,0.1632250123276774,0.39019665465769954,-0.008496792277828846,1,0,0,2,9,8,1,36.78,-119.42,USA
C0376,Individual,Female,USA,California,Personal Use,3,No,Website,72.70088980150582,65+,3,1182808.29,394269.43,298.9659387154721,1361.7433333333333,0.3333333333333333,3,2024-03-01,2024-06-01,3.0,California,1,0,0,0,S1,Domestic Cash Home Buyers,S1 - Domestic Cash Home Buyers,S1,1,0.28785005690677334,0.6788896106930329,0.062483838488193943,1,1,0,2,9,8,0,36.78,-119.42,USA
C0377,Individual,Male,USA,Washington,Personal Use,4,No,Website,27.633127994524298,<35,3,822780.32,274260.10666666663,304.7935850232173,904.0466666666667,0.3333333333333333,3,2024-04-01,2025-06-01,14.0,Washington,1,0,0,0,S1,Domestic Cash Home Buyers,S1 - Domestic Cash Home Buyers,S1,1,0.21675880100103337,0.6097298277426408,0.34872820796266824,1,1,0,2,9,53,1,47.75,-120.74,USA
C0378,Individual,Female,USA,California,Investment,3,Yes,Website,68.09034907597535,65+,3,812387.51,270795.83666666667,275.12811466232733,983.4266666666667,0.0,3,2024-08-01,2025-07-01,11.0,California,1,0,1,1,S2,Domestic Investors,S2 - Domestic Investors,S2,1,0.09763601622865187,-0.9813707080204137,-0.09600235716400063,1,0,1,2,9,8,0,36.78,-119.42,USA
C0379,Corporate,Male,USA,California,Investment,2,Yes,Client,48.69267624914442,45-54,4,1254919.3599999999,313729.83999999997,277.03028561814415,1115.505,0.25,4,2024-02-01,2025-07-01,17.0,California,1,0,1,1,S2,Domestic Investors,S2 - Domestic Investors,S1,0,0.05358899645235866,-1.02968942131412,-0.664080408107955,0,0,1,1,9,8,1,36.78,-119.42,USA
C0380,Individual,Female,USA,California,Personal Use,3,Yes,Website,52.2984257357974,45-54,3,939708.87,313236.29,264.1700106052158,1175.45,0.3333333333333333,3,2024-04-01,2024-09-01,5.0,California,1,0,0,1,S4,Domestic Financed Home Buyers,S4 - Domestic Financed Home Buyers,S4,1,0.28769093234197035,-0.7007194686771883,-0.023476338713496192,1,1,1,2,9,8,0,36.78,-119.42,USA
C0381,Individual,Male,USA,California,Personal Use,5,Yes,Agency,64.97741273100615,55-64,3,878913.19,292971.0633333333,247.61239219170298,1188.2333333333333,0.0,3,2024-06-01,2025-12-01,18.0,California,1,0,0,1,S4,Domestic Financed Home Buyers,S4 - Domestic Financed Home Buyers,S4,1,0.23631289204873063,-0.7141995459400116,-1.0363586005636485,1,1,1,0,9,8,1,36.78,-119.42,USA
C0382,Individual,Male,USA,California,Investment,1,Yes,Agency,50.39835728952772,45-54,3,980139.25,326713.0833333333,334.35323184783533,980.8699999999999,0.3333333333333333,3,2024-06-01,2024-09-01,3.0,California,1,0,1,1,S2,Domestic Investors,S2 - Domestic Investors,S2,1,0.08658255465817072,-1.002739021308368,-1.11045422477872,1,0,1,0,9,8,1,36.78,-119.42,USA
C0383,Corporate,Female,Mexico,Mexico City,Investment,3,No,Agency,40.14236824093087,35-44,4,968070.64,242017.66,293.1790859595892,809.6575,0.0,4,2024-03-01,2025-10-01,19.0,International,0,0,1,0,S3,International Buyers,S3 - International Buyers,S3,1,0.04718209817174246,0.14497648644369826,0.14167831974504064,0,0,0,0,6,23,0,19.43,-99.13,MEX
C0384,Individual,Female,USA,California,Personal Use,3,Yes,Website,81.77686516084873,65+,3,1010761.74,336920.58,326.1556369811854,1049.3799999999999,0.0,3,2024-07-01,2025-12-01,17.0,California,1,0,0,1,S4,Domestic Financed Home Buyers,S4 - Domestic Financed Home Buyers,S4,1,0.27987607216655686,-0.6928693155554992,-0.024111811914342196,1,1,1,2,9,8,0,36.78,-119.42,USA
C0385,Individual,Male,UK,Northern Ireland,Investment,4,No,Website,56.96646132785763,55-64,3,1289646.4100000001,429882.1366666667,337.4718781773158,1277.2733333333333,0.0,3,2024-04-01,2025-12-01,20.0,International,0,0,1,0,S3,International Buyers,S3 - International Buyers,S3,1,0.10920397011561976,0.1810416630170953,1.2420196377307275,1,0,0,2,8,31,1,54.79,-6.49,GBR
C0386,Individual,Female,USA,Colorado,Personal Use,2,No,Client,49.76865160848734,45-54,3,1633972.21,544657.4033333333,373.74485785009733,1445.08,0.6666666666666666,3,2024-09-01,2025-10-01,13.0,Colorado,1,0,0,0,S1,Domestic Cash Home Buyers,S1 - Domestic Cash Home Buyers,S1,1,0.1649131028144929,0.5933098888821036,-0.23333233616925453,1,1,0,1,9,11,0,39.55,-105.78,USA
C0387,Individual,Female,USA,California,Personal Use,2,Yes,Website,51.455167693360714,45-54,4,1992983.55,498245.8875,319.8735674974433,1555.2975000000001,0.0,4,2024-04-01,2025-09-01,17.0,California,1,0,0,1,S4,Domestic Financed Home Buyers,S4 - Domestic Financed Home Buyers,S4,1,0.2770106668531001,-0.6989476489156284,-0.023092484140116,1,1,1,2,9,8,0,36.78,-119.42,USA
C0388,Individual,Male,USA,California,Personal Use,4,No,Agency,30.269678302532512,<35,3,961894.92,320631.64,330.03455243509705,975.9433333333333,0.3333333333333333,3,2024-07-01,2025-03-01,8.0,California,1,0,0,0,S1,Domestic Cash Home Buyers,S1 - Domestic Cash Home Buyers,S1,1,0.24708832602835962,0.6515150736113413,-0.9486480375530693,1,1,0,0,9,8,1,36.78,-119.42,USA
C0389,Individual,Male,USA,Colorado,Personal Use,3,No,Website,71.11841204654347,65+,4,1261549.0899999999,315387.27249999996,290.2584398047477,1119.0900000000001,0.5,4,2024-05-01,2025-06-01,13.0,Colorado,1,0,0,0,S1,Domestic Cash Home Buyers,S1 - Domestic Cash Home Buyers,S1,1,0.22207006844765048,0.6189320792507111,0.32046824849891153,1,1,0,2,9,11,1,39.55,-105.78,USA
C0390,Individual,Male,Canada,Quebec,Investment,2,No,Website,83.69062286105407,65+,4,1678762.0699999998,419690.51749999996,331.66644794911855,1295.2649999999999,0.25,4,2024-06-01,2024-09-01,3.0,International,0,0,1,0,S3,International Buyers,S3 - International Buyers,S3,1,0.10085370371162963,0.18690983044517745,1.202695509243697,1,0,0,2,2,40,1,52.94,-73.55,CAN
C0391,Individual,Female,USA,California,Personal Use,5,No,Agency,59.134839151266256,55-64,3,1035012.9099999999,345004.3033333333,324.92570886620587,1064.4166666666667,0.0,3,2024-01-01,2024-08-01,7.0,California,1,0,0,0,S1,Domestic Cash Home Buyers,S1 - Domestic Cash Home Buyers,S1,1,0.24625826021202923,0.6590991832607183,-0.9488172613449788,1,1,0,0,9,8,0,36.78,-119.42,USA
C0392,Individual,Female,USA,Arizona,Personal Use,2,Yes,Website,48.54757015742642,45-54,4,1015830.03,253957.5075,272.48890928553595,922.6600000000001,0.0,4,2024-05-01,2025-09-01,16.0,Arizona,1,0,0,1,S4,Domestic Financed Home Buyers,S4 - Domestic Financed Home Buyers,S4,1,0.22212442856822207,-0.7531289995981179,0.25207839640680324,1,1,1,2,9,1,0,34.05,-111.09,USA
C0393,Individual,Female,USA,Arizona,Personal Use,4,No,Agency,37.56331279945243,35-44,4,1616556.78,404139.195,313.7124550314773,1298.145,0.25,4,2024-05-01,2025-05-01,12.0,Arizona,1,0,0,0,S1,Domestic Cash Home Buyers,S1 - Domestic Cash Home Buyers,S1,1,0.2064504417614246,0.601638110070351,-0.6734533142750136,1,1,0,0,9,1,0,34.05,-111.09,USA
C0394,Individual,Female,USA,Colorado,Personal Use,3,Yes,Website,71.10198494182067,65+,4,1258840.0,314710.0,292.80734079965566,1041.8025,0.25,4,2024-04-01,2025-08-01,16.0,Colorado,1,0,0,1,S4,Domestic Financed Home Buyers,S4 - Domestic Financed Home Buyers,S4,1,0.22748243965923434,-0.7549577143036675,0.23445225216509014,1,1,1,2,9,11,0,39.55,-105.78,USA
C0395,Individual,Female,USA,Florida,Personal Use,1,No,Website,66.95414099931554,65+,3,1153134.48,384378.16,300.0076340913001,1303.4733333333334,0.3333333333333333,3,2024-04-01,2025-01-01,9.0,Florida,1,0,0,0,S1,Domestic Cash Home Buyers,S1 - Domestic Cash Home Buyers,S1,1,0.21389797540034808,0.6299879025066548,0.3464671599784359,1,1,0,2,9,14,0,27.66,-81.52,USA
C0396,Individual,Male,USA,Nevada,Personal Use,5,No,Agency,25.7056810403833,<35,4,1181447.25,295361.8125,325.39102840117124,896.2524999999999,0.0,4,2024-01-01,2025-08-01,19.0,Nevada,1,0,0,0,S1,Domestic Cash Home Buyers,S1 - Domestic Cash Home Buyers,S1,1,0.19396624207021615,0.5875238517337775,-0.6830159862644289,1,1,0,0,9,25,1,38.8,-116.42,USA
C0397,Individual,Female,USA,California,Personal Use,5,No,Website,25.284052019164957,<35,3,793543.27,264514.42333333334,306.5224231458849,862.11,0.0,3,2024-03-01,2025-07-01,16.0,California,1,0,0,0,S1,Domestic Cash Home Buyers,S1 - Domestic Cash Home Buyers,S1,1,0.25701333726057285,0.6676252235050995,0.06683854770625242,1,1,0,2,9,8,0,36.78,-119.42,USA
C0398,Individual,Female,USA,Texas,Personal Use,1,Yes,Agency,77.02395619438741,65+,4,1186693.85,296673.4625,307.7780713117717,935.765,0.25,4,2024-03-01,2024-07-01,4.0,Texas,1,0,0,1,S4,Domestic Financed Home Buyers,S4 - Domestic Financed Home Buyers,S4,1,0.19151375322016956,-0.7594460439938979,-0.75551522544082,1,1,1,0,9,47,0,31.97,-99.9,USA
C0399,Individual,Male,USA,California,Personal Use,4,No,Agency,41.5605749486653,35-44,4,1229057.49,307264.3725,280.14179966702727,1093.05,0.25,4,2024-01-01,2025-02-01,13.0,California,1,0,0,0,S1,Domestic Cash Home Buyers,S1 - Domestic Cash Home Buyers,S1,1,0.2564213600124071,0.6547653261243382,-0.9503865027104044,1,1,0,0,9,8,1,36.78,-119.42,USA
C0400,Individual,Male,USA,California,Personal Use,4,No,Agency,66.09993155373031,65+,4,1360152.99,340038.2475,281.3228620371108,1239.145,0.0,4,2024-01-01,2025-06-01,17.0,California,1,0,0,0,S1,Domestic Cash Home Buyers,S1 - Domestic Cash Home Buyers,S1,1,0.25801387884909543,0.6612934225415334,-0.9509372352701042,1,1,0,0,9,8,1,36.78,-119.42,USA
C0401,Individual,Male,USA,Arizona,Personal Use,5,Yes,Website,56.446269678302535,55-64,4,1020913.0700000001,255228.26750000002,302.2393174029927,853.07,0.0,4,2024-01-01,2025-04-01,15.0,Arizona,1,0,0,1,S4,Domestic Financed Home Buyers,S4 - Domestic Financed Home Buyers,S4,1,0.2094371288990228,-0.7516144520531292,0.2528532404697094,1,1,1,2,9,1,1,34.05,-111.09,USA
C0402,Individual,Female,USA,Georgia,Personal Use,5,No,Website,84.85420944558521,65+,3,1054166.95,351388.98333333334,321.6006217207176,1102.8633333333335,0.0,3,2024-02-01,2025-10-01,20.0,US - Other,1,0,0,0,S1,Domestic Cash Home Buyers,S1 - Domestic Cash Home Buyers,S1,1,0.21047254930350626,0.6263013273945894,0.3443648366010288,1,1,0,2,9,15,0,32.16,-82.9,USA
C0403,Individual,Female,Australia,New South Wales,Personal Use,1,No,Website,62.770704996577685,55-64,3,878792.98,292930.99333333335,283.50875319866367,1060.9733333333334,0.3333333333333333,3,2024-04-01,2024-07-01,3.0,International,0,0,0,0,S3,International Buyers,S3 - International Buyers,S3,1,0.09228646478355705,0.4841450402448319,1.2375783710251211,1,1,0,2,0,26,0,-31.25,146.92,AUS
C0404,Individual,Female,France,Normandy,Investment,1,No,Client,49.07049965776865,45-54,3,731788.96,243929.65333333332,316.9473423836062,753.3133333333334,0.0,3,2024-06-01,2025-11-01,17.0,International,0,0,1,0,S3,International Buyers,S3 - International Buyers,S3,1,0.06502369059580605,0.16220388622770515,0.6318217877994643,1,0,0,1,4,28,0,49.18,-0.37,FRA
C0405,Corporate,Male,USA,Colorado,Personal Use,1,No,Agency,56.016427104722794,55-64,4,1310963.25,327740.8125,287.2931397143084,1140.38,0.0,4,2024-02-01,2025-05-01,14.9,Colorado,1,0,0,0,S1,Domestic Cash Home Buyers,S1 - Domestic Cash Home Buyers,S1,1,0.13930047450356148,0.5765824228468515,-0.7022765754431814,0,1,0,0,9,11,1,39.55,-105.78,USA
C0406,Individual,Female,USA,Colorado,Personal Use,3,No,Website,65.59890485968515,65+,4,1317165.12,329291.28,309.6720098443668,1090.1925,0.25,4,2024-03-01,2025-01-01,10.1,Colorado,1,0,0,0,S1,Domestic Cash Home Buyers,S1 - Domestic Cash Home Buyers,S1,1,0.2302140891303371,0.6182578345190857,0.3217606800293109,1,1,0,2,9,11,0,39.55,-105.78,USA
C0407,Individual,Female,USA,California,Personal Use,2,No,Client,43.690622861054074,35-44,4,1254494.91,313623.7275,300.95370130801626,1045.8025,0.0,4,2024-04-01,2024-12-01,8.0,California,1,0,0,0,S1,Domestic Cash Home Buyers,S1 - Domestic Cash Home Buyers,S1,1,0.21014937777815346,0.6524124890012954,-0.4929222568951798,1,1,0,1,9,8,0,36.78,-119.42,USA
C0408,Individual,Male,USA,California,Personal Use,3,No,Website,48.90622861054072,45-54,3,1320497.01,440165.67,312.61587796358623,1413.0600000000002,0.0,3,2024-05-01,2025-10-01,17.0,California,1,0,0,0,S1,Domestic Cash Home Buyers,S1 - Domestic Cash Home Buyers,S1,1,0.2916240914787702,0.6741694519956227,0.06536552466286782,1,1,0,2,9,8,1,36.78,-119.42,USA
C0409,Individual,Male,USA,Nevada,Personal Use,1,Yes,Website,53.28405201916495,45-54,4,1816669.2,454167.3,326.98781819756886,1449.3775,0.5,4,2024-02-01,2024-12-01,10.0,Nevada,1,0,0,1,S4,Domestic Financed Home Buyers,S4 - Domestic Financed Home Buyers,S4,1,0.21225706803544966,-0.7635516373711762,0.23961230585026716,1,1,1,2,9,25,1,38.8,-116.42,USA
C0410,Individual,Female,Russia,Saint Petersburg,Personal Use,5,Yes,Agency,43.46885694729637,35-44,3,1021706.02,340568.67333333334,294.4273034453859,1189.1899999999998,0.0,3,2025-01-01,2025-03-01,1.9,International,0,0,0,1,S3,International Buyers,S3 - International Buyers,S3,1,0.03206168443338262,-0.914219669594367,0.14178167500618932,1,1,1,0,7,42,0,59.93,30.34,RUS
C0411,Individual,Female,USA,California,Personal Use,2,No,Website,42.64750171115674,35-44,3,896987.21,298995.73666666663,350.543692607301,883.7466666666668,0.6666666666666666,3,2024-03-01,2024-06-01,3.0,California,1,0,0,0,S1,Domestic Cash Home Buyers,S1 - Domestic Cash Home Buyers,S1,1,0.26101191065001794,0.6707424880481969,0.062367153579558465,1,1,0,2,9,8,0,36.78,-119.42,USA
C0412,Individual,Female,UK,Scotland,Personal Use,5,No,Website,41.686516084873375,35-44,3,1100376.25,366792.0833333333,293.65308710017615,1260.8366666666668,0.0,3,2024-06-01,2025-03-01,9.0,International,0,0,0,0,S3,International Buyers,S3 - International Buyers,S3,1,0.12236954807651408,0.4620366901328116,1.3155391864875121,1,1,0,2,8,43,0,56.49,-4.2,GBR
C0413,Individual,Male,Canada,British Columbia,Personal Use,3,No,Website,85.47296372347706,65+,4,1769126.22,442281.555,309.9375210398746,1431.4575,0.0,4,2024-10-01,2025-09-01,11.0,International,0,0,0,0,S3,International Buyers,S3 - International Buyers,S3,1,0.11218408993006818,0.4728134248294165,1.2763445839281102,1,1,0,2,2,5,1,53.73,-127.65,CAN
C0414,Individual,Male,USA,California,Personal Use,4,No,Website,63.06639288158795,55-64,4,1412148.94,353037.235,301.11168977355436,1144.74,0.25,4,2024-06-01,2025-11-01,17.0,California,1,0,0,0,S1,Domestic Cash Home Buyers,S1 - Domestic Cash Home Buyers,S1,1,0.2949975573746147,0.6769668457834466,0.06240552625424822,1,1,0,2,9,8,1,36.78,-119.42,USA
C0415,Individual,Female,USA,Nevada,Personal Use,5,Yes,Agency,45.478439425051334,45-54,4,1305928.3499999999,326482.08749999997,296.5966811499519,1093.05,0.0,4,2024-02-01,2024-07-01,5.0,Nevada,1,0,0,1,S4,Domestic Financed Home Buyers,S4 - Domestic Financed Home Buyers,S4,1,0.19554788779860532,-0.782109451718331,-0.7709891301204901,1,1,1,0,9,25,0,38.8,-116.42,USA
C0416,Corporate,Male,Germany,North Rhine-Westphalia,Investment,5,Yes,Client,44.427104722792606,35-44,3,1059532.51,353177.50333333336,280.3649553639519,1260.8366666666668,0.0,3,2024-09-01,2025-11-01,14.0,International,0,0,1,1,S3,International Buyers,S3 - International Buyers,S1,0,0.046828876860374374,-1.2365965198397677,0.5383963959118956,0,0,1,1,5,30,1,51.43,7.66,DEU
C0417,Individual,Male,USA,Utah,Personal Use,2,No,Website,78.07802874743327,65+,3,1354773.96,451591.32,303.54859739281426,1471.8999999999999,0.0,3,2024-06-01,2024-09-01,3.0,Utah,1,0,0,0,S1,Domestic Cash Home Buyers,S1 - Domestic Cash Home Buyers,S1,1,0.21687234894329685,0.6296551853348602,0.34062928650430097,1,1,0,2,9,48,1,39.32,-111.09,USA
C0418,Individual,Male,USA,Arizona,Personal Use,5,No,Agency,29.363449691991786,<35,4,1629486.83,407371.7075,315.5994805272792,1276.8225,0.0,4,2024-05-01,2025-04-01,11.0,Arizona,1,0,0,0,S1,Domestic Cash Home Buyers,S1 - Domestic Cash Home Buyers,S1,1,0.19592914050201102,0.6001588634346915,-0.6716241798325402,1,1,0,0,9,1,1,34.05,-111.09,USA
C0419,Individual,Male,USA,Washington,Personal Use,3,Yes,Agency,63.15947980835045,55-64,4,1174012.19,293503.0475,295.6119602001012,990.4475,0.25,4,2024-01-01,2024-12-01,11.0,Washington,1,0,0,1,S4,Domestic Financed Home Buyers,S4 - Domestic Financed Home Buyers,S4,1,0.204287563427509,-0.7723744522563951,-0.7556173231207839,1,1,1,0,9,53,1,47.75,-120.74,USA
C0420,Individual,Female,USA,California,Personal Use,5,No,Agency,31.98904859685147,<35,3,1260096.1600000001,420032.0533333334,316.25469908155173,1330.2166666666667,0.3333333333333333,3,2024-09-01,2025-04-01,7.0,California,1,0,0,0,S1,Domestic Cash Home Buyers,S1 - Domestic Cash Home Buyers,S1,1,0.2361058453223873,0.6521749991540415,-0.9478516521436651,1,1,0,0,9,8,0,36.78,-119.42,USA
C0421,Individual,Male,Germany,Hesse,Investment,5,Yes,Website,50.351813826146476,45-54,4,1495763.3699999999,373940.84249999997,304.1080371257723,1203.905,0.0,4,2024-05-01,2025-12-01,19.0,International,0,0,1,1,S3,International Buyers,S3 - International Buyers,S3,1,0.07782209211913453,-1.190753943365963,1.1039937758970526,1,0,1,2,5,17,1,50.65,9.16,DEU
C0422,Corporate,Female,USA,California,Personal Use,1,Yes,Client,52.13141683778234,45-54,4,1653171.62,413292.905,290.5765092248332,1428.5749999999998,0.0,4,2024-03-01,2024-10-01,7.0,California,1,0,0,1,S4,Domestic Financed Home Buyers,S4 - Domestic Financed Home Buyers,S1,0,0.1524553298563176,-0.7428418876264589,-0.5909920322155724,0,1,1,1,9,8,0,36.78,-119.42,USA
C0423,Individual,Female,USA,California,Personal Use,1,No,Client,75.70704996577686,65+,3,1068716.19,356238.73,299.39697998677116,1195.1966666666667,0.3333333333333333,3,2024-07-01,2025-08-01,13.0,California,1,0,0,0,S1,Domestic Cash Home Buyers,S1 - Domestic Cash Home Buyers,S1,1,0.19828159375331433,0.6590878457393106,-0.495121396907723,1,1,0,1,9,8,0,36.78,-119.42,USA
C0424,Individual,Female,USA,Florida,Personal Use,1,No,Website,27.07460643394935,<35,3,1034036.3,344678.76666666666,304.86287798475354,1107.81,0.0,3,2024-09-01,2025-02-01,5.0,Florida,1,0,0,0,S1,Domestic Cash Home Buyers,S1 - Domestic Cash Home Buyers,S1,1,0.2083685725672979,0.6211534525760969,0.349999679258305,1,1,0,2,9,14,0,27.66,-81.52,USA
C0425,Individual,Male,USA,Nevada,Personal Use,2,No,Agency,60.80766598220397,55-64,3,1256932.48,418977.49333333335,277.1864844883531,1452.2633333333333,0.0,3,2024-05-01,2025-02-01,9.1,Nevada,1,0,0,0,S1,Domestic Cash Home Buyers,S1 - Domestic Cash Home Buyers,S1,1,0.20773602316105352,0.5962453956741616,-0.684726262955544,1,1,0,0,9,25,1,38.8,-116.42,USA
C0426,Individual,Female,USA,Oregon,Personal Use,4,Yes,Client,72.23271731690623,65+,3,890250.61,296750.2033333333,319.1133959347753,874.19,0.0,3,2024-08-01,2025-12-01,16.0,Oregon,1,0,0,1,S4,Domestic Financed Home Buyers,S4 - Domestic Financed Home Buyers,S1,0,0.18623360374506748,-0.786334434145022,-0.3083663063808225,1,1,1,1,9,37,0,43.8,-120.55,USA
C0427,Individual,Female,USA,California,Personal Use,4,Yes,Website,31.318275154004105,<35,4,1457016.31,364254.0775,302.69307402108933,1216.595,0.0,4,2024-01-01,2025-06-01,17.0,California,1,0,0,1,S4,Domestic Financed Home Buyers,S4 - Domestic Financed Home Buyers,S4,1,0.272458656685885,-0.7043947733471172,-0.021495419613144384,1,1,1,2,9,8,0,36.78,-119.42,USA
C0428,Individual,Female,USA,Oregon,Personal Use,3,No,Agency,63.449691991786445,55-64,4,984451.32,246112.83,304.46346214538653,838.2925,0.0,4,2024-10-01,2025-09-01,11.0,Oregon,1,0,0,0,S1,Domestic Cash Home Buyers,S1 - Domestic Cash Home Buyers,S1,1,0.19908680143338472,0.5900485280774421,-0.6804625336891454,1,1,0,0,9,37,0,43.8,-120.55,USA
C0429,Individual,Female,USA,California,Personal Use,3,Yes,Website,30.154688569472963,<35,4,1503904.1600000001,375976.04000000004,271.6125972406938,1374.585,0.25,4,2024-01-01,2025-11-01,22.0,California,1,0,0,1,S4,Domestic Financed Home Buyers,S4 - Domestic Financed Home Buyers,S4,1,0.276205462585977,-0.7050791074249083,-0.022647302731667485,1,1,1,2,9,8,0,36.78,-119.42,USA
C0430,Individual,Male,USA,Nevada,Personal Use,2,No,Agency,51.238877481177276,45-54,3,931141.96,310380.6533333333,295.7021065249133,1033.1033333333332,0.3333333333333333,3,2024-03-01,2025-05-01,14.0,Nevada,1,0,0,0,S1,Domestic Cash Home Buyers,S1 - Domestic Cash Home Buyers,S1,1,0.2073400072777333,0.592797961653871,-0.6857857472203457,1,1,0,0,9,25,1,38.8,-116.42,USA
C0431,Individual,Male,USA,California,Personal Use,5,Yes,Website,56.6570841889117,55-64,4,1544751.33,386187.8325,313.20071224088105,1246.6175,0.0,4,2024-01-01,2025-04-01,15.0,California,1,0,0,1,S4,Domestic Financed Home Buyers,S4 - Domestic Financed Home Buyers,S4,1,0.2691283354729641,-0.698431635631012,-0.022606518192287983,1,1,1,2,9,8,1,36.78,-119.42,USA
C0432,Corporate,Male,USA,California,Personal Use,5,No,Agency,30.869267624914443,<35,4,1277850.15,319462.5375,314.6041407462146,1025.1499999999999,0.0,4,2024-08-01,2025-08-01,12.0,California,1,0,0,0,S1,Domestic Cash Home Buyers,S1 - Domestic Cash Home Buyers,S1,1,0.16074739648933292,0.6294378236308094,-0.9590592286586257,0,1,0,0,9,8,1,36.78,-119.42,USA
C0433,Individual,Female,USA,California,Investment,2,Yes,Website,56.82956878850103,55-64,4,1937061.37,484265.3425,304.29883450852856,1591.4724999999999,0.0,4,2024-07-01,2025-09-01,14.0,California,1,0,1,1,S2,Domestic Investors,S2 - Domestic Investors,S2,1,0.09642320007370418,-0.9826699410811877,-0.09587858088904999,1,0,1,2,9,8,0,36.78,-119.42,USA
C0434,Individual,Female,Russia,Tatarstan,Personal Use,5,No,Website,61.01574264202601,55-64,3,1364889.24,454963.08,308.9373434408803,1445.5566666666666,0.0,3,2024-08-01,2025-11-01,15.0,International,0,0,0,0,S3,International Buyers,S3 - International Buyers,S3,1,0.08984343170102876,0.48170921700505615,1.2419702811135833,1,1,0,2,7,46,0,55.18,50.73,RUS
C0435,Individual,Female,Australia,New South Wales,Personal Use,5,Yes,Website,59.931553730321696,55-64,3,908970.34,302990.11333333334,281.7493100861018,1077.3233333333335,0.0,3,2024-03-01,2024-11-01,8.0,International,0,0,0,1,S3,International Buyers,S3 - International Buyers,S3,1,0.03902179727681499,-0.8906576052228521,1.1537987022927754,1,1,1,2,0,26,0,-31.25,146.92,AUS
C0436,Individual,Male,USA,Colorado,Personal Use,2,Yes,Client,53.637234770705,45-54,4,1327594.64,331898.66,311.8441932238405,1064.2625,0.0,4,2024-01-01,2025-03-01,14.0,Colorado,1,0,0,1,S4,Domestic Financed Home Buyers,S4 - Domestic Financed Home Buyers,S1,0,0.19058700244137325,-0.7789430671116063,-0.32026730402919545,1,1,1,1,9,11,1,39.55,-105.78,USA
C0437,Individual,Female,USA,Texas,Personal Use,1,No,Website,35.238877481177276,35-44,3,657032.8200000001,219010.94000000003,265.68470849402985,801.46,0.0,3,2024-01-01,2024-08-01,7.0,Texas,1,0,0,0,S1,Domestic Cash Home Buyers,S1 - Domestic Cash Home Buyers,S1,1,0.20010141323426736,0.6217353561014312,0.3495331281232864,1,1,0,2,9,47,0,31.97,-99.9,USA
C0438,Individual,Male,USA,Georgia,Investment,1,Yes,Client,43.227926078028744,35-44,4,1458641.1,364660.275,292.4323939195912,1261.78,0.0,4,2024-05-01,2025-05-01,12.0,US - Other,1,0,1,1,S2,Domestic Investors,S2 - Domestic Investors,S1,0,0.059748189846618095,-1.0626109064885854,-0.37142932041345206,1,0,1,1,9,15,1,32.16,-82.9,USA
C0439,Individual,Male,USA,Virginia,Personal Use,2,No,Agency,69.81519507186859,65+,3,1273328.62,424442.87333333335,309.77485010281384,1422.97,0.3333333333333333,3,2024-02-01,2024-03-01,1.0,Virginia,1,0,0,0,S1,Domestic Cash Home Buyers,S1 - Domestic Cash Home Buyers,S1,1,0.2043286362387323,0.6122603374880904,-0.6703571333757266,1,1,0,0,9,50,1,37.43,-78.66,USA
C0440,Individual,Male,USA,California,Investment,1,No,Agency,65.46748802190281,65+,3,703498.83,234499.61,282.4074620459203,845.8633333333333,0.0,3,2024-02-01,2024-12-01,10.0,California,1,0,1,0,S2,Domestic Investors,S2 - Domestic Investors,S2,1,0.143580226618426,0.3755938726011327,-1.0240070883061443,1,0,0,0,9,8,1,36.78,-119.42,USA
C0441,Individual,Female,Russia,Krasnodar Krai,Investment,1,No,Agency,45.24845995893224,45-54,4,1525849.55,381462.3875,300.9437926864456,1239.2649999999999,0.25,4,2024-02-01,2025-10-01,20.0,International,0,0,1,0,S3,International Buyers,S3 - International Buyers,S3,1,0.06183693130296601,0.17621350225490245,0.15257429362548086,1,0,0,0,7,21,0,45.04,38.98,RUS
C0442,Individual,Female,USA,Colorado,Personal Use,3,Yes,Website,50.71594798083505,45-54,4,1707466.97,426866.7425,285.440299805932,1489.73,0.0,4,2024-01-01,2025-02-01,13.0,Colorado,1,0,0,1,S4,Domestic Financed Home Buyers,S4 - Domestic Financed Home Buyers,S4,1,0.2277084238918999,-0.7587919964710571,0.23717463447426546,1,1,1,2,9,11,0,39.55,-105.78,USA
C0443,Individual,Male,Denmark,Capital Region,Personal Use,1,Yes,Agency,75.52635181382615,65+,3,1355839.1,451946.3666666667,293.95351694731335,1527.8633333333335,0.0,3,2024-03-01,2024-07-01,4.0,International,0,0,0,1,S3,International Buyers,S3 - International Buyers,S3,1,0.01645709652120662,-0.9078105282814819,0.12055180877720345,1,1,1,0,3,9,1,55.68,12.57,DNK
C0444,Individual,Female,USA,California,Personal Use,2,No,Website,84.79671457905545,65+,4,1054514.54,263628.635,292.38370778728057,943.97,0.25,4,2024-09-01,2025-11-01,14.0,California,1,0,0,0,S1,Domestic Cash Home Buyers,S1 - Domestic Cash Home Buyers,S1,1,0.2698892821929803,0.6819536028273678,0.05962509868223398,1,1,0,2,9,8,0,36.78,-119.42,USA
C0445,Individual,Female,USA,California,Personal Use,2,Yes,Website,30.135523613963038,<35,4,1425691.63,356422.9075,323.00629612872393,1101.9875,0.25,4,2024-01-01,2025-07-01,18.0,California,1,0,0,1,S4,Domestic Financed Home Buyers,S4 - Domestic Financed Home Buyers,S4,1,0.2713211287965256,-0.7050363216032689,-0.023167226625030235,1,1,1,2,9,8,0,36.78,-119.42,USA
C0446,Individual,Male,USA,Colorado,Personal Use,2,No,Website,70.91307323750856,65+,3,1024655.04,341551.68,274.3202198630034,1258.6899999999998,0.3333333333333333,3,2024-02-01,2025-01-01,11.0,Colorado,1,0,0,0,S1,Domestic Cash Home Buyers,S1 - Domestic Cash Home Buyers,S1,1,0.22246592511147814,0.6190546882562709,0.3219869507300318,1,1,0,2,9,11,1,39.55,-105.78,USA
C0447,Individual,Female,USA,New York,Personal Use,2,No,Website,69.51129363449692,65+,3,1543592.15,514530.7166666666,307.121240292514,1680.5266666666666,0.3333333333333333,3,2024-04-01,2025-09-01,17.0,New York,1,0,0,0,S1,Domestic Cash Home Buyers,S1 - Domestic Cash Home Buyers,S1,1,0.21654782451165275,0.6247946993662197,0.3519008498436383,1,1,0,2,9,27,0,43.0,-75.0,USA
C0448,Individual,Male,USA,Nevada,Investment,2,No,Agency,45.55783709787816,45-54,3,942066.48,314022.16,293.4816106541252,1050.08,0.0,3,2024-01-01,2024-12-01,11.0,Nevada,1,0,1,0,S2,Domestic Investors,S2 - Domestic Investors,S2,1,0.13415052385734824,0.30727688715926654,-0.756640236026854,1,0,0,0,9,25,1,38.8,-116.42,USA
C0449,Individual,Male,USA,Oregon,Investment,2,No,Agency,53.51950718685831,45-54,3,1418922.44,472974.14666666667,313.16286683153135,1504.28,0.6666666666666666,3,2024-07-01,2025-08-01,13.0,Oregon,1,0,1,0,S2,Domestic Investors,S2 - Domestic Investors,S2,1,0.1279217236210887,0.30179228626533744,-0.7525372914726955,1,0,0,0,9,37,1,43.8,-120.55,USA
C0450,Individual,Male,Mexico,Nuevo Leon,Personal Use,3,No,Website,33.86447638603696,<35,4,1555297.3699999999,388824.34249999997,316.0358646367394,1258.5825,0.0,4,2024-06-01,2025-01-01,7.0,International,0,0,0,0,S3,International Buyers,S3 - International Buyers,S3,1,0.09421169050104056,0.46931645155576557,1.2399739803045,1,1,0,2,6,33,1,25.59,-99.99,MEX
C0451,Individual,Male,Canada,Alberta,Investment,5,Yes,Client,40.27926078028747,35-44,4,1665967.4100000001,416491.85250000004,308.73425162687926,1339.695,0.25,4,2025-02-01,2025-10-01,8.0,International,0,0,1,1,S3,International Buyers,S3 - International Buyers,S3,1,0.07000291909581775,-1.2188226611023394,0.563522431635401,1,0,1,1,2,0,1,53.93,-116.58,CAN
C0452,Individual,Male,USA,Washington,Personal Use,3,No,Website,58.20670773442848,55-64,4,1398358.69,349589.6725,316.493204669515,1086.2275,0.0,4,2024-08-01,2025-09-01,13.0,Washington,1,0,0,0,S1,Domestic Cash Home Buyers,S1 - Domestic Cash Home Buyers,S1,1,0.23020004132744454,0.6186385889825756,0.3466818641864491,1,1,0,2,9,53,1,47.75,-120.74,USA
C0453,Individual,Male,UK,Scotland,Investment,1,No,Website,32.709103353867214,<35,4,1321010.76,330252.69,301.104230303951,1103.3025,0.0,4,2024-06-01,2025-07-01,13.0,International,0,0,1,0,S3,International Buyers,S3 - International Buyers,S3,1,0.10437787584298183,0.17573606438099038,1.240625730507772,1,0,0,2,8,43,1,56.49,-4.2,GBR
C0454,Corporate,Female,USA,Nevada,Investment,4,No,Agency,64.75017111567419,55-64,3,980683.73,326894.57666666666,306.9392060404991,1072.4833333333333,0.0,3,2024-01-01,2024-11-01,10.0,Nevada,1,0,1,0,S2,Domestic Investors,S2 - Domestic Investors,S1,0,0.09799532585290101,0.2883363375872678,-0.767678499457392,0,0,0,0,9,25,0,38.8,-116.42,USA
C0455,Individual,Female,USA,California,Personal Use,1,No,Agency,62.913073237508556,55-64,4,1125726.62,281431.655,331.69961032443473,838.2925,0.0,4,2024-04-01,2025-07-01,15.0,California,1,0,0,0,S1,Domestic Cash Home Buyers,S1 - Domestic Cash Home Buyers,S1,1,0.2413652248416592,0.6606402779554197,-0.9523459609719898,1,1,0,0,9,8,0,36.78,-119.42,USA
C0456,Individual,Female,USA,Oregon,Personal Use,3,Yes,Website,30.119096509240247,<35,3,1349210.55,449736.85000000003,309.63612122143303,1448.82,0.0,3,2024-03-01,2025-08-01,17.0,Oregon,1,0,0,1,S4,Domestic Financed Home Buyers,S4 - Domestic Financed Home Buyers,S4,1,0.22059060246505105,-0.7749993657768375,0.25105547318973465,1,1,1,2,9,37,0,43.8,-120.55,USA
C0457,Individual,Male,UK,Wales,Investment,1,No,Agency,45.451060917180016,45-54,3,1399940.21,466646.73666666663,310.4024237825942,1457.8333333333333,0.0,3,2024-06-01,2025-04-01,10.0,International,0,0,1,0,S3,International Buyers,S3 - International Buyers,S3,1,0.08425646381525975,0.16187675703622656,0.22769717516887283,1,0,0,0,8,51,1,52.13,-3.78,GBR
C0458,Individual,Male,USA,Oregon,Investment,1,No,Agency,30.494182067077343,<35,4,1382881.81,345720.4525,319.65410898630785,1123.3175,0.25,4,2024-05-01,2025-09-01,16.0,Oregon,1,0,1,0,S2,Domestic Investors,S2 - Domestic Investors,S2,1,0.12954826785347198,0.2974234489410971,-0.7518182164856835,1,0,0,0,9,37,1,43.8,-120.55,USA
C0459,Individual,Male,USA,California,Personal Use,3,No,Agency,70.77618069815195,65+,3,821716.14,273905.38,292.1623183822492,945.65,0.3333333333333333,3,2024-03-01,2024-12-01,9.0,California,1,0,0,0,S1,Domestic Cash Home Buyers,S1 - Domestic Cash Home Buyers,S1,1,0.25421324643087045,0.6610153804490291,-0.9519787589625741,1,1,0,0,9,8,1,36.78,-119.42,USA
C0460,Individual,Female,USA,Virginia,Personal Use,1,No,Website,33.01574264202601,<35,3,1061349.03,353783.01,312.40293478692,1078.7866666666666,0.3333333333333333,3,2024-08-01,2025-07-01,11.0,Virginia,1,0,0,0,S1,Domestic Cash Home Buyers,S1 - Domestic Cash Home Buyers,S1,1,0.2103171356611949,0.6203247025567729,0.3452129482881308,1,1,0,2,9,50,0,37.43,-78.66,USA
C0461,Individual,Male,USA,Arizona,Personal Use,1,No,Agency,65.87268993839835,65+,3,986630.39,328876.7966666667,301.8269514846226,1157.47,0.3333333333333333,3,2024-02-01,2025-04-01,14.0,Arizona,1,0,0,0,S1,Domestic Cash Home Buyers,S1 - Domestic Cash Home Buyers,S1,1,0.19637272841535836,0.607789792005317,-0.6760012464566354,1,1,0,0,9,1,1,34.05,-111.09,USA
C0462,Individual,Male,Australia,Victoria,Personal Use,2,No,Agency,82.19301848049281,65+,4,1606667.68,401666.92,303.4503826175592,1316.0375,0.0,4,2024-11-01,2025-06-01,7.0,International,0,0,0,0,S3,International Buyers,S3 - International Buyers,S3,1,0.0742594575921148,0.473356330917795,0.223299094410355,1,1,0,0,0,49,1,-36.85,144.28,AUS
C0463,Individual,Male,USA,California,Personal Use,5,No,Client,55.55099247091034,55-64,4,1235094.73,308773.6825,306.629900030289,989.46,0.25,4,2024-05-01,2024-10-01,5.0,California,1,0,0,0,S1,Domestic Cash Home Buyers,S1 - Domestic Cash Home Buyers,S1,1,0.20786044697475306,0.6542634240750278,-0.49329866854723686,1,1,0,1,9,8,1,36.78,-119.42,USA
C0464,Individual,Male,USA,Florida,Personal Use,5,No,Website,51.05544147843943,45-54,4,1455550.0,363887.5,284.2502461097144,1276.8225,0.25,4,2024-12-01,2025-10-01,10.0,Florida,1,0,0,0,S1,Domestic Cash Home Buyers,S1 - Domestic Cash Home Buyers,S1,1,0.2221079273695638,0.6262942762872177,0.34817153819602065,1,1,0,2,9,14,1,27.66,-81.52,USA
C0465,Individual,Male,USA,California,Personal Use,3,No,Website,76.32854209445586,65+,3,707799.9199999999,235933.30666666664,282.87186409222505,839.1433333333334,0.0,3,2024-02-01,2025-12-01,22.0,California,1,0,0,0,S1,Domestic Cash Home Buyers,S1 - Domestic Cash Home Buyers,S1,1,0.2787354895820319,0.6798032781067422,0.06247640789606068,1,1,0,2,9,8,1,36.78,-119.42,USA
C0466,Individual,Female,USA,Virginia,Investment,2,No,Website,37.61806981519507,35-44,4,1228651.21,307162.8025,299.3764364442108,1030.21,0.25,4,2024-01-01,2025-11-01,22.0,Virginia,1,0,1,0,S2,Domestic Investors,S2 - Domestic Investors,S2,1,0.12770639282926713,0.3367760940695888,0.2717702278528769,1,0,0,2,9,50,0,37.43,-78.66,USA
C0467,Individual,Female,USA,Ohio,Personal Use,1,Yes,Agency,73.73853524982889,65+,3,976066.93,325355.64333333337,283.64758590037087,1155.6966666666667,0.0,3,2024-08-01,2025-08-01,12.0,US - Other,1,0,0,1,S4,Domestic Financed Home Buyers,S4 - Domestic Financed Home Buyers,S4,1,0.19301906885141448,-0.7673244511572699,-0.7575643298544692,1,1,1,0,9,35,0,40.42,-82.91,USA
C0468,Individual,Male,Mexico,Jalisco,Investment,3,Yes,Website,73.13073237508556,65+,3,1267396.7999999998,422465.5999999999,303.951174411019,1386.32,0.3333333333333333,3,2024-02-01,2024-09-01,7.0,International,0,0,1,1,S3,International Buyers,S3 - International Buyers,S3,1,0.0722312905252674,-1.181886186492882,1.0783934828440662,1,0,1,2,6,19,1,20.66,-103.35,MEX
C0469,Individual,Male,USA,California,Personal Use,2,No,Website,28.774811772758383,<35,4,1518476.47,379619.1175,302.7937775205082,1265.3825,0.0,4,2024-02-01,2024-10-01,8.0,California,1,0,0,0,S1,Domestic Cash Home Buyers,S1 - Domestic Cash Home Buyers,S1,1,0.275149303538074,0.6697590066055712,0.06476249618298424,1,1,0,2,9,8,1,36.78,-119.42,USA
C0470,Individual,Female,USA,Oregon,Personal Use,1,No,Agency,62.86926762491444,55-64,3,862552.54,287517.51333333337,317.65314341816924,883.7466666666666,0.0,3,2024-04-01,2024-11-01,7.0,Oregon,1,0,0,0,S1,Domestic Cash Home Buyers,S1 - Domestic Cash Home Buyers,S1,1,0.18916991973406375,0.5899259513824588,-0.6797820765507228,1,1,0,0,9,37,0,43.8,-120.55,USA
C0471,Individual,Male,USA,Utah,Investment,3,No,Agency,41.51403148528405,35-44,3,1084997.39,361665.79666666663,305.4209950146938,1209.64,0.6666666666666666,3,2024-01-01,2024-10-01,9.0,Utah,1,0,1,0,S2,Domestic Investors,S2 - Domestic Investors,S2,1,0.12405124639417639,0.31716330066977777,-0.7455849388929663,1,0,0,0,9,48,1,39.32,-111.09,USA
C0472,Individual,Male,USA,California,Personal Use,4,No,Website,74.24229979466119,65+,3,1277486.3699999999,425828.79,306.04375845996213,1394.21,0.0,3,2024-10-01,2025-11-01,13.0,California,1,0,0,0,S1,Domestic Cash Home Buyers,S1 - Domestic Cash Home Buyers,S1,1,0.28332584280811535,0.6800051565111507,0.06409116237209722,1,1,0,2,9,8,1,36.78,-119.42,USA
C0473,Individual,Female,USA,California,Personal Use,3,No,Agency,44.394250513347025,35-44,4,1304527.6600000001,326131.91500000004,311.0032863747571,1042.725,0.0,4,2024-11-01,2025-10-01,11.0,California,1,0,0,0,S1,Domestic Cash Home Buyers,S1 - Domestic Cash Home Buyers,S1,1,0.2612157726943765,0.6562142120643424,-0.9500316389466363,1,1,0,0,9,8,0,36.78,-119.42,USA
C0474,Individual,Male,USA,Nevada,Personal Use,1,No,Website,30.064339493497606,<35,4,962015.29,240503.8225,293.43947677979094,824.2025,0.25,4,2024-05-01,2025-12-01,19.0,Nevada,1,0,0,0,S1,Domestic Cash Home Buyers,S1 - Domestic Cash Home Buyers,S1,1,0.20591909291136462,0.605097362736901,0.3277109118670568,1,1,0,2,9,25,1,38.8,-116.42,USA
C0475,Individual,Male,Belgium,Wallonia,Investment,2,Yes,Agency,79.37029431895962,65+,3,1234470.16,411490.0533333333,298.7582574583638,1371.6133333333335,0.6666666666666666,3,2024-05-01,2024-08-01,3.0,International,0,0,1,1,S3,International Buyers,S3 - International Buyers,S3,1,0.056917140609974125,-1.1858446958824245,0.07002497425970594,1,0,1,0,1,52,1,50.41,4.44,BEL
C0476,Individual,Male,USA,Florida,Personal Use,3,No,Agency,28.739219712525667,<35,4,1485303.01,371325.7525,286.9801751470443,1299.3675,0.25,4,2024-03-01,2025-05-01,14.0,Florida,1,0,0,0,S1,Domestic Cash Home Buyers,S1 - Domestic Cash Home Buyers,S1,1,0.20291751260734345,0.6043635146512325,-0.6651357862197556,1,1,0,0,9,14,1,27.66,-81.52,USA
C0477,Individual,Male,USA,California,Investment,4,Yes,Website,41.91375770020534,35-44,3,1535114.88,511704.95999999996,340.6211221673721,1452.2633333333333,0.3333333333333333,3,2024-06-01,2025-08-01,14.0,California,1,0,1,1,S2,Domestic Investors,S2 - Domestic Investors,S2,1,0.09724408795026009,-0.9875779619989167,-0.0938891610031733,1,0,1,2,9,8,1,36.78,-119.42,USA
C0478,Individual,Female,USA,Ohio,Investment,4,No,Website,85.41273100616016,65+,3,774892.79,258297.59666666668,269.7359731946328,997.4133333333333,0.3333333333333333,3,2024-02-01,2024-10-01,8.0,US - Other,1,0,1,0,S2,Domestic Investors,S2 - Domestic Investors,S2,1,0.11808291253124506,0.34040760555963684,0.2698224683204986,1,0,0,2,9,35,0,40.42,-82.91,USA
C0479,Individual,Female,USA,California,Personal Use,2,Yes,Agency,47.73716632443532,45-54,4,1172782.93,293195.7325,306.60761210683484,956.6725,0.25,4,2024-04-01,2025-07-01,15.0,California,1,0,0,1,S4,Domestic Financed Home Buyers,S4 - Domestic Financed Home Buyers,S4,1,0.2530485726490804,-0.7180503133954982,-1.0385930836483546,1,1,1,0,9,8,0,36.78,-119.42,USA
C0480,Individual,Male,USA,California,Personal Use,4,Yes,Website,51.290896646132786,45-54,4,1033261.03,258315.2575,310.4080044304496,827.2,0.0,4,2024-02-01,2025-07-01,17.0,California,1,0,0,1,S4,Domestic Financed Home Buyers,S4 - Domestic Financed Home Buyers,S4,1,0.2821420559329113,-0.7001384671514769,-0.023402433443544313,1,1,1,2,9,8,1,36.78,-119.42,USA
C0481,Individual,Male,USA,Arizona,Personal Use,3,No,Agency,49.05133470225873,45-54,4,1365460.24,341365.06,319.7953565311169,1040.8899999999999,0.25,4,2024-04-01,2025-09-01,17.0,Arizona,1,0,0,0,S1,Domestic Cash Home Buyers,S1 - Domestic Cash Home Buyers,S1,1,0.21127165927509067,0.6042475114553589,-0.6749245451165911,1,1,0,0,9,1,1,34.05,-111.09,USA
C0482,Individual,Female,USA,New York,Investment,3,Yes,Agency,45.229295003422315,45-54,3,1006132.77,335377.59,288.31251028207953,1155.4633333333334,0.3333333333333333,3,2024-09-01,2025-10-01,13.0,New York,1,0,1,1,S2,Domestic Investors,S2 - Domestic Investors,S2,1,0.07464982185370797,-1.0579990017732774,-0.8200598033454622,1,0,1,0,9,27,0,43.0,-75.0,USA
C0483,Individual,Male,USA,Arizona,Investment,1,No,Website,40.145106091718,35-44,3,881113.79,293704.5966666667,312.8909163237087,934.8733333333333,0.0,3,2024-03-01,2025-01-01,10.1,Arizona,1,0,1,0,S2,Domestic Investors,S2 - Domestic Investors,S2,1,0.12690409337405864,0.3342603932018316,0.26815733833678085,1,0,0,2,9,1,1,34.05,-111.09,USA
C0484,Individual,Female,USA,Texas,Investment,3,No,Website,36.70088980150582,35-44,4,1313240.67,328310.1675,294.4071600592643,1114.105,0.25,4,2024-04-01,2025-07-01,15.0,Texas,1,0,1,0,S2,Domestic Investors,S2 - Domestic Investors,S2,1,0.13194917632146985,0.3373124927360949,0.2765504072759377,1,0,0,2,9,47,0,31.97,-99.9,USA
C0485,Individual,Female,USA,Arizona,Personal Use,2,No,Website,34.234086242299796,<35,3,1000841.1799999999,333613.7266666666,282.8760171625835,1144.8033333333333,0.0,3,2024-02-01,2024-10-01,8.0,Arizona,1,0,0,0,S1,Domestic Cash Home Buyers,S1 - Domestic Cash Home Buyers,S1,1,0.22108933666134054,0.6178712628767953,0.34158063051379184,1,1,0,2,9,1,0,34.05,-111.09,USA
C0486,Individual,Male,USA,California,Investment,2,Yes,Website,26.29158110882957,<35,3,1090587.66,363529.22,306.2980452606605,1175.45,0.0,3,2024-04-01,2025-05-01,13.0,California,1,0,1,1,S2,Domestic Investors,S2 - Domestic Investors,S2,1,0.09769328395840343,-0.9907450381773539,-0.09319518577113217,1,0,1,2,9,8,1,36.78,-119.42,USA
C0487,Individual,Female,USA,Washington,Personal Use,5,No,Website,34.19028062970568,<35,4,1576272.71,394068.1775,300.72336015493204,1295.0975,0.25,4,2024-08-01,2025-07-01,11.0,Washington,1,0,0,0,S1,Domestic Cash Home Buyers,S1 - Domestic Cash Home Buyers,S1,1,0.21580908253108072,0.6122979616366973,0.3484450278481911,1,1,0,2,9,53,0,47.75,-120.74,USA
C0488,Individual,Female,USA,California,Investment,4,No,Agency,46.64202600958248,45-54,4,1218265.3599999999,304566.33999999997,300.25830784913865,990.9875000000001,0.25,4,2024-03-01,2024-12-01,9.0,California,1,0,1,0,S2,Domestic Investors,S2 - Domestic Investors,S2,1,0.15577732202989042,0.37100081576019844,-1.0231185730190684,1,0,0,0,9,8,0,36.78,-119.42,USA
C0489,Individual,Male,Germany,Berlin,Investment,2,No,Website,75.564681724846,65+,3,1025274.77,341758.25666666665,309.1097918928489,1102.8633333333335,0.0,3,2024-07-01,2024-08-01,1.0,International,0,0,1,0,S3,International Buyers,S3 - International Buyers,S3,1,0.08985164381678096,0.18947271874667698,1.1890106925550497,1,0,0,2,5,4,1,52.52,13.4,DEU
C0490,Individual,Female,USA,Nevada,Investment,5,Yes,Website,71.93702943189597,65+,3,1292367.93,430789.31,348.3129554083068,1240.6066666666666,0.0,3,2024-01-01,2025-11-01,22.0,Nevada,1,0,1,1,S2,Domestic Investors,S2 - Domestic Investors,S2,1,0.08089939058354412,-1.0439419905804515,0.17055893383089926,1,0,1,2,9,25,0,38.8,-116.42,USA
C0491,Individual,Male,USA,Washington,Personal Use,2,No,Website,84.40520191649556,65+,3,1106379.8,368793.26666666666,316.2532060301885,1168.3833333333334,0.0,3,2024-04-01,2024-12-01,8.0,Washington,1,0,0,0,S1,Domestic Cash Home Buyers,S1 - Domestic Cash Home Buyers,S1,1,0.2161557815351596,0.6245981816513029,0.3458715366221532,1,1,0,2,9,53,1,47.75,-120.74,USA
C0492,Individual,Male,USA,Utah,Personal Use,3,Yes,Website,25.650924024640656,<35,4,1300917.1,325229.275,313.8182642173241,1008.6625,0.0,4,2025-04-01,2025-08-01,4.0,Utah,1,0,0,1,S4,Domestic Financed Home Buyers,S4 - Domestic Financed Home Buyers,S4,1,0.214582807876659,-0.7573557306737848,0.255777061142809,1,1,1,2,9,48,1,39.32,-111.09,USA
C0493,Individual,Male,USA,Colorado,Personal Use,3,No,Website,71.4880219028063,65+,4,1312198.98,328049.745,292.41602997198896,1141.225,0.25,4,2024-01-01,2025-04-01,15.0,Colorado,1,0,0,0,S1,Domestic Cash Home Buyers,S1 - Domestic Cash Home Buyers,S1,1,0.22862592008720212,0.6196478972979003,0.32137247580911743,1,1,0,2,9,11,1,39.55,-105.78,USA
C0494,Individual,Female,USA,California,Personal Use,3,Yes,Website,35.4113620807666,35-44,4,1052676.65,263169.1625,286.36534222271075,911.0425,0.0,4,2024-04-01,2025-12-01,20.0,California,1,0,0,1,S4,Domestic Financed Home Buyers,S4 - Domestic Financed Home Buyers,S4,1,0.27841758555328117,-0.7037537302430019,-0.02276648298884487,1,1,1,2,9,8,0,36.78,-119.42,USA
C0495,Individual,Male,USA,California,Investment,5,No,Client,71.86584531143053,65+,4,1246742.44,311685.61,316.57335953411865,984.9525,0.0,4,2024-01-01,2025-12-01,23.0,California,1,0,1,0,S2,Domestic Investors,S2 - Domestic Investors,S1,0,0.12203806602861668,0.3737593701565483,-0.5658679631139465,1,0,0,1,9,8,1,36.78,-119.42,USA
C0496,Individual,Male,USA,California,Personal Use,4,No,Agency,35.98904859685147,35-44,4,1120376.44,280094.11,296.43747164743013,947.7475000000001,0.0,4,2024-06-01,2025-05-01,11.0,California,1,0,0,0,S1,Domestic Cash Home Buyers,S1 - Domestic Cash Home Buyers,S1,1,0.2509492840914729,0.6538908706179911,-0.9493329101653956,1,1,0,0,9,8,1,36.78,-119.42,USA
C0497,Individual,Female,USA,Arizona,Investment,4,Yes,Website,40.90896646132786,35-44,3,1330684.99,443561.66333333333,307.850364923873,1438.2933333333333,0.3333333333333333,3,2024-03-01,2025-04-01,13.0,Arizona,1,0,1,1,S2,Domestic Investors,S2 - Domestic Investors,S2,1,0.0830476677404575,-1.04057339009828,0.18210609705601308,1,0,1,2,9,1,0,34.05,-111.09,USA
C0498,Individual,Female,Canada,Alberta,Personal Use,2,Yes,Website,77.10882956878851,65+,3,1007455.29,335818.43,271.5597603730395,1258.3999999999999,0.3333333333333333,3,2024-03-01,2024-12-01,9.0,International,0,0,0,1,S3,International Buyers,S3 - International Buyers,S3,1,0.05864729699424493,-0.9050927337023356,1.189171127256662,1,1,1,2,2,0,0,53.93,-116.58,CAN
C0499,Individual,Female,USA,Colorado,Personal Use,3,Yes,Agency,79.88774811772758,65+,3,897769.81,299256.60333333333,343.7293882516419,863.7633333333333,0.3333333333333333,3,2024-02-01,2025-02-01,12.0,Colorado,1,0,0,1,S4,Domestic Financed Home Buyers,S4 - Domestic Financed Home Buyers,S4,1,0.20827621790373585,-0.7704938841464489,-0.7792128195721453,1,1,1,0,9,11,0,39.55,-105.78,USA
C0500,Individual,Male,USA,California,Personal Use,4,Yes,Website,48.79671457905544,45-54,3,1294944.52,431648.17333333334,301.6105027947336,1438.2933333333333,0.3333333333333333,3,2024-08-01,2024-12-01,4.0,California,1,0,0,1,S4,Domestic Financed Home Buyers,S4 - Domestic Financed Home Buyers,S4,1,0.2773662145810641,-0.7012264919993756,-0.022251436178668538,1,1,1,2,9,8,1,36.78,-119.42,USA
C0501,Individual,Male,USA,Nevada,Investment,5,Yes,Agency,30.135523613963038,<35,4,1741166.27,435291.5675,298.61165147213114,1454.35,0.25,4,2024-01-01,2025-05-01,16.0,Nevada,1,0,1,1,S2,Domestic Investors,S2 - Domestic Investors,S2,1,0.07988970992711296,-1.0708764083300104,-0.8427270959400714,1,0,1,0,9,25,1,38.8,-116.42,USA
C0502,Individual,Female,USA,Arizona,Personal Use,4,No,Website,59.09103353867214,55-64,4,1537989.75,384497.4375,290.45670616800567,1324.385,0.5,4,2024-01-01,2025-08-01,19.0,Arizona,1,0,0,0,S1,Domestic Cash Home Buyers,S1 - Domestic Cash Home Buyers,S1,1,0.22416979998634293,0.6230098602069583,0.3381426506001024,1,1,0,2,9,1,0,34.05,-111.09,USA
C0503,Individual,Male,USA,Utah,Investment,2,Yes,Client,82.26420260095824,65+,4,1432167.34,358041.835,309.6175696888815,1135.53,0.25,4,2024-03-01,2025-09-01,18.0,Utah,1,0,1,1,S2,Domestic Investors,S2 - Domestic Investors,S1,0,0.06137255709961647,-1.049834284563605,-0.377767238249002,1,0,1,1,9,48,1,39.32,-111.09,USA
C0504,Individual,Male,USA,Utah,Personal Use,2,No,Website,33.96303901437371,<35,4,1367188.58,341797.145,307.66700450808355,1108.6075,0.0,4,2024-04-01,2025-12-01,20.0,Utah,1,0,0,0,S1,Domestic Cash Home Buyers,S1 - Domestic Cash Home Buyers,S1,1,0.2195827491861685,0.6192603585074841,0.34177260856514785,1,1,0,2,9,48,1,39.32,-111.09,USA
C0505,Individual,Female,USA,Arizona,Personal Use,3,No,Agency,30.455852156057496,<35,3,1043535.21,347845.07,307.0346243577051,1125.17,0.0,3,2024-02-01,2024-09-01,7.0,Arizona,1,0,0,0,S1,Domestic Cash Home Buyers,S1 - Domestic Cash Home Buyers,S1,1,0.20453042557766943,0.599998691926714,-0.6716114724691535,1,1,0,0,9,1,0,34.05,-111.09,USA
C0506,Individual,Male,USA,California,Personal Use,5,No,Agency,58.49418206707735,55-64,3,1122203.03,374067.6766666667,298.86090954521507,1267.4066666666668,0.3333333333333333,3,2024-09-01,2025-11-01,14.0,California,1,0,0,0,S1,Domestic Cash Home Buyers,S1 - Domestic Cash Home Buyers,S1,1,0.2446289043898128,0.6582943511247701,-0.949775322868404,1,1,0,0,9,8,1,36.78,-119.42,USA
C0507,Individual,Male,USA,New York,Personal Use,3,No,Website,74.84462696783025,65+,3,1062656.6099999999,354218.86999999994,295.17952216092317,1221.3833333333334,0.0,3,2024-04-01,2025-06-01,14.0,New York,1,0,0,0,S1,Domestic Cash Home Buyers,S1 - Domestic Cash Home Buyers,S1,1,0.22400855029026367,0.6261852352638106,0.35245888910745765,1,1,0,2,9,27,1,43.0,-75.0,USA
C0508,Individual,Female,USA,Nevada,Personal Use,5,No,Agency,55.983572895277206,55-64,3,833710.06,277903.35333333333,295.227784033305,900.6166666666667,0.3333333333333333,3,2024-06-01,2025-01-01,7.0,Nevada,1,0,0,0,S1,Domestic Cash Home Buyers,S1 - Domestic Cash Home Buyers,S1,1,0.20076134288858752,0.5934053266144368,-0.6850127530016574,1,1,0,0,9,25,0,38.8,-116.42,USA
C0509,Individual,Male,Belgium,Wallonia,Personal Use,3,No,Website,69.74674880219028,65+,4,1687930.25,421982.5625,313.49759921744516,1333.2775000000001,0.25,4,2024-10-01,2025-01-01,3.0,International,0,0,0,0,S3,International Buyers,S3 - International Buyers,S3,1,0.09857589413579225,0.48951479872552467,1.2445274736890835,1,1,0,2,1,52,1,50.41,4.44,BEL
C0510,Individual,Female,France,Brittany,Investment,1,Yes,Website,78.34360027378509,65+,3,1094232.67,364744.2233333333,293.37469787974555,1243.8233333333333,0.0,3,2024-05-01,2025-07-01,14.0,International,0,0,1,1,S3,International Buyers,S3 - International Buyers,S3,1,0.07464460135957413,-1.1841441566387396,1.100150245359492,1,0,1,2,4,6,0,48.2,-2.93,FRA
C0511,Individual,Female,UK,England,Personal Use,2,No,Website,71.44969199178645,65+,3,1090537.6,363512.5333333334,314.26367369464674,1179.5233333333333,0.6666666666666666,3,2024-10-01,2025-05-01,7.0,International,0,0,0,0,S3,International Buyers,S3 - International Buyers,S3,1,0.12013265116880949,0.4679097280983597,1.3100299127835158,1,1,0,2,8,12,0,52.36,-1.17,GBR
C0512,Individual,Female,USA,Arizona,Personal Use,1,No,Client,80.5119780971937,65+,3,1448158.1400000001,482719.38000000006,293.6759220515758,1654.4733333333334,0.0,3,2024-04-01,2025-11-01,19.0,Arizona,1,0,0,0,S1,Domestic Cash Home Buyers,S1 - Domestic Cash Home Buyers,S1,1,0.16687034197493877,0.608852344728344,-0.2175613183046609,1,1,0,1,9,1,0,34.05,-111.09,USA
C0513,Individual,Male,USA,Florida,Personal Use,2,Yes,Agency,26.819986310746064,<35,3,974596.63,324865.54333333333,305.4693348530066,1049.5133333333333,0.0,3,2024-05-01,2024-12-01,7.0,Florida,1,0,0,1,S4,Domestic Financed Home Buyers,S4 - Domestic Financed Home Buyers,S4,1,0.19015140806534336,-0.770480740730377,-0.7504720042699198,1,1,1,0,9,14,1,27.66,-81.52,USA
C0514,Individual,Female,USA,Oregon,Personal Use,1,Yes,Website,48.37234770704997,45-54,4,1528027.54,382006.885,286.46656147751514,1316.0375,0.5,4,2024-07-01,2025-07-01,12.0,Oregon,1,0,0,1,S4,Domestic Financed Home Buyers,S4 - Domestic Financed Home Buyers,S4,1,0.2158182272124668,-0.7713627887528844,0.24579720926596346,1,1,1,2,9,37,0,43.8,-120.55,USA
C0515,Individual,Female,USA,California,Personal Use,1,Yes,Website,62.3025325119781,55-64,4,1561824.93,390456.2325,291.06402877415996,1342.7925,0.0,4,2024-06-01,2025-08-01,14.0,California,1,0,0,1,S4,Domestic Financed Home Buyers,S4 - Domestic Financed Home Buyers,S4,1,0.2702304902979995,-0.6965938204836681,-0.02465600723585948,1,1,1,2,9,8,0,36.78,-119.42,USA
C0516,Individual,Male,USA,Utah,Personal Use,3,No,Website,79.69609856262834,65+,4,1437837.49,359459.3725,307.8719376284213,1196.8899999999999,0.25,4,2024-04-01,2024-11-01,7.0,Utah,1,0,0,0,S1,Domestic Cash Home Buyers,S1 - Domestic Cash Home Buyers,S1,1,0.2237231159545324,0.6294704966674536,0.33846813227320477,1,1,0,2,9,48,1,39.32,-111.09,USA
C0517,Individual,Male,USA,California,Personal Use,5,No,Client,66.78439425051334,65+,4,1115807.0,278951.75,293.8346641485807,939.4875,0.0,4,2024-03-01,2025-08-01,17.0,California,1,0,0,0,S1,Domestic Cash Home Buyers,S1 - Domestic Cash Home Buyers,S1,1,0.20550445901005918,0.6573580723140504,-0.4933496402410788,1,1,0,1,9,8,1,36.78,-119.42,USA
C0518,Corporate,Female,USA,New York,Personal Use,3,No,Website,63.611225188227245,55-64,4,1633111.65,408277.9125,331.1825451605455,1196.9724999999999,0.0,4,2024-07-01,2025-07-01,12.0,New York,1,0,0,0,S1,Domestic Cash Home Buyers,S1 - Domestic Cash Home Buyers,S1,1,0.1568938511571305,0.6008623570212013,0.3415044058453059,0,1,0,2,9,27,0,43.0,-75.0,USA
C0519,Individual,Female,USA,Arizona,Investment,3,No,Agency,50.24229979466119,45-54,3,981719.26,327239.75333333336,296.6203837905688,1108.9966666666667,0.0,3,2024-12-01,2025-07-01,7.0,Arizona,1,0,1,0,S2,Domestic Investors,S2 - Domestic Investors,S2,1,0.1321635205258393,0.31964587198591105,-0.7453892814421017,1,0,0,0,9,1,0,34.05,-111.09,USA
C0520,Individual,Female,USA,Oregon,Personal Use,3,Yes,Agency,55.885010266940455,55-64,3,1033523.16,344507.72000000003,306.64664633721344,1108.9966666666667,0.0,3,2024-01-01,2025-10-01,21.0,Oregon,1,0,0,1,S4,Domestic Financed Home Buyers,S4 - Domestic Financed Home Buyers,S4,1,0.21028354893965037,-0.7861776783611605,-0.7650264016144785,1,1,1,0,9,37,0,43.8,-120.55,USA
C0521,Individual,Female,Canada,British Columbia,Personal Use,3,No,Website,58.74880219028063,55-64,4,1074306.5,268576.625,308.80590188229496,872.6800000000001,0.0,4,2024-07-01,2025-08-01,13.0,International,0,0,0,0,S3,International Buyers,S3 - International Buyers,S3,1,0.12060346983912924,0.4657912301566642,1.2771854627565065,1,1,0,2,2,5,0,53.73,-127.65,CAN
C0522,Individual,Female,USA,Virginia,Personal Use,5,No,Agency,83.46885694729637,65+,3,993023.13,331007.71,270.6832271290653,1240.6066666666666,0.3333333333333333,3,2024-08-01,2025-12-01,16.0,Virginia,1,0,0,0,S1,Domestic Cash Home Buyers,S1 - Domestic Cash Home Buyers,S1,1,0.1967077811770919,0.6147872906506526,-0.6704076762073583,1,1,0,0,9,50,0,37.43,-78.66,USA
C0523,Individual,Female,USA,Colorado,Personal Use,2,No,Agency,65.35797399041752,65+,3,928962.95,309654.31666666665,292.50010474679505,1058.6633333333332,0.6666666666666666,3,2024-11-01,2025-12-01,13.0,Colorado,1,0,0,0,S1,Domestic Cash Home Buyers,S1 - Domestic Cash Home Buyers,S1,1,0.1906261896549247,0.599923832449557,-0.6929093183502155,1,1,0,0,9,11,0,39.55,-105.78,USA
C0524,Individual,Male,USA,Washington,Personal Use,3,No,Website,72.6050650239562,65+,3,801104.6900000001,267034.89666666667,293.96194183625585,897.3100000000001,0.0,3,2024-02-01,2024-12-01,10.0,Washington,1,0,0,0,S1,Domestic Cash Home Buyers,S1 - Domestic Cash Home Buyers,S1,1,0.22429502166291776,0.6212342109577846,0.3464855794965601,1,1,0,2,9,53,1,47.75,-120.74,USA
C0525,Individual,Male,USA,Arizona,Personal Use,4,Yes,Agency,75.55373032169747,65+,4,1629457.52,407364.38,321.32541542910053,1299.3274999999999,0.25,4,2024-04-01,2025-12-01,20.0,Arizona,1,0,0,1,S4,Domestic Financed Home Buyers,S4 - Domestic Financed Home Buyers,S4,1,0.1975374858731776,-0.7638066039536047,-0.7627710751233976,1,1,1,0,9,1,1,34.05,-111.09,USA
C0526,Individual,Male,Germany,Bavaria,Personal Use,5,No,Website,57.83983572895277,55-64,3,1301139.77,433713.25666666665,270.53388005506037,1592.1233333333332,0.3333333333333333,3,2024-04-01,2025-09-01,17.0,International,0,0,0,0,S3,International Buyers,S3 - International Buyers,S3,1,0.09924560810664666,0.46943052638968424,1.263104889974337,1,1,0,2,5,3,1,48.79,11.5,DEU
C0527,Individual,Male,USA,California,Personal Use,2,No,Website,46.45311430527036,45-54,3,1138099.7,379366.56666666665,292.3744277107866,1299.5366666666666,0.0,3,2024-04-01,2024-10-01,6.0,California,1,0,0,0,S1,Domestic Cash Home Buyers,S1 - Domestic Cash Home Buyers,S1,1,0.2864911631073812,0.6735037251347675,0.06483329480690347,1,1,0,2,9,8,1,36.78,-119.42,USA
C0528,Individual,Male,USA,Washington,Investment,2,No,Client,25.39356605065024,<35,3,1118472.87,372824.29000000004,312.0408596032824,1206.2733333333333,0.3333333333333333,3,2024-03-01,2024-07-01,4.0,Washington,1,0,1,0,S2,Domestic Investors,S2 - Domestic Investors,S1,0,0.10962028647227007,0.3042944185126198,-0.2801954945618641,1,0,0,1,9,53,1,47.75,-120.74,USA
C0529,Individual,Male,USA,Nevada,Personal Use,4,Yes,Website,52.12867898699521,45-54,4,1268138.95,317034.7375,290.8803360961828,1098.1675,0.0,4,2024-01-01,2025-06-01,17.0,Nevada,1,0,0,1,S4,Domestic Financed Home Buyers,S4 - Domestic Financed Home Buyers,S4,1,0.2282354821079458,-0.7635392456505131,0.24203908663198803,1,1,1,2,9,25,1,38.8,-116.42,USA
C0530,Individual,Female,USA,Utah,Personal Use,2,Yes,Agency,73.3141683778234,65+,4,1559124.69,389781.1725,313.049937138993,1246.7075,0.0,4,2024-02-01,2025-07-01,17.0,Utah,1,0,0,1,S4,Domestic Financed Home Buyers,S4 - Domestic Financed Home Buyers,S4,1,0.20479831613756852,-0.762605086499313,-0.7613502805269339,1,1,1,0,9,48,0,39.32,-111.09,USA
C0531,Individual,Female,USA,California,Personal Use,1,No,Website,49.281314168377826,45-54,4,1911300.7799999998,477825.19499999995,320.4530942019581,1510.65,0.0,4,2024-06-01,2025-09-01,15.0,California,1,0,0,0,S1,Domestic Cash Home Buyers,S1 - Domestic Cash Home Buyers,S1,1,0.2653915353681048,0.6750573142233418,0.06341893266505105,1,1,0,2,9,8,0,36.78,-119.42,USA
C0532,Individual,Female,Belgium,Flanders,Personal Use,2,No,Website,46.38740588637919,45-54,4,1075202.77,268800.6925,279.497424019468,990.9875000000001,0.25,4,2024-01-01,2024-12-01,11.0,International,0,0,0,0,S3,International Buyers,S3 - International Buyers,S3,1,0.10015753377248866,0.48347727427353165,1.2448098743609801,1,1,0,2,1,13,0,51.05,4.48,BEL
C0533,Individual,Male,USA,Nevada,Investment,1,No,Agency,62.31895961670089,55-64,4,990028.19,247507.0475,314.62162940324595,787.46,0.25,4,2024-01-01,2025-08-01,19.0,Nevada,1,0,1,0,S2,Domestic Investors,S2 - Domestic Investors,S2,1,0.12751304957448015,0.3109088858436823,-0.7606515572221735,1,0,0,0,9,25,1,38.8,-116.42,USA
C0534,Individual,Male,USA,California,Investment,1,No,Agency,67.85763175906914,65+,3,1133195.2,377731.73333333334,275.1749213071327,1371.6133333333335,0.3333333333333333,3,2024-01-01,2024-09-01,8.0,California,1,0,1,0,S2,Domestic Investors,S2 - Domestic Investors,S2,1,0.14540128483358836,0.3760551039522439,-1.024455047574186,1,0,0,0,9,8,1,36.78,-119.42,USA
C0535,Individual,Female,UK,Wales,Personal Use,3,No,Agency,38.026009582477755,35-44,3,1299053.94,433017.98,313.15133701647676,1386.32,0.0,3,2024-01-01,2025-04-01,15.0,International,0,0,0,0,S3,International Buyers,S3 - International Buyers,S3,1,0.10517778047166532,0.44472773845909447,0.30128355066435686,1,1,0,0,8,51,0,52.13,-3.78,GBR
C0536,Individual,Female,USA,Arizona,Investment,5,Yes,Website,69.79876796714579,65+,3,983106.8400000001,327702.28,304.33941478707567,1104.51,0.3333333333333333,3,2024-05-01,2025-05-01,12.0,Arizona,1,0,1,1,S2,Domestic Investors,S2 - Domestic Investors,S2,1,0.07928065007653999,-1.0342689475470321,0.18012039515005238,1,0,1,2,9,1,0,34.05,-111.09,USA
C0537,Individual,Male,USA,Florida,Personal Use,2,No,Client,63.68514715947981,55-64,4,1490327.5,372581.875,297.00241974438995,1239.145,0.5,4,2024-06-01,2025-11-01,17.0,Florida,1,0,0,0,S1,Domestic Cash Home Buyers,S1 - Domestic Cash Home Buyers,S1,1,0.17615066973905627,0.6084931986576372,-0.21111768101544381,1,1,0,1,9,14,1,27.66,-81.52,USA
C0538,Individual,Male,USA,California,Personal Use,1,Yes,Agency,56.68993839835729,55-64,4,1206897.7000000002,301724.42500000005,290.2408775414216,1103.3225,0.25,4,2024-07-01,2025-09-01,14.0,California,1,0,0,1,S4,Domestic Financed Home Buyers,S4 - Domestic Financed Home Buyers,S4,1,0.2429606607536431,-0.7157682050099332,-1.0395476790531502,1,1,1,0,9,8,1,36.78,-119.42,USA
C0539,Individual,Male,USA,California,Investment,1,Yes,Agency,34.847364818617386,<35,4,1645321.2,411330.3,308.015068779066,1338.8999999999999,0.25,4,2024-07-01,2025-12-01,17.0,California,1,0,1,1,S2,Domestic Investors,S2 - Domestic Investors,S2,1,0.08530923447018843,-1.0054705629186114,-1.1099670220843307,1,0,1,0,9,8,1,36.78,-119.42,USA
C0540,Individual,Female,USA,New York,Personal Use,3,No,Agency,28.840520191649556,<35,3,494173.31,164724.43666666668,285.0803001564541,577.2433333333333,0.3333333333333333,3,2024-05-01,2025-11-01,18.0,New York,1,0,0,0,S1,Domestic Cash Home Buyers,S1 - Domestic Cash Home Buyers,S1,1,0.18638537827043464,0.5965467384482184,-0.6610086976479881,1,1,0,0,9,27,0,43.0,-75.0,USA
C0541,Individual,Male,UK,Northern Ireland,Personal Use,3,No,Agency,25.776865160848732,<35,4,1721673.54,430418.385,329.75781791142776,1296.5625,0.0,4,2024-12-01,2025-12-01,12.0,International,0,0,0,0,S3,International Buyers,S3 - International Buyers,S3,1,0.10304082652899017,0.4422600781443818,0.300849148997739,1,1,0,0,8,31,1,54.79,-6.49,GBR
C0542,Corporate,Male,Mexico,Mexico City,Personal Use,3,No,Website,40.26283367556468,35-44,4,1195819.4,298954.85,298.5169097152346,1024.3375,0.5,4,2024-04-01,2025-12-01,20.0,International,0,0,0,0,S3,International Buyers,S3 - International Buyers,S1,0,0.06572732884059192,0.4460202077339401,1.2266561430982783,0,1,0,2,6,23,1,19.43,-99.13,MEX
C0543,Individual,Female,USA,Texas,Personal Use,2,Yes,Website,78.44216290212184,65+,3,753145.67,251048.55666666667,288.0878179185861,862.8699999999999,0.3333333333333333,3,2024-10-01,2025-06-01,8.0,Texas,1,0,0,1,S4,Domestic Financed Home Buyers,S4 - Domestic Financed Home Buyers,S4,1,0.21137604726956227,-0.7431825636119862,0.25938912117364077,1,1,1,2,9,47,0,31.97,-99.9,USA
C0544,Individual,Male,USA,Utah,Personal Use,2,No,Website,51.20876112251882,45-54,4,1636756.28,409189.07,310.1883739530156,1326.2525,0.0,4,2024-07-01,2025-07-01,12.0,Utah,1,0,0,0,S1,Domestic Cash Home Buyers,S1 - Domestic Cash Home Buyers,S1,1,0.22386450749538003,0.6235954614573826,0.3409766796821874,1,1,0,2,9,48,1,39.32,-111.09,USA
C0545,Individual,Male,USA,Colorado,Personal Use,1,Yes,Agency,83.40862422997947,65+,3,1260126.39,420042.12999999995,287.6393396341448,1452.2633333333333,0.0,3,2024-10-01,2025-09-01,11.0,Colorado,1,0,0,1,S4,Domestic Financed Home Buyers,S4 - Domestic Financed Home Buyers,S4,1,0.19812622966551655,-0.7681828076529608,-0.7785436370494168,1,1,1,0,9,11,1,39.55,-105.78,USA
C0546,Individual,Male,Canada,Manitoba,Personal Use,4,No,Client,58.02327173169062,55-64,3,795528.06,265176.02,283.44710389546293,932.37,0.0,3,2024-02-01,2025-06-01,16.0,International,0,0,0,0,S3,International Buyers,S3 - International Buyers,S3,1,0.09336892756501129,0.4444214933929483,0.722474873440947,1,1,0,1,2,22,1,53.76,-98.81,CAN
C0547,Individual,Female,USA,California,Investment,2,No,Agency,78.28062970568104,65+,4,1178457.95,294614.4875,286.6352879840458,1028.3225,0.0,4,2024-05-01,2025-10-01,17.0,California,1,0,1,0,S2,Domestic Investors,S2 - Domestic Investors,S2,1,0.1490379737909344,0.37926714679165924,-1.0252210167437397,1,0,0,0,9,8,0,36.78,-119.42,USA
C0548,Individual,Male,USA,California,Personal Use,2,No,Agency,45.72210814510609,45-54,3,1047476.9299999999,349158.9766666666,294.6156094896653,1186.4366666666667,0.3333333333333333,3,2024-01-01,2024-07-01,6.0,California,1,0,0,0,S1,Domestic Cash Home Buyers,S1 - Domestic Cash Home Buyers,S1,1,0.25460679307899176,0.6555366855239546,-0.9503485635478139,1,1,0,0,9,8,1,36.78,-119.42,USA
C0549,Individual,Male,USA,Florida,Personal Use,4,No,Website,53.210130047912386,45-54,3,941219.76,313739.92,297.0408657301116,1082.75,0.0,3,2024-09-01,2025-11-01,14.0,Florida,1,0,0,0,S1,Domestic Cash Home Buyers,S1 - Domestic Cash Home Buyers,S1,1,0.22860519971278875,0.626851696690768,0.34941650390224754,1,1,0,2,9,14,1,27.66,-81.52,USA
C0550,Corporate,Female,USA,Nevada,Personal Use,1,No,Agency,58.729637234770706,55-64,4,1414568.09,353642.0225,317.85659155456136,1123.6174999999998,0.0,4,2024-05-01,2024-08-01,3.0,Nevada,1,0,0,0,S1,Domestic Cash Home Buyers,S1 - Domestic Cash Home Buyers,S1,1,0.14207839143149956,0.5727816275507158,-0.6972556425540122,0,1,0,0,9,25,0,38.8,-116.42,USA
C0551,Individual,Male,USA,California,Investment,4,No,Website,65.62354551676934,65+,3,1007397.56,335799.1866666667,294.83606034994125,1110.6233333333332,0.0,3,2024-04-01,2025-03-01,11.0,California,1,0,1,0,S2,Domestic Investors,S2 - Domestic Investors,S2,1,0.16395514077249945,0.3926780944239035,-0.00816162493346062,1,0,0,2,9,8,1,36.78,-119.42,USA
C0552,Individual,Male,USA,Virginia,Investment,3,No,Agency,60.19712525667351,55-64,3,1141476.56,380492.1866666667,310.43987686480256,1196.1733333333334,0.3333333333333333,3,2024-01-01,2025-09-01,20.0,Virginia,1,0,1,0,S2,Domestic Investors,S2 - Domestic Investors,S2,1,0.12433901581328899,0.3247527377666603,-0.7418905315839954,1,0,0,0,9,50,1,37.43,-78.66,USA
C0553,Individual,Male,USA,Arizona,Personal Use,3,No,Website,47.096509240246405,45-54,3,821534.9400000001,273844.98000000004,307.10716396951597,897.3100000000001,0.3333333333333333,3,2024-11-01,2025-08-01,9.0,Arizona,1,0,0,0,S1,Domestic Cash Home Buyers,S1 - Domestic Cash Home Buyers,S1,1,0.2276531267594047,0.6197591592867646,0.3396771269598401,1,1,0,2,9,1,1,34.05,-111.09,USA
C0554,Individual,Male,Australia,Victoria,Personal Use,1,Yes,Agency,77.01848049281314,65+,4,1643592.85,410898.2125,320.54266465748947,1295.2649999999999,0.25,4,2024-03-01,2025-03-01,12.0,International,0,0,0,1,S3,International Buyers,S3 - International Buyers,S3,1,0.02647247684045708,-0.9027473789662168,0.13551989811493287,1,1,1,0,0,49,1,-36.85,144.28,AUS
C0555,Individual,Male,USA,California,Investment,4,Yes,Agency,54.691307323750856,45-54,3,1064533.27,354844.42333333334,299.5251132309169,1162.6166666666666,0.3333333333333333,3,2024-11-01,2025-08-01,9.0,California,1,0,1,1,S2,Domestic Investors,S2 - Domestic Investors,S2,1,0.09220688356391324,-1.0019713425869967,-1.1093073286907682,1,0,1,0,9,8,1,36.78,-119.42,USA
C0556,Individual,Male,USA,Colorado,Personal Use,5,No,Website,67.2060232717317,65+,3,1335478.18,445159.3933333333,292.3126707049851,1526.9566666666667,0.3333333333333333,3,2024-04-01,2025-11-01,19.0,Colorado,1,0,0,0,S1,Domestic Cash Home Buyers,S1 - Domestic Cash Home Buyers,S1,1,0.21519499128264086,0.6181793615154665,0.323977431440302,1,1,0,2,9,11,1,39.55,-105.78,USA
C0557,Individual,Female,USA,Utah,Investment,2,No,Website,84.26557152635182,65+,3,733161.98,244387.32666666666,305.02132507076266,791.0400000000001,0.0,3,2024-02-01,2025-12-01,22.0,Utah,1,0,1,0,S2,Domestic Investors,S2 - Domestic Investors,S2,1,0.123766181631958,0.34531494172315874,0.2667455459273497,1,0,0,2,9,48,0,39.32,-111.09,USA
C0558,Individual,Female,Denmark,North Denmark,Personal Use,3,No,Website,51.1895961670089,45-54,3,1033995.96,344665.32,312.3815995188432,1092.54,0.0,3,2024-12-01,2025-11-01,11.0,International,0,0,0,0,S3,International Buyers,S3 - International Buyers,S3,1,0.08481914359678001,0.47717642979507563,1.2233047022648658,1,1,0,2,3,29,0,57.05,9.92,DNK
C0559,Corporate,Male,USA,California,Personal Use,5,No,Client,56.369609856262834,55-64,4,1004028.87,251007.2175,319.1707874259946,786.87,0.25,4,2024-03-01,2025-09-01,18.0,California,1,0,0,0,S1,Domestic Cash Home Buyers,S1 - Domestic Cash Home Buyers,S1,1,0.1445368159143905,0.630869816368296,-0.5044398252981062,0,1,0,1,9,8,1,36.78,-119.42,USA
C0560,Individual,Female,Australia,South Australia,Personal Use,3,No,Website,37.6974674880219,35-44,3,1433718.12,477906.04000000004,318.89161537749095,1500.72,0.3333333333333333,3,2024-01-01,2025-11-01,22.0,International,0,0,0,0,S3,International Buyers,S3 - International Buyers,S3,1,0.09553032818141664,0.47863958286990554,1.2409276864417003,1,1,0,2,0,44,0,-30.0,136.21,AUS
C0561,Corporate,Female,USA,Arizona,Investment,3,No,Website,63.1129363449692,55-64,4,1589252.43,397313.1075,305.046128755979,1298.145,0.0,4,2024-06-01,2025-01-01,7.0,Arizona,1,0,1,0,S2,Domestic Investors,S2 - Domestic Investors,S1,0,0.09662935789047504,0.3170198512375965,0.25612494766480515,0,0,0,2,9,1,0,34.05,-111.09,USA
C0562,Individual,Female,USA,Utah,Investment,5,Yes,Website,85.10335386721424,65+,4,1423675.7200000002,355918.93000000005,305.0337149239334,1154.105,0.0,4,2024-01-01,2025-07-01,18.0,Utah,1,0,1,1,S2,Domestic Investors,S2 - Domestic Investors,S2,1,0.07063215601473359,-1.0283437597217961,0.18055152206454755,1,0,1,2,9,48,0,39.32,-111.09,USA
C0563,Individual,Male,USA,California,Personal Use,2,Yes,Agency,34.940451745379875,<35,4,1012807.9299999999,253201.98249999998,300.6421876454113,842.75,0.25,4,2024-11-01,2025-07-01,8.0,California,1,0,0,1,S4,Domestic Financed Home Buyers,S4 - Domestic Financed Home Buyers,S4,1,0.2433441281087056,-0.7212852178565062,-1.0380258974213785,1,1,1,0,9,8,1,36.78,-119.42,USA
C0564,Individual,Male,USA,Texas,Personal Use,1,No,Agency,73.32785763175907,65+,3,1135017.6,378339.2,300.2118289907222,1250.3066666666666,0.0,3,2024-11-01,2025-10-01,11.0,Texas,1,0,0,0,S1,Domestic Cash Home Buyers,S1 - Domestic Cash Home Buyers,S1,1,0.1904701343406134,0.6146024649683328,-0.665895729586631,1,1,0,0,9,47,1,31.97,-99.9,USA
C0565,Individual,Male,France,Brittany,Personal Use,1,No,Website,40.26283367556468,35-44,3,1043494.3200000001,347831.44,302.33892785778363,1167.2766666666666,0.0,3,2024-07-01,2025-07-01,12.0,International,0,0,0,0,S3,International Buyers,S3 - International Buyers,S3,1,0.10055771018395329,0.4661806646421404,1.261790499371193,1,1,0,2,4,6,1,48.2,-2.93,FRA
C0566,Individual,Female,USA,Oregon,Investment,4,Yes,Agency,25.059548254620122,<35,4,1167701.9,291925.475,300.56301659016333,965.295,0.0,4,2024-04-01,2025-09-01,17.0,Oregon,1,0,1,1,S2,Domestic Investors,S2 - Domestic Investors,S2,1,0.07861527375642156,-1.0783450010371853,-0.8365036738496765,1,0,1,0,9,37,0,43.8,-120.55,USA
C0567,Individual,Female,Russia,Saint Petersburg,Investment,2,Yes,Agency,72.23271731690623,65+,4,1869286.1,467321.525,301.7793814787401,1546.3875,0.25,4,2024-04-01,2025-10-01,18.0,International,0,0,1,1,S3,International Buyers,S3 - International Buyers,S3,1,0.05744192659925892,-1.1916901090461884,0.06474339554189151,1,0,1,0,7,42,0,59.93,30.34,RUS
C0568,Individual,Male,USA,California,Personal Use,3,No,Website,72.32306639288159,65+,3,944335.88,314778.62666666665,312.8200089239528,1015.9399999999999,0.6666666666666666,3,2024-01-01,2024-09-01,8.0,California,1,0,0,0,S1,Domestic Cash Home Buyers,S1 - Domestic Cash Home Buyers,S1,1,0.2660850797769983,0.6777233866785175,0.06096259601465759,1,1,0,2,9,8,1,36.78,-119.42,USA
C0569,Individual,Female,USA,California,Personal Use,5,Yes,Client,54.072553045859,45-54,3,1384749.3,461583.10000000003,316.8524348086141,1460.493333333333,0.0,3,2024-02-01,2025-11-01,21.0,California,1,0,0,1,S4,Domestic Financed Home Buyers,S4 - Domestic Financed Home Buyers,S1,0,0.2041203949750476,-0.7198560435266724,-0.5772815529972086,1,1,1,1,9,8,0,36.78,-119.42,USA
C0570,Individual,Female,France,Occitanie,Personal Use,5,Yes,Website,60.577686516084874,55-64,4,1527210.47,381802.6175,292.02493091610836,1310.8225,0.0,4,2024-01-01,2024-06-01,5.0,International,0,0,0,1,S3,International Buyers,S3 - International Buyers,S3,1,0.047127722152092676,-0.9033760834126066,1.1742561111763774,1,1,1,2,4,34,0,43.89,3.28,FRA
C0571,Individual,Male,USA,California,Personal Use,3,No,Website,59.49623545516769,55-64,4,1549969.49,387492.3725,274.8050126391672,1458.93,0.25,4,2024-02-01,2024-06-01,4.0,California,1,0,0,0,S1,Domestic Cash Home Buyers,S1 - Domestic Cash Home Buyers,S1,1,0.2988167634282131,0.6763711496698794,0.062377107381508146,1,1,0,2,9,8,1,36.78,-119.42,USA
C0572,Individual,Female,USA,California,Investment,5,No,Website,32.134154688569474,<35,4,1519677.44,379919.36,320.72684656087205,1228.8325,0.0,4,2024-03-01,2025-04-01,13.0,California,1,0,1,0,S2,Domestic Investors,S2 - Domestic Investors,S2,1,0.14985244418293567,0.3852360067637695,-0.006563306884716624,1,0,0,2,9,8,0,36.78,-119.42,USA
C0573,Corporate,Male,USA,Georgia,Personal Use,4,Yes,Agency,48.68720054757016,45-54,3,785842.76,261947.58666666667,299.36766765108706,849.7466666666668,0.0,3,2024-03-01,2024-11-01,8.0,US - Other,1,0,0,1,S4,Domestic Financed Home Buyers,S4 - Domestic Financed Home Buyers,S1,0,0.14523212089179488,-0.7972244881747461,-0.7657694275875158,0,1,1,0,9,15,1,32.16,-82.9,USA
C0574,Individual,Male,USA,California,Personal Use,2,No,Agency,57.29226557152635,55-64,4,1261906.32,315476.58,295.34382931043945,1052.2475,0.25,4,2024-05-01,2025-06-01,13.0,California,1,0,0,0,S1,Domestic Cash Home Buyers,S1 - Domestic Cash Home Buyers,S1,1,0.2589051217160606,0.6587716234318077,-0.9522101542954433,1,1,0,0,9,8,1,36.78,-119.42,USA
C0575,Individual,Male,USA,California,Investment,2,No,Website,59.94250513347023,55-64,3,1018391.27,339463.75666666665,297.8604596152001,1107.81,0.3333333333333333,3,2024-01-01,2024-12-01,11.0,California,1,0,1,0,S2,Domestic Investors,S2 - Domestic Investors,S2,1,0.16731463537495286,0.3908246391444156,-0.009769877859295617,1,0,0,2,9,8,1,36.78,-119.42,USA
C0576,Individual,Male,Germany,Hamburg,Personal Use,1,No,Client,66.85010266940452,65+,3,1047406.79,349135.5966666667,317.8840006267897,1082.8966666666668,0.0,3,2024-06-01,2024-12-01,6.0,International,0,0,0,0,S3,International Buyers,S3 - International Buyers,S3,1,0.079128185785253,0.45189894852769014,0.7051968263254687,1,1,0,1,5,16,1,53.55,9.99,DEU
C0577,Individual,Male,USA,Arizona,Personal Use,3,No,Website,36.62149212867899,35-44,3,693899.0099999999,231299.66999999995,263.11305285965733,879.3433333333332,0.0,3,2024-02-01,2025-05-01,14.9,Arizona,1,0,0,0,S1,Domestic Cash Home Buyers,S1 - Domestic Cash Home Buyers,S1,1,0.22111789492491166,0.6178086096436051,0.3411982131308433,1,1,0,2,9,1,1,34.05,-111.09,USA
C0578,Individual,Female,USA,Arizona,Personal Use,5,Yes,Client,26.444900752908968,<35,3,707276.53,235758.84333333335,262.77498376490684,899.7566666666667,0.0,3,2024-07-01,2025-02-01,7.1,Arizona,1,0,0,1,S4,Domestic Financed Home Buyers,S4 - Domestic Financed Home Buyers,S1,0,0.16719410391733108,-0.7798913762665691,-0.300505748197674,1,1,1,1,9,1,0,34.05,-111.09,USA
C0579,Individual,Male,USA,Texas,Investment,3,No,Website,84.32306639288159,65+,3,1198428.6400000001,399476.2133333334,300.04968830840284,1299.5366666666666,0.0,3,2024-06-01,2025-11-01,17.0,Texas,1,0,1,0,S2,Domestic Investors,S2 - Domestic Investors,S2,1,0.12412581537024503,0.3489980032602468,0.2758908458004877,1,0,0,2,9,47,1,31.97,-99.9,USA
C0580,Individual,Female,USA,California,Personal Use,2,Yes,Client,77.16358658453115,65+,4,2158954.7800000003,539738.6950000001,312.68442078628436,1726.0575,0.0,4,2024-01-01,2025-10-01,21.0,California,1,0,0,1,S4,Domestic Financed Home Buyers,S4 - Domestic Financed Home Buyers,S1,0,0.2082172248674542,-0.7133620002835728,-0.5809927645536015,1,1,1,1,9,8,0,36.78,-119.42,USA
C0581,Individual,Female,USA,California,Investment,5,Yes,Website,68.02737850787132,65+,4,1029755.56,257438.89,318.8186499683478,801.065,0.25,4,2024-03-01,2024-09-01,6.0,California,1,0,1,1,S2,Domestic Investors,S2 - Domestic Investors,S2,1,0.0916917342297627,-0.9818290937474952,-0.09731183987511005,1,0,1,2,9,8,0,36.78,-119.42,USA
C0582,Individual,Female,USA,Washington,Investment,3,Yes,Website,85.88911704312115,65+,3,708559.1499999999,236186.3833333333,293.6243581297054,791.0400000000001,0.3333333333333333,3,2024-06-01,2025-12-01,18.0,Washington,1,0,1,1,S2,Domestic Investors,S2 - Domestic Investors,S2,1,0.0710990433863874,-1.0359662951169695,0.1850038215576038,1,0,1,2,9,53,0,47.75,-120.74,USA
C0583,Individual,Male,USA,California,Personal Use,2,No,Agency,39.17864476386037,35-44,4,1237228.18,309307.045,310.8438240992058,996.7025,0.0,4,2024-02-01,2025-12-01,22.0,California,1,0,0,0,S1,Domestic Cash Home Buyers,S1 - Domestic Cash Home Buyers,S1,1,0.25298978797623295,0.6550264287881298,-0.9502141821642802,1,1,0,0,9,8,1,36.78,-119.42,USA
C0584,Individual,Female,USA,California,Personal Use,5,No,Website,43.15947980835045,35-44,3,1135691.62,378563.87333333335,282.8320435714983,1350.9733333333334,0.0,3,2024-11-01,2025-06-01,7.0,California,1,0,0,0,S1,Domestic Cash Home Buyers,S1 - Domestic Cash Home Buyers,S1,1,0.27431199971766884,0.6723566625764044,0.06632042658006543,1,1,0,2,9,8,0,36.78,-119.42,USA
C0585,Individual,Male,USA,Colorado,Personal Use,3,No,Agency,64.8952772073922,55-64,4,1003690.1799999999,250922.54499999998,282.62534764037093,886.4275,0.25,4,2024-01-01,2025-10-01,21.0,Colorado,1,0,0,0,S1,Domestic Cash Home Buyers,S1 - Domestic Cash Home Buyers,S1,1,0.2026257934422926,0.6008008968961662,-0.6926160231625194,1,1,0,0,9,11,1,39.55,-105.78,USA
C0586,Individual,Male,USA,California,Personal Use,2,Yes,Client,48.54757015742642,45-54,3,1226524.31,408841.4366666667,315.0602641455691,1286.4266666666667,0.0,3,2024-06-01,2025-07-01,13.0,California,1,0,0,1,S4,Domestic Financed Home Buyers,S4 - Domestic Financed Home Buyers,S1,0,0.21554404902267926,-0.7209692496634106,-0.5784177748115404,1,1,1,1,9,8,1,36.78,-119.42,USA
C0587,Individual,Female,USA,New York,Personal Use,4,No,Website,33.100616016427104,<35,4,1093439.8399999999,273359.95999999996,302.6221480306888,911.785,0.0,4,2025-01-01,2025-10-01,9.0,New York,1,0,0,0,S1,Domestic Cash Home Buyers,S1 - Domestic Cash Home Buyers,S1,1,0.21793665715779523,0.6162578019981644,0.35390917150274165,1,1,0,2,9,27,0,43.0,-75.0,USA
C0588,Individual,Female,USA,Florida,Personal Use,2,No,Website,36.11225188227242,35-44,4,1495976.1400000001,373994.03500000003,298.6021241850181,1271.345,0.0,4,2024-01-01,2025-07-01,18.0,Florida,1,0,0,0,S1,Domestic Cash Home Buyers,S1 - Domestic Cash Home Buyers,S1,1,0.2229944768440119,0.6237292857928325,0.34876871240972285,1,1,0,2,9,14,0,27.66,-81.52,USA
C0589,Individual,Male,USA,Texas,Investment,5,No,Client,79.27720739219713,65+,4,1982246.22,495561.555,290.57192511322916,1699.3675,0.25,4,2024-02-01,2025-09-01,19.0,Texas,1,0,1,0,S2,Domestic Investors,S2 - Domestic Investors,S1,0,0.10324182309929429,0.32711132280921357,-0.2809987525651282,1,0,0,1,9,47,1,31.97,-99.9,USA
C0590,Individual,Male,UK,Scotland,Investment,2,No,Website,59.290896646132786,55-64,4,1105388.8900000001,276347.22250000003,298.5010955563988,935.765,0.0,4,2024-02-01,2025-07-01,17.0,International,0,0,1,0,S3,International Buyers,S3 - International Buyers,S3,1,0.10947786294366821,0.18166606846042893,1.2390117621415135,1,0,0,2,8,43,1,56.49,-4.2,GBR
C0591,Individual,Female,USA,Nevada,Personal Use,1,No,Website,57.32511978097194,55-64,3,1336217.65,445405.8833333333,305.7142070666491,1460.493333333333,0.0,3,2024-03-01,2025-02-01,11.1,Nevada,1,0,0,0,S1,Domestic Cash Home Buyers,S1 - Domestic Cash Home Buyers,S1,1,0.21412137919576857,0.6125401953155383,0.32911985830481116,1,1,0,2,9,25,0,38.8,-116.42,USA
C0592,Individual,Male,USA,Arizona,Investment,2,No,Client,53.82067077344285,45-54,3,787516.58,262505.5266666667,304.6017791521842,851.4266666666667,0.0,3,2024-06-01,2025-04-01,10.0,Arizona,1,0,1,0,S2,Domestic Investors,S2 - Domestic Investors,S1,0,0.11454302980578741,0.3166076754119093,-0.28888082701747564,1,0,0,1,9,1,1,34.05,-111.09,USA
C0593,Individual,Female,USA,California,Personal Use,2,Yes,Agency,73.39630390143738,65+,4,2012063.38,503015.845,319.55794554992394,1575.1075,0.0,4,2024-04-01,2024-08-01,4.0,California,1,0,0,1,S4,Domestic Financed Home Buyers,S4 - Domestic Financed Home Buyers,S4,1,0.24295037635160788,-0.7106499799876439,-1.0384339402437146,1,1,1,0,9,8,0,36.78,-119.42,USA
C0594,Individual,Female,USA,Utah,Personal Use,1,No,Agency,83.41409993155374,65+,3,1137572.87,379190.9566666667,317.4840213600542,1221.6766666666665,0.0,3,2024-01-01,2025-08-01,19.0,Utah,1,0,0,0,S1,Domestic Cash Home Buyers,S1 - Domestic Cash Home Buyers,S1,1,0.1876192524964425,0.6138848394616949,-0.6743912790107514,1,1,0,0,9,48,0,39.32,-111.09,USA
C0595,Individual,Female,USA,Utah,Personal Use,3,No,Agency,59.23613963039014,55-64,3,914304.97,304768.3233333333,321.59200023053324,934.4333333333334,0.3333333333333333,3,2024-06-01,2025-04-01,10.0,Utah,1,0,0,0,S1,Domestic Cash Home Buyers,S1 - Domestic Cash Home Buyers,S1,1,0.20553130186021465,0.6068464394727544,-0.673507257595962,1,1,0,0,9,48,0,39.32,-111.09,USA
C0596,Individual,Male,USA,Nevada,Personal Use,4,No,Agency,49.7056810403833,45-54,4,1094771.49,273692.8725,268.71346436583286,1023.9675,0.25,4,2025-03-01,2025-12-01,9.0,Nevada,1,0,0,0,S1,Domestic Cash Home Buyers,S1 - Domestic Cash Home Buyers,S1,1,0.20875448045293113,0.5926521312490212,-0.6859903195177006,1,1,0,0,9,25,1,38.8,-116.42,USA
C0597,Individual,Male,UK,Northern Ireland,Personal Use,2,Yes,Website,39.86858316221766,35-44,3,976844.1699999999,325614.7233333333,316.36629492109006,1033.6200000000001,0.0,3,2024-06-01,2025-08-01,14.0,International,0,0,0,1,S3,International Buyers,S3 - International Buyers,S3,1,0.07322302720739095,-0.9126517749009238,1.2272957213015794,1,1,1,2,8,31,1,54.79,-6.49,GBR
C0598,Individual,Male,USA,Colorado,Investment,4,No,Website,76.5201916495551,65+,4,1398930.7000000002,349732.67500000005,307.99946387611016,1135.53,0.0,4,2025-02-01,2025-12-01,10.0,Colorado,1,0,1,0,S2,Domestic Investors,S2 - Domestic Investors,S2,1,0.12837918234537107,0.3364250173406043,0.2500573330457351,1,0,0,2,9,11,1,39.55,-105.78,USA
C0599,Individual,Female,Canada,Alberta,Personal Use,2,No,Agency,27.786447638603697,<35,3,1162815.78,387605.26,280.8622967539782,1354.0866666666668,0.0,3,2024-04-01,2025-06-01,14.0,International,0,0,0,0,S3,International Buyers,S3 - International Buyers,S3,1,0.10073241029423467,0.44172770240029774,0.26669968488672474,1,1,0,0,2,0,0,53.93,-116.58,CAN
C0600,Individual,Male,USA,Oregon,Investment,1,No,Client,41.790554414784395,35-44,3,917709.61,305903.2033333333,299.5586767720553,1042.71,0.0,3,2024-06-01,2024-12-01,6.0,Oregon,1,0,1,0,S2,Domestic Investors,S2 - Domestic Investors,S1,0,0.11664657279180386,0.2963592668296278,-0.2931338346261836,1,0,0,1,9,37,1,43.8,-120.55,USA
C0601,Individual,Female,USA,California,Personal Use,4,No,Website,53.20739219712526,45-54,4,1700411.72,425102.93,324.4429542692236,1307.3,0.0,4,2024-03-01,2025-07-01,16.0,California,1,0,0,0,S1,Domestic Cash Home Buyers,S1 - Domestic Cash Home Buyers,S1,1,0.2917354108928389,0.6754618839950046,0.06423355316606028,1,1,0,2,9,8,0,36.78,-119.42,USA
C0602,Individual,Male,Germany,Bavaria,Personal Use,4,No,Agency,41.77138945927447,35-44,4,905508.82,226377.205,298.6892851449089,748.33,0.25,4,2024-04-01,2025-11-01,19.0,International,0,0,0,0,S3,International Buyers,S3 - International Buyers,S3,1,0.08603501138477984,0.4485647843946908,0.2476912162245387,1,1,0,0,5,3,1,48.79,11.5,DEU
C0603,Individual,Female,USA,New York,Personal Use,4,Yes,Agency,31.980835044490075,<35,4,1218095.3,304523.825,296.2417955774921,1027.81,0.0,4,2024-04-01,2024-09-01,5.0,New York,1,0,0,1,S4,Domestic Financed Home Buyers,S4 - Domestic Financed Home Buyers,S2,0,0.19181141231465243,-0.7752287067693666,-0.7466340182534048,1,1,1,0,9,27,0,43.0,-75.0,USA
C0604,Individual,Female,Belgium,Wallonia,Personal Use,1,No,Agency,27.288158795345655,<35,3,791133.03,263711.01,288.5124058632202,919.0466666666666,0.3333333333333333,3,2024-01-01,2025-07-01,18.0,International,0,0,0,0,S3,International Buyers,S3 - International Buyers,S3,1,0.07842325745865186,0.4614988844222349,0.2325809155715825,1,1,0,0,1,52,0,50.41,4.44,BEL
C0605,Individual,Male,USA,Utah,Personal Use,4,Yes,Agency,51.50992470910335,45-54,4,1407314.33,351828.5825,285.7231522180315,1267.07,0.25,4,2024-01-01,2024-12-01,11.0,Utah,1,0,0,1,S4,Domestic Financed Home Buyers,S4 - Domestic Financed Home Buyers,S4,1,0.20458614904292866,-0.7687291909354983,-0.7601269486261399,1,1,1,0,9,48,1,39.32,-111.09,USA
C0606,Individual,Female,France,Ile-de-France,Investment,1,No,Website,76.0164271047228,65+,3,1070969.53,356989.8433333333,313.61713376150334,1146.2633333333333,0.0,3,2024-03-01,2025-12-01,21.0,International,0,0,1,0,S3,International Buyers,S3 - International Buyers,S3,1,0.0852403104506405,0.1897314057036526,1.1871337828666857,1,0,0,2,4,18,0,48.85,2.35,FRA
C0607,Individual,Male,USA,California,Personal Use,1,No,Agency,63.29637234770705,55-64,3,1125230.1199999999,375076.7066666666,274.0389663617243,1371.6133333333335,0.0,3,2024-02-01,2024-12-01,10.0,California,1,0,0,0,S1,Domestic Cash Home Buyers,S1 - Domestic Cash Home Buyers,S1,1,0.24210173726296058,0.6606858948984469,-0.9506411043837684,1,1,0,0,9,8,1,36.78,-119.42,USA
C0608,Individual,Male,USA,California,Personal Use,4,No,Agency,69.54688569472964,65+,4,1201411.56,300352.89,295.4937894654722,1018.5225,0.25,4,2024-04-01,2024-06-01,2.0,California,1,0,0,0,S1,Domestic Cash Home Buyers,S1 - Domestic Cash Home Buyers,S1,1,0.256069740375145,0.6613645503122165,-0.9522398945140973,1,1,0,0,9,8,1,36.78,-119.42,USA
C0609,Individual,Female,USA,Washington,Personal Use,4,No,Agency,64.61054072553046,55-64,4,1307567.64,326891.91,264.1895296634044,1255.1325000000002,0.0,4,2024-08-01,2025-08-01,12.0,Washington,1,0,0,0,S1,Domestic Cash Home Buyers,S1 - Domestic Cash Home Buyers,S1,1,0.20431132204121813,0.6030276686121181,-0.6673641203911134,1,1,0,0,9,53,0,47.75,-120.74,USA
C0610,Individual,Female,USA,California,Investment,4,No,Website,55.644079397672826,55-64,3,1178597.68,392865.8933333333,295.9214079433128,1339.73,0.0,3,2024-02-01,2025-09-01,19.0,California,1,0,1,0,S2,Domestic Investors,S2 - Domestic Investors,S2,1,0.16442904512437634,0.3905309636858448,-0.0072351164617722175,1,0,0,2,9,8,0,36.78,-119.42,USA
C0611,Individual,Male,USA,California,Personal Use,4,No,Agency,75.06913073237509,65+,4,1142671.94,285667.985,279.33976691581074,997.415,0.0,4,2024-03-01,2025-07-01,16.0,California,1,0,0,0,S1,Domestic Cash Home Buyers,S1 - Domestic Cash Home Buyers,S1,1,0.25160198918373916,0.6631772823653834,-0.9518291289789471,1,1,0,0,9,8,1,36.78,-119.42,USA
C0612,Individual,Male,USA,Florida,Personal Use,4,No,Agency,65.93018480492813,65+,4,1671846.3,417961.575,300.02147789360413,1389.15,0.0,4,2024-01-01,2024-11-01,10.0,Florida,1,0,0,0,S1,Domestic Cash Home Buyers,S1 - Domestic Cash Home Buyers,S1,1,0.20570602015013298,0.6137913399603689,-0.666049894303939,1,1,0,0,9,14,1,27.66,-81.52,USA
C0613,Individual,Female,Australia,Victoria,Personal Use,4,No,Agency,30.247775496235455,<35,3,1186019.52,395339.84,295.46634451021083,1366.5633333333335,0.0,3,2024-01-01,2025-10-01,21.0,International,0,0,0,0,S3,International Buyers,S3 - International Buyers,S3,1,0.07980011183269235,0.4603417606415539,0.22870427176974606,1,1,0,0,0,49,0,-36.85,144.28,AUS
C0614,Individual,Male,UK,Wales,Personal Use,3,Yes,Website,53.98220396988364,45-54,4,1025958.38,256489.595,300.8272508329308,858.9825,0.25,4,2024-03-01,2025-06-01,15.0,International,0,0,0,1,S3,International Buyers,S3 - International Buyers,S3,1,0.07387685465979851,-0.9098903942946375,1.2243065279412526,1,1,1,2,8,51,1,52.13,-3.78,GBR
C0615,Individual,Male,USA,Utah,Personal Use,2,Yes,Website,68.96646132785763,65+,4,919002.01,229750.5025,307.12716692512765,748.33,0.0,4,2024-01-01,2025-10-01,21.0,Utah,1,0,0,1,S4,Domestic Financed Home Buyers,S4 - Domestic Financed Home Buyers,S4,1,0.21767007448668485,-0.7474529444954108,0.2519252728220152,1,1,1,2,9,48,1,39.32,-111.09,USA
C0616,Individual,Female,USA,Virginia,Investment,1,Yes,Agency,62.70773442847365,55-64,3,1013364.3,337788.10000000003,309.8821293324002,1074.6233333333332,0.3333333333333333,3,2024-11-01,2025-02-01,3.0,Virginia,1,0,1,1,S2,Domestic Investors,S2 - Domestic Investors,S2,1,0.07247262483687893,-1.0490313912446807,-0.8299884588208952,1,0,1,0,9,50,0,37.43,-78.66,USA
C0617,Individual,Female,USA,Ohio,Personal Use,5,Yes,Website,39.233401779603014,35-44,3,766861.21,255620.40333333332,295.92339334372826,849.6366666666667,0.0,3,2024-02-01,2024-10-01,8.0,US - Other,1,0,0,1,S4,Domestic Financed Home Buyers,S4 - Domestic Financed Home Buyers,S4,1,0.20069884452125622,-0.7594046547946973,0.25988089651028656,1,1,1,2,9,35,0,40.42,-82.91,USA
C0618,Individual,Male,USA,Texas,Personal Use,3,No,Agency,57.63997262149213,55-64,3,982803.0,327601.0,291.3172831425711,1113.29,0.3333333333333333,3,2024-04-01,2024-09-01,5.0,Texas,1,0,0,0,S1,Domestic Cash Home Buyers,S1 - Domestic Cash Home Buyers,S1,1,0.20472838922045883,0.6096787173693461,-0.6654287084471373,1,1,0,0,9,47,1,31.97,-99.9,USA
C0619,Individual,Female,USA,Washington,Personal Use,4,No,Website,55.68514715947981,55-64,3,1411977.41,470659.13666666666,318.27085849486457,1471.8999999999999,0.6666666666666666,3,2024-04-01,2024-07-01,3.0,Washington,1,0,0,0,S1,Domestic Cash Home Buyers,S1 - Domestic Cash Home Buyers,S1,1,0.21258118268758583,0.6163587200080658,0.3467310308063356,1,1,0,2,9,53,0,47.75,-120.74,USA
C0620,Individual,Female,France,Brittany,Personal Use,3,No,Website,65.69199178644764,65+,3,1532429.29,510809.76333333337,338.3096253727112,1504.28,0.3333333333333333,3,2024-09-01,2025-08-01,11.0,International,0,0,0,0,S3,International Buyers,S3 - International Buyers,S3,1,0.10189944437628115,0.47172996382587457,1.2605369331916274,1,1,0,2,4,6,0,48.2,-2.93,FRA
C0621,Individual,Male,Germany,Bavaria,Investment,3,Yes,Agency,43.879534565366185,35-44,3,791609.11,263869.7033333333,305.3268357815998,869.7866666666667,0.0,3,2024-10-01,2025-04-01,6.0,International,0,0,1,1,S3,International Buyers,S3 - International Buyers,S3,1,0.06622992174985161,-1.2098843195680316,0.09021897253262673,1,0,1,0,5,3,1,48.79,11.5,DEU
C0622,Individual,Female,USA,Washington,Investment,2,No,Client,38.22861054072553,35-44,3,869334.73,289778.24333333335,291.58061033183304,980.8699999999999,0.0,3,2024-02-01,2025-12-01,22.0,Washington,1,0,1,0,S2,Domestic Investors,S2 - Domestic Investors,S1,0,0.11127819327063006,0.30775155940041604,-0.2803326744397621,1,0,0,1,9,53,0,47.75,-120.74,USA
C0623,Individual,Male,USA,Florida,Investment,3,Yes,Client,39.67967145790554,35-44,4,1410333.45,352583.3625,317.2382716730889,1146.02,0.25,4,2024-03-01,2025-11-01,20.0,Florida,1,0,1,1,S2,Domestic Investors,S2 - Domestic Investors,S1,0,0.06355487391348139,-1.0562311443751744,-0.3676357499802006,1,0,1,1,9,14,1,27.66,-81.52,USA
C0624,Individual,Male,USA,Nevada,Investment,3,No,Agency,25.32785763175907,<35,3,1215611.54,405203.8466666667,287.28624779022016,1413.8666666666668,0.0,3,2024-09-01,2025-11-01,14.0,Nevada,1,0,1,0,S2,Domestic Investors,S2 - Domestic Investors,S2,1,0.1315524009181959,0.30271549579661444,-0.7544490652422788,1,0,0,0,9,25,1,38.8,-116.42,USA
C0625,Individual,Female,Belgium,Flanders,Investment,2,Yes,Agency,42.483230663928815,35-44,4,1000166.88,250041.72,292.8195869575726,851.0225,0.25,4,2024-06-01,2025-11-01,17.0,International,0,0,1,1,S3,International Buyers,S3 - International Buyers,S3,1,0.060729902172402914,-1.1938747646858476,0.07173809688154847,1,0,1,0,1,13,0,51.05,4.48,BEL
C0626,Individual,Female,Germany,Hamburg,Investment,2,No,Website,57.549623545516766,55-64,3,1061694.1300000001,353898.0433333334,285.1940313192774,1244.5566666666666,0.0,3,2024-04-01,2025-09-01,17.0,International,0,0,1,0,S3,International Buyers,S3 - International Buyers,S3,1,0.09164060318466105,0.18525278159017294,1.1902398949537123,1,0,0,2,5,16,0,53.55,9.99,DEU
C0627,Individual,Female,USA,Arizona,Personal Use,3,No,Agency,25.14715947980835,<35,4,1870806.42,467701.605,270.75016633382285,1726.0575,0.5,4,2024-03-01,2024-11-01,8.0,Arizona,1,0,0,0,S1,Domestic Cash Home Buyers,S1 - Domestic Cash Home Buyers,S1,1,0.19624287985977834,0.598446099643132,-0.6736721715686034,1,1,0,0,9,1,0,34.05,-111.09,USA
C0628,Individual,Male,Canada,British Columbia,Personal Use,3,Yes,Agency,40.62696783025325,35-44,4,1623109.63,405777.4075,321.38257980747676,1250.39,0.25,4,2024-01-01,2025-07-01,18.0,International,0,0,0,1,S3,International Buyers,S3 - International Buyers,S3,1,0.05423915425075008,-0.9298754677787882,0.17742941886255764,1,1,1,0,2,5,1,53.73,-127.65,CAN
C0629,Individual,Female,USA,California,Investment,2,No,Agency,79.4798083504449,65+,3,961721.77,320573.92333333334,288.9653200365696,1129.1766666666665,0.0,3,2024-02-01,2025-10-01,20.0,California,1,0,1,0,S2,Domestic Investors,S2 - Domestic Investors,S2,1,0.14876168323712005,0.3792253333145306,-1.0239309098457121,1,0,0,0,9,8,0,36.78,-119.42,USA
C0630,Individual,Male,USA,California,Personal Use,2,No,Website,60.427104722792606,55-64,4,1308077.6099999999,327019.40249999997,299.3394123212475,1075.5049999999999,0.25,4,2024-07-01,2025-12-01,17.0,California,1,0,0,0,S1,Domestic Cash Home Buyers,S1 - Domestic Cash Home Buyers,S1,1,0.29135035939268067,0.6764780704593254,0.061588156008589245,1,1,0,2,9,8,1,36.78,-119.42,USA
C0631,Individual,Female,USA,California,Personal Use,5,No,Website,59.05544147843943,55-64,4,1534891.22,383722.805,322.72671846476993,1227.645,0.25,4,2024-06-01,2025-05-01,11.0,California,1,0,0,0,S1,Domestic Cash Home Buyers,S1 - Domestic Cash Home Buyers,S1,1,0.2796072155477864,0.6760106616182397,0.06323992672925605,1,1,0,2,9,8,0,36.78,-119.42,USA
C0632,Individual,Male,UK,Northern Ireland,Personal Use,4,No,Website,77.62628336755647,65+,4,1146845.98,286711.495,297.7150223108018,947.7475,0.0,4,2024-10-01,2025-05-01,7.0,International,0,0,0,0,S3,International Buyers,S3 - International Buyers,S3,1,0.12441322022940197,0.4707749045781368,1.3111287025959173,1,1,0,2,8,31,1,54.79,-6.49,GBR
C0633,Individual,Female,USA,Nevada,Personal Use,3,No,Agency,84.63791923340177,65+,4,1207516.26,301879.065,326.25710067918743,928.745,0.0,4,2024-02-01,2025-10-01,20.0,Nevada,1,0,0,0,S1,Domestic Cash Home Buyers,S1 - Domestic Cash Home Buyers,S1,1,0.20418364650891396,0.6017592342341465,-0.6876460414827217,1,1,0,0,9,25,0,38.8,-116.42,USA
C0634,Individual,Male,USA,Washington,Investment,4,Yes,Website,45.11978097193703,45-54,3,1181693.63,393897.87666666665,281.64223622416745,1393.1066666666666,0.3333333333333333,3,2024-03-01,2025-01-01,10.1,Washington,1,0,1,1,S2,Domestic Investors,S2 - Domestic Investors,S2,1,0.07881148143239974,-1.0450388796353256,0.18898323211923246,1,0,1,2,9,53,1,47.75,-120.74,USA
C0635,Individual,Female,UK,Scotland,Investment,5,No,Website,65.54688569472964,65+,3,1375700.03,458566.6766666667,313.2355479652279,1460.493333333333,0.6666666666666666,3,2024-09-01,2025-03-01,5.9,International,0,0,1,0,S3,International Buyers,S3 - International Buyers,S3,1,0.09860164305934958,0.18151274551285784,1.2397171871695722,1,0,0,2,8,43,0,56.49,-4.2,GBR
C0636,Individual,Female,France,Brittany,Personal Use,5,No,Website,45.138945927446954,45-54,4,981810.0800000001,245452.52000000002,299.06553892659133,827.3575000000001,0.0,4,2024-04-01,2025-12-01,20.0,International,0,0,0,0,S3,International Buyers,S3 - International Buyers,S3,1,0.09853311569386772,0.46681114614586666,1.2613388687522282,1,1,0,2,4,6,0,48.2,-2.93,FRA
C0637,Individual,Female,USA,California,Personal Use,2,No,Website,58.38193018480493,55-64,4,1602478.07,400619.5175,309.58837207302247,1296.5625,0.0,4,2024-02-01,2025-05-01,14.9,California,1,0,0,0,S1,Domestic Cash Home Buyers,S1 - Domestic Cash Home Buyers,S1,1,0.2889992263457523,0.6768482751512626,0.06294080487882525,1,1,0,2,9,8,0,36.78,-119.42,USA
C0638,Individual,Male,USA,Ohio,Personal Use,5,Yes,Website,50.90485968514716,45-54,4,1347045.42,336761.355,287.15174224417376,1204.4975,0.25,4,2024-03-01,2025-02-01,11.1,US - Other,1,0,0,1,S4,Domestic Financed Home Buyers,S4 - Domestic Financed Home Buyers,S4,1,0.205745075041596,-0.756388662089853,0.25754185063293533,1,1,1,2,9,35,1,40.42,-82.91,USA
C0639,Individual,Male,UK,Scotland,Personal Use,3,Yes,Website,64.82956878850102,55-64,3,861670.72,287223.5733333333,290.6802798000895,1008.1300000000001,0.0,3,2025-08-01,2025-11-01,3.0,International,0,0,0,1,S3,International Buyers,S3 - International Buyers,S3,1,0.07303151494947806,-0.90703276677948,1.2258808681301405,1,1,1,2,8,43,1,56.49,-4.2,GBR
C0640,Individual,Female,USA,Utah,Personal Use,3,No,Agency,58.836413415468854,55-64,3,772950.1699999999,257650.05666666664,282.3080842959894,915.6366666666667,0.0,3,2024-04-01,2025-07-01,15.0,Utah,1,0,0,0,S1,Domestic Cash Home Buyers,S1 - Domestic Cash Home Buyers,S1,1,0.20388263711791943,0.6072842439742334,-0.6726371874848665,1,1,0,0,9,48,0,39.32,-111.09,USA
C0641,Corporate,Male,USA,Arizona,Personal Use,2,No,Agency,31.84394250513347,<35,3,1217213.26,405737.75333333336,328.4254236516344,1240.6066666666666,0.0,3,2024-10-01,2025-03-01,5.0,Arizona,1,0,0,0,S1,Domestic Cash Home Buyers,S1 - Domestic Cash Home Buyers,S1,1,0.14414211097104157,0.5773611137746997,-0.6825710085574677,0,1,0,0,9,1,1,34.05,-111.09,USA
C0642,Individual,Female,USA,California,Personal Use,4,No,Website,58.110882956878854,55-64,3,1027140.61,342380.2033333333,297.80058191299514,1161.5433333333333,0.0,3,2024-01-01,2024-06-01,5.0,California,1,0,0,0,S1,Domestic Cash Home Buyers,S1 - Domestic Cash Home Buyers,S1,1,0.2934031552122404,0.6758812431173586,0.06474682183947811,1,1,0,2,9,8,0,36.78,-119.42,USA
C0643,Individual,Female,USA,California,Personal Use,5,No,Website,51.657768651608485,45-54,3,928645.01,309548.33666666667,315.9044427822436,1016.5033333333334,0.0,3,2024-10-01,2025-11-01,13.0,California,1,0,0,0,S1,Domestic Cash Home Buyers,S1 - Domestic Cash Home Buyers,S1,1,0.2771281470857572,0.6740915151467364,0.06541077633833414,1,1,0,2,9,8,0,36.78,-119.42,USA
C0644,Individual,Female,USA,California,Personal Use,4,Yes,Agency,69.34976043805612,65+,3,1549624.23,516541.41,315.51472286719064,1630.1366666666665,0.3333333333333333,3,2024-01-01,2024-12-01,11.0,California,1,0,0,1,S4,Domestic Financed Home Buyers,S4 - Domestic Financed Home Buyers,S4,1,0.23976259057774205,-0.7130223417078023,-1.037199574355447,1,1,1,0,9,8,0,36.78,-119.42,USA
C0645,Individual,Male,USA,Nevada,Personal Use,2,No,Client,37.45379876796714,35-44,3,731453.53,243817.84333333335,282.906576050256,862.11,0.0,3,2025-01-01,2025-08-01,7.0,Nevada,1,0,0,0,S1,Domestic Cash Home Buyers,S1 - Domestic Cash Home Buyers,S1,1,0.1739092330033096,0.586260627435635,-0.22662023656581892,1,1,0,1,9,25,1,38.8,-116.42,USA
C0646,Individual,Female,USA,Arizona,Investment,5,No,Agency,30.4476386036961,<35,3,1325311.83,441770.61000000004,302.48359642072694,1464.0166666666667,0.0,3,2024-06-01,2025-12-01,18.0,Arizona,1,0,1,0,S2,Domestic Investors,S2 - Domestic Investors,S2,1,0.1209774416824395,0.3151288908952316,-0.7427198413101088,1,0,0,0,9,1,0,34.05,-111.09,USA
C0647,Individual,Female,USA,California,Personal Use,4,No,Agency,79.89869952087611,65+,4,2115520.42,528880.105,314.2885727793599,1676.3825,0.25,4,2025-09-01,2025-12-01,3.0,California,1,0,0,0,S1,Domestic Cash Home Buyers,S1 - Domestic Cash Home Buyers,S1,1,0.24254005870250522,0.6646004307633402,-0.9519007131706485,1,1,0,0,9,8,0,36.78,-119.42,USA
C0648,Individual,Female,USA,California,Personal Use,1,Yes,Website,26.833675564681723,<35,4,1142985.38,285746.345,288.2363886872438,984.6475,0.0,4,2024-04-01,2025-04-01,12.0,California,1,0,0,1,S4,Domestic Financed Home Buyers,S4 - Domestic Financed Home Buyers,S4,1,0.25281891127826284,-0.7054295582183963,-0.022915699581216198,1,1,1,2,9,8,0,36.78,-119.42,USA
C0649,Individual,Female,USA,California,Personal Use,4,No,Agency,30.836413415468858,<35,4,1401448.51,350362.1275,318.85950533977984,1136.6925,1.0,4,2024-04-01,2025-04-01,12.0,California,1,0,0,0,S1,Domestic Cash Home Buyers,S1 - Domestic Cash Home Buyers,S1,1,0.20769350335862405,0.6506849197040008,-0.9520313769788942,1,1,0,0,9,8,0,36.78,-119.42,USA
C0650,Corporate,Male,France,Occitanie,Personal Use,3,Yes,Client,49.86447638603696,45-54,3,799742.26,266580.75333333336,288.066031861014,932.37,0.0,3,2024-02-01,2025-12-01,22.0,International,0,0,0,1,S3,International Buyers,S3 - International Buyers,S1,0,0.023694649919404065,-0.9505288699490435,0.6075780741072219,0,1,1,1,4,34,1,43.89,3.28,FRA
C0651,Corporate,Male,USA,Washington,Personal Use,1,No,Agency,32.96098562628337,<35,4,1077094.73,269273.6825,291.0687670513722,948.7574999999999,0.0,4,2024-03-01,2025-10-01,19.0,Washington,1,0,0,0,S1,Domestic Cash Home Buyers,S1 - Domestic Cash Home Buyers,S1,1,0.13705773297415738,0.5723235551564643,-0.6776561427957244,0,1,0,0,9,53,1,47.75,-120.74,USA
C0652,Individual,Female,USA,Washington,Personal Use,2,No,Website,32.062970568104035,<35,3,904157.22,301385.74,311.8558727516952,985.5433333333334,0.0,3,2024-08-01,2025-09-01,13.0,Washington,1,0,0,0,S1,Domestic Cash Home Buyers,S1 - Domestic Cash Home Buyers,S1,1,0.21776424148297205,0.6119174648273993,0.348901759670611,1,1,0,2,9,53,0,47.75,-120.74,USA
C0653,Individual,Male,USA,Ohio,Personal Use,2,No,Client,55.44421629021218,55-64,4,1215543.15,303885.7875,294.7851332735887,1053.27,0.25,4,2024-08-01,2025-09-01,13.0,US - Other,1,0,0,0,S1,Domestic Cash Home Buyers,S1 - Domestic Cash Home Buyers,S1,1,0.17707560466562283,0.5987489845070895,-0.2137197082571291,1,1,0,1,9,35,1,40.42,-82.91,USA
C0654,Individual,Male,USA,New York,Personal Use,2,Yes,Website,65.65092402464066,65+,3,865293.89,288431.2966666667,291.6213068687354,1015.9399999999999,0.3333333333333333,3,2024-06-01,2025-09-01,15.0,New York,1,0,0,1,S4,Domestic Financed Home Buyers,S4 - Domestic Financed Home Buyers,S4,1,0.21519794971044515,-0.7513778508663789,0.2642468551763208,1,1,1,2,9,27,1,43.0,-75.0,USA
C0655,Individual,Female,USA,Nevada,Personal Use,1,Yes,Agency,75.61943874058863,65+,3,1071763.22,357254.4066666667,320.80174643789627,1138.4233333333334,0.0,3,2024-06-01,2025-05-01,11.0,Nevada,1,0,0,1,S4,Domestic Financed Home Buyers,S4 - Domestic Financed Home Buyers,S4,1,0.19754997509993236,-0.7748013316233107,-0.7732670899476946,1,1,1,0,9,25,0,38.8,-116.42,USA
C0656,Individual,Female,USA,Colorado,Personal Use,5,No,Client,48.89253935660506,45-54,4,1288383.38,322095.845,272.56720920906037,1190.4075,0.25,4,2024-02-01,2025-09-01,19.0,Colorado,1,0,0,0,S1,Domestic Cash Home Buyers,S1 - Domestic Cash Home Buyers,S1,1,0.1738106304386332,0.5934104296026355,-0.232722679054086,1,1,0,1,9,11,0,39.55,-105.78,USA
C0657,Individual,Male,USA,California,Personal Use,2,No,Agency,69.2621492128679,65+,3,1258111.3199999998,419370.43999999994,306.7882620263122,1338.1466666666668,0.0,3,2024-02-01,2025-11-01,21.0,California,1,0,0,0,S1,Domestic Cash Home Buyers,S1 - Domestic Cash Home Buyers,S1,1,0.25204427707773736,0.6621326136930579,-0.9504024765605161,1,1,0,0,9,8,1,36.78,-119.42,USA
C0658,Individual,Female,USA,Virginia,Personal Use,3,Yes,Agency,26.050650239561943,<35,3,1122021.28,374007.0933333333,301.4756979175042,1271.67,0.3333333333333333,3,2024-03-01,2025-11-01,20.0,Virginia,1,0,0,1,S4,Domestic Financed Home Buyers,S4 - Domestic Financed Home Buyers,S4,1,0.18886185831334318,-0.7728617340089847,-0.7541933586875387,1,1,1,0,9,50,0,37.43,-78.66,USA
C0659,Individual,Female,USA,California,Personal Use,4,Yes,Agency,37.23477070499658,35-44,4,1000550.86,250137.715,305.31942802807214,832.615,0.25,4,2025-02-01,2025-11-01,9.0,California,1,0,0,1,S4,Domestic Financed Home Buyers,S4 - Domestic Financed Home Buyers,S4,1,0.2431490056136104,-0.721001005862899,-1.0373445261897436,1,1,1,0,9,8,0,36.78,-119.42,USA
C0660,Individual,Male,USA,Arizona,Personal Use,4,Yes,Client,34.392881587953454,<35,3,1148308.35,382769.45,286.4432933590263,1337.0533333333333,0.0,3,2024-03-01,2025-06-01,15.0,Arizona,1,0,0,1,S4,Domestic Financed Home Buyers,S4 - Domestic Financed Home Buyers,S1,0,0.17784888775685448,-0.7772161492047791,-0.30058158800107804,1,1,1,1,9,1,1,34.05,-111.09,USA
C0661,Individual,Female,Canada,Manitoba,Personal Use,3,No,Website,64.51745379876797,55-64,4,1627713.0499999998,406928.26249999995,310.47679115794534,1299.3274999999999,0.0,4,2024-01-01,2025-12-01,23.0,International,0,0,0,0,S3,International Buyers,S3 - International Buyers,S3,1,0.11966769939927377,0.46773316712195184,1.2775532897743191,1,1,0,2,2,22,0,53.76,-98.81,CAN
C0662,Individual,Female,USA,California,Investment,3,No,Website,68.3504449007529,65+,4,1520239.97,380059.9925,323.65670495877663,1175.235,0.0,4,2024-03-01,2025-03-01,12.0,California,1,0,1,0,S2,Domestic Investors,S2 - Domestic Investors,S2,1,0.16726941787375477,0.39405966237400053,-0.009760242021139343,1,0,0,2,9,8,0,36.78,-119.42,USA
C0663,Individual,Male,USA,California,Personal Use,2,Yes,Agency,67.90965092402465,65+,4,1544313.34,386078.335,307.74678265635316,1234.8075,0.0,4,2024-05-01,2025-10-01,17.0,California,1,0,0,1,S4,Domestic Financed Home Buyers,S4 - Domestic Financed Home Buyers,S4,1,0.2522435814018914,-0.7123161830018979,-1.0385507085625854,1,1,1,0,9,8,1,36.78,-119.42,USA
C0664,Individual,Male,Canada,Alberta,Investment,5,Yes,Website,67.37303216974675,65+,4,1063024.57,265756.1425,297.56075291368495,897.47,0.25,4,2024-04-01,2025-04-01,12.0,International,0,0,1,1,S3,International Buyers,S3 - International Buyers,S3,1,0.08774760001826076,-1.1924092597803126,1.1173434573390921,1,0,1,2,2,0,1,53.93,-116.58,CAN
C0665,Individual,Male,USA,Colorado,Investment,1,No,Agency,66.34633812457221,65+,3,704886.02,234962.00666666668,307.8983581638773,765.68,0.0,3,2024-05-01,2025-02-01,9.1,Colorado,1,0,1,0,S2,Domestic Investors,S2 - Domestic Investors,S2,1,0.12615030076208672,0.3164709226915679,-0.7639911874905869,1,0,0,0,9,11,1,39.55,-105.78,USA
C0666,Individual,Female,USA,California,Investment,1,No,Website,77.22655715263518,65+,4,1532074.27,383018.5675,306.4454018186857,1271.345,0.5,4,2024-03-01,2025-12-01,21.0,California,1,0,1,0,S2,Domestic Investors,S2 - Domestic Investors,S2,1,0.14827199336065736,0.395268398339308,-0.012888902212174203,1,0,0,2,9,8,0,36.78,-119.42,USA
C0667,Individual,Male,USA,Arizona,Investment,2,No,Agency,59.48528405201917,55-64,4,1486560.06,371640.015,292.5604496662045,1295.2649999999999,0.0,4,2024-04-01,2024-12-01,8.0,Arizona,1,0,1,0,S2,Domestic Investors,S2 - Domestic Investors,S2,1,0.12971240114606764,0.3225760075981183,-0.7474038755292973,1,0,0,0,9,1,1,34.05,-111.09,USA
C0668,Individual,Female,France,Ile-de-France,Investment,4,Yes,Website,47.12662559890486,45-54,4,987175.01,246793.7525,302.2540028172113,824.2025,0.0,4,2024-11-01,2025-09-01,10.0,International,0,0,1,1,S3,International Buyers,S3 - International Buyers,S3,1,0.07733394084720495,-1.1920020309088444,1.1015356577124273,1,0,1,2,4,18,0,48.85,2.35,FRA
C0669,Individual,Female,Canada,British Columbia,Personal Use,3,No,Agency,67.78918548939083,65+,3,1366533.49,455511.16333333333,285.82087164617263,1599.3433333333332,0.3333333333333333,3,2024-08-01,2025-07-01,11.0,International,0,0,0,0,S3,International Buyers,S3 - International Buyers,S3,1,0.10012237761176565,0.4505426473906225,0.26367858616331746,1,1,0,0,2,5,0,53.73,-127.65,CAN
C0670,Corporate,Male,USA,Nevada,Investment,4,No,Website,49.53593429158111,45-54,3,1631973.5499999998,543991.1833333332,302.0008828167261,1800.45,0.0,3,2024-02-01,2025-01-01,11.0,Nevada,1,0,1,0,S2,Domestic Investors,S2 - Domestic Investors,S1,0,0.09786993695727113,0.30235067232186214,0.24815309961762166,0,0,0,2,9,25,1,38.8,-116.42,USA
C0671,Individual,Male,USA,Colorado,Personal Use,4,Yes,Client,84.06023271731691,65+,3,759678.12,253226.04,304.75267792694325,849.6366666666667,0.0,3,2025-02-01,2025-09-01,7.0,Colorado,1,0,0,1,S4,Domestic Financed Home Buyers,S4 - Domestic Financed Home Buyers,S1,0,0.18131798753556513,-0.772794905850138,-0.3206519416016748,1,1,1,1,9,11,1,39.55,-105.78,USA
C0672,Individual,Female,USA,California,Personal Use,2,No,Website,58.81177275838467,55-64,3,1301968.05,433989.35000000003,299.95897142075273,1452.2633333333333,0.3333333333333333,3,2024-09-01,2025-08-01,11.0,California,1,0,0,0,S1,Domestic Cash Home Buyers,S1 - Domestic Cash Home Buyers,S1,1,0.28381273129814844,0.6758530355294516,0.06312893140009657,1,1,0,2,9,8,0,36.78,-119.42,USA
C0673,Individual,Female,USA,California,Personal Use,4,No,Website,60.199863107460644,55-64,3,870503.9000000001,290167.96666666673,288.30634444005767,1012.96,0.0,3,2024-10-01,2025-11-01,13.0,California,1,0,0,0,S1,Domestic Cash Home Buyers,S1 - Domestic Cash Home Buyers,S1,1,0.2910067479019747,0.676147126884497,0.0643162325894695,1,1,0,2,9,8,0,36.78,-119.42,USA
C0674,Individual,Female,USA,California,Investment,4,No,Website,39.60027378507871,35-44,4,1733438.52,433359.63,316.8275338092095,1365.9450000000002,0.0,4,2024-01-01,2025-10-01,21.0,California,1,0,1,0,S2,Domestic Investors,S2 - Domestic Investors,S2,1,0.16072149678277703,0.38730838209049895,-0.00723791105912619,1,0,0,2,9,8,0,36.78,-119.42,USA
C0675,Individual,Female,USA,Texas,Personal Use,5,No,Website,56.02190280629706,55-64,3,1117159.17,372386.38999999996,342.7720336053362,1113.29,0.3333333333333333,3,2024-08-01,2024-09-01,1.0,Texas,1,0,0,0,S1,Domestic Cash Home Buyers,S1 - Domestic Cash Home Buyers,S1,1,0.21537340127269414,0.6261441869871578,0.3496937182852391,1,1,0,2,9,47,0,31.97,-99.9,USA
C0676,Individual,Female,USA,Nevada,Personal Use,2,No,Agency,83.55373032169747,65+,3,1022396.03,340798.6766666667,330.15138108079117,989.0566666666667,0.3333333333333333,3,2024-03-01,2024-03-01,0.0,Nevada,1,0,0,0,S1,Domestic Cash Home Buyers,S1 - Domestic Cash Home Buyers,S1,1,0.20117216831386564,0.6005836527277053,-0.6877120743126928,1,1,0,0,9,25,0,38.8,-116.42,USA
C0677,Individual,Male,USA,Arizona,Investment,2,No,Agency,44.328542094455855,35-44,4,1217015.1099999999,304253.77749999997,300.00249931528646,1024.3375,0.25,4,2024-03-01,2025-08-01,17.0,Arizona,1,0,1,0,S2,Domestic Investors,S2 - Domestic Investors,S2,1,0.13103079658630298,0.31813425589433314,-0.7476370560426415,1,0,0,0,9,1,1,34.05,-111.09,USA
C0678,Individual,Male,USA,California,Personal Use,4,Yes,Website,53.19917864476386,45-54,3,904050.87,301350.29,331.30723233262876,897.3100000000001,0.6666666666666666,3,2024-02-01,2025-08-01,18.0,California,1,0,0,1,S4,Domestic Financed Home Buyers,S4 - Domestic Financed Home Buyers,S4,1,0.25778856584388743,-0.7014458739493479,-0.024321757648321785,1,1,1,2,9,8,1,36.78,-119.42,USA
C0679,Individual,Female,USA,Nevada,Personal Use,1,No,Agency,61.07871321013005,55-64,4,1945371.6800000002,486342.92000000004,283.6692192666235,1726.0575,0.25,4,2024-04-01,2025-10-01,18.0,Nevada,1,0,0,0,S1,Domestic Cash Home Buyers,S1 - Domestic Cash Home Buyers,S1,1,0.1976119865082872,0.5965063473887107,-0.6869786096595705,1,1,0,0,9,25,0,38.8,-116.42,USA
C0680,Individual,Male,USA,Utah,Investment,2,No,Agency,60.709103353867214,55-64,4,1533727.71,383431.9275,292.95481586924626,1333.2775,0.0,4,2024-04-01,2025-11-01,19.0,Utah,1,0,1,0,S2,Domestic Investors,S2 - Domestic Investors,S2,1,0.12762266006911568,0.3238861410636406,-0.7460791443854218,1,0,0,0,9,48,1,39.32,-111.09,USA
C0681,Corporate,Female,USA,California,Personal Use,3,No,Agency,48.68446269678302,45-54,4,736696.97,184174.2425,274.9177092938877,658.8625,0.0,4,2024-02-01,2025-11-01,21.0,California,1,0,0,0,S1,Domestic Cash Home Buyers,S1 - Domestic Cash Home Buyers,S1,1,0.1620171410758505,0.633138821237031,-0.9620477690253801,0,1,0,0,9,8,0,36.78,-119.42,USA
C0682,Individual,Male,USA,California,Personal Use,5,No,Website,52.55304585900068,45-54,4,1436006.22,359001.555,297.37073543990766,1214.5625,0.0,4,2024-06-01,2025-02-01,8.0,California,1,0,0,0,S1,Domestic Cash Home Buyers,S1 - Domestic Cash Home Buyers,S1,1,0.2796174933309332,0.67495163522361,0.06440019492516558,1,1,0,2,9,8,1,36.78,-119.42,USA
C0683,Individual,Male,USA,Colorado,Personal Use,2,Yes,Agency,77.36344969199179,65+,3,1216565.53,405521.8433333333,277.04186140861026,1463.22,0.0,3,2024-04-01,2025-04-01,12.0,Colorado,1,0,0,1,S4,Domestic Financed Home Buyers,S4 - Domestic Financed Home Buyers,S4,1,0.2084272686340942,-0.769785034322085,-0.7777889905058135,1,1,1,0,9,11,1,39.55,-105.78,USA
C0684,Individual,Male,USA,California,Personal Use,1,No,Agency,40.238193018480494,35-44,4,1402625.45,350656.3625,303.8373174363276,1120.62,0.25,4,2024-04-01,2025-12-01,20.0,California,1,0,0,0,S1,Domestic Cash Home Buyers,S1 - Domestic Cash Home Buyers,S1,1,0.24150558221583096,0.6549986630775004,-0.9513426778668357,1,1,0,0,9,8,1,36.78,-119.42,USA
C0685,Individual,Female,USA,Washington,Personal Use,5,No,Agency,38.704996577686515,35-44,3,1129835.06,376611.6866666667,289.31464355745044,1228.5033333333333,0.3333333333333333,3,2025-01-01,2025-10-01,9.0,Washington,1,0,0,0,S1,Domestic Cash Home Buyers,S1 - Domestic Cash Home Buyers,S1,1,0.195825474132058,0.595756842756447,-0.6649343942465111,1,1,0,0,9,53,0,47.75,-120.74,USA
C0686,Individual,Male,USA,California,Personal Use,1,Yes,Website,62.12183436002738,55-64,3,1250166.33,416722.11000000004,303.1945308245193,1369.7300000000002,0.0,3,2024-01-01,2025-09-01,20.0,California,1,0,0,1,S4,Domestic Financed Home Buyers,S4 - Domestic Financed Home Buyers,S4,1,0.2672536967787593,-0.6969893391636929,-0.02331103599197437,1,1,1,2,9,8,1,36.78,-119.42,USA
C0687,Individual,Female,USA,Utah,Personal Use,3,Yes,Website,66.99247091033538,65+,4,1532604.0,383151.0,301.80354172653267,1210.7375000000002,0.25,4,2024-06-01,2025-07-01,13.0,Utah,1,0,0,1,S4,Domestic Financed Home Buyers,S4 - Domestic Financed Home Buyers,S4,1,0.22367325071352792,-0.7479076603827635,0.25253376016447543,1,1,1,2,9,48,0,39.32,-111.09,USA
C0688,Individual,Female,USA,Colorado,Investment,5,Yes,Website,57.073237508555785,55-64,4,1093762.42,273440.605,306.5183230055185,868.5725,0.25,4,2024-02-01,2025-10-01,20.0,Colorado,1,0,1,1,S2,Domestic Investors,S2 - Domestic Investors,S2,1,0.07875650199142081,-1.0436748505882087,0.16357463143859874,1,0,1,2,9,11,0,39.55,-105.78,USA
C0689,Individual,Female,USA,California,Personal Use,4,No,Website,27.707049965776864,<35,3,1051259.37,350419.79000000004,294.6877753003221,1186.05,0.3333333333333333,3,2025-05-01,2025-11-01,6.0,California,1,0,0,0,S1,Domestic Cash Home Buyers,S1 - Domestic Cash Home Buyers,S1,1,0.2748313523519494,0.667944871592447,0.06561373217713395,1,1,0,2,9,8,0,36.78,-119.42,USA
C0690,Individual,Female,USA,Oregon,Personal Use,4,Yes,Agency,40.309377138945926,35-44,4,1402023.24,350505.81,300.5961844038745,1150.3275,0.25,4,2024-01-01,2025-12-01,23.0,Oregon,1,0,0,1,S4,Domestic Financed Home Buyers,S4 - Domestic Financed Home Buyers,S4,1,0.2052785884932972,-0.7900962587881941,-0.7656358484823989,1,1,1,0,9,37,0,43.8,-120.55,USA
C0691,Individual,Male,USA,California,Investment,4,No,Agency,82.44490075290896,65+,4,948552.89,237138.2225,290.56720726693106,816.16,0.0,4,2024-03-01,2025-08-01,17.0,California,1,0,1,0,S2,Domestic Investors,S2 - Domestic Investors,S2,1,0.14350836259211314,0.37971082495780456,-1.0250263354712839,1,0,0,0,9,8,1,36.78,-119.42,USA
C0692,Individual,Male,USA,Georgia,Investment,3,No,Agency,61.79876796714579,55-64,4,1206585.87,301646.4675,299.5495073947391,1011.5875,0.0,4,2024-05-01,2025-05-01,12.0,US - Other,1,0,1,0,S2,Domestic Investors,S2 - Domestic Investors,S2,1,0.1228650122309196,0.3194427082493447,-0.742807377329799,1,0,0,0,9,15,1,32.16,-82.9,USA
C0693,Individual,Male,USA,California,Investment,5,Yes,Agency,68.67624914442163,65+,4,1831502.92,457875.73,302.8076865038587,1498.6825,0.25,4,2024-01-01,2024-12-01,11.0,California,1,0,1,1,S2,Domestic Investors,S2 - Domestic Investors,S2,1,0.0846330007776749,-0.997792217616579,-1.1102635298451091,1,0,1,0,9,8,1,36.78,-119.42,USA
C0694,Corporate,Male,UK,Scotland,Investment,2,No,Website,36.46817248459959,35-44,4,1287767.07,321941.7675,303.055509354016,1063.04,0.25,4,2024-01-01,2025-10-01,21.0,International,0,0,1,0,S3,International Buyers,S3 - International Buyers,S1,0,0.07649903965009995,0.15259556244560718,1.2291861905640087,0,0,0,2,8,43,1,56.49,-4.2,GBR
C0695,Individual,Male,USA,Washington,Personal Use,4,No,Website,78.77344284736482,65+,3,870451.65,290150.55,323.0922596930234,934.8733333333333,0.3333333333333333,3,2024-07-01,2025-01-01,6.0,Washington,1,0,0,0,S1,Domestic Cash Home Buyers,S1 - Domestic Cash Home Buyers,S1,1,0.22088182737073583,0.6219243282234861,0.34551614446820345,1,1,0,2,9,53,1,47.75,-120.74,USA
C0696,Individual,Female,USA,Washington,Investment,5,Yes,Agency,31.822039698836413,<35,4,1417025.49,354256.3725,277.7675083347151,1246.6175,0.25,4,2024-01-01,2025-10-01,21.0,Washington,1,0,1,1,S2,Domestic Investors,S2 - Domestic Investors,S2,1,0.0744149958509511,-1.0647374620646977,-0.8247872004772612,1,0,1,0,9,53,0,47.75,-120.74,USA
C0697,Individual,Male,USA,California,Investment,4,Yes,Agency,39.16495550992471,35-44,4,1203571.2,300892.8,290.4335245028834,1036.6525,0.0,4,2024-10-01,2025-10-01,12.0,California,1,0,1,1,S2,Domestic Investors,S2 - Domestic Investors,S2,1,0.0907243937841188,-1.0046704297451332,-1.108669130893207,1,0,1,0,9,8,1,36.78,-119.42,USA
C0698,Individual,Female,USA,California,Personal Use,2,Yes,Website,79.46064339493498,65+,4,1560635.51,390158.8775,307.9603135534052,1286.9575,0.25,4,2024-03-01,2025-06-01,15.0,California,1,0,0,1,S4,Domestic Financed Home Buyers,S4 - Domestic Financed Home Buyers,S4,1,0.2769592895862276,-0.6932246667131622,-0.02620083526751693,1,1,1,2,9,8,0,36.78,-119.42,USA
C0699,Individual,Male,USA,Washington,Personal Use,1,Yes,Agency,39.02532511978097,35-44,3,1292445.15,430815.05,318.6152453856261,1357.1933333333334,0.0,3,2024-01-01,2025-11-01,22.0,Washington,1,0,0,1,S4,Domestic Financed Home Buyers,S4 - Domestic Financed Home Buyers,S4,1,0.19260161970556128,-0.7771877564474325,-0.7521458590717838,1,1,1,0,9,53,1,47.75,-120.74,USA
C0700,Individual,Female,USA,Washington,Personal Use,5,No,Website,81.7138945927447,65+,3,724453.7,241484.56666666665,282.93780353298,851.4266666666667,0.0,3,2024-11-01,2025-12-01,13.0,Washington,1,0,0,0,S1,Domestic Cash Home Buyers,S1 - Domestic Cash Home Buyers,S1,1,0.2098408968002861,0.6230105947323159,0.34656779433290885,1,1,0,2,9,53,0,47.75,-120.74,USA
C0701,Individual,Female,UK,England,Investment,1,No,Website,63.28815879534565,55-64,4,1318537.76,329634.44,304.20595887478254,1050.5725,0.0,4,2024-10-01,2025-12-01,14.0,International,0,0,1,0,S3,International Buyers,S3 - International Buyers,S3,1,0.10591862641653019,0.18297848027545177,1.238641651290002,1,0,0,2,8,12,0,52.36,-1.17,GBR
C0702,Individual,Male,USA,Arizona,Personal Use,5,No,Agency,59.43874058863792,55-64,3,1215022.0,405007.3333333333,311.0624599044384,1303.7766666666666,0.0,3,2024-06-01,2025-01-01,7.0,Arizona,1,0,0,0,S1,Domestic Cash Home Buyers,S1 - Domestic Cash Home Buyers,S1,1,0.20163253376744028,0.6068336289376115,-0.6723655869058696,1,1,0,0,9,1,1,34.05,-111.09,USA
C0703,Corporate,Male,USA,Colorado,Personal Use,3,No,Website,41.6290212183436,35-44,3,938073.5700000001,312691.19,308.2167615628062,1023.8800000000001,0.0,3,2024-07-01,2025-08-01,13.0,Colorado,1,0,0,0,S1,Domestic Cash Home Buyers,S1 - Domestic Cash Home Buyers,S1,1,0.1560763813938185,0.5893372049628709,0.3145775074121657,0,1,0,2,9,11,1,39.55,-105.78,USA
C0704,Individual,Female,USA,Georgia,Personal Use,4,No,Agency,83.93702943189597,65+,3,1130778.86,376926.2866666667,317.21408986323775,1194.9266666666665,0.3333333333333333,3,2024-04-01,2024-11-01,7.0,US - Other,1,0,0,0,S1,Domestic Cash Home Buyers,S1 - Domestic Cash Home Buyers,S1,1,0.1973834135381748,0.6086234208543977,-0.670957546169914,1,1,0,0,9,15,0,32.16,-82.9,USA
C0705,Individual,Male,USA,Nevada,Personal Use,3,No,Website,85.03490759753593,65+,3,1643383.67,547794.5566666666,324.0979609858608,1680.5266666666666,0.0,3,2024-02-01,2024-07-01,5.0,Nevada,1,0,0,0,S1,Domestic Cash Home Buyers,S1 - Domestic Cash Home Buyers,S1,1,0.21559173071010768,0.6191493144236973,0.3285459420229997,1,1,0,2,9,25,1,38.8,-116.42,USA
C0706,Individual,Male,UK,England,Investment,2,No,Client,41.52224503764545,35-44,3,1034954.84,344984.94666666666,298.731268274053,1162.6166666666666,0.0,3,2024-06-01,2025-01-01,7.0,International,0,0,1,0,S3,International Buyers,S3 - International Buyers,S3,1,0.08346600849755924,0.15670435359027518,0.6853979036785616,1,0,0,1,8,12,1,52.36,-1.17,GBR
C0707,Individual,Male,USA,Virginia,Personal Use,5,Yes,Website,30.272416153319643,<35,4,1171255.22,292813.805,298.39548981596226,956.935,0.25,4,2024-04-01,2025-09-01,17.0,Virginia,1,0,0,1,S4,Domestic Financed Home Buyers,S4 - Domestic Financed Home Buyers,S4,1,0.19587939221895626,-0.7548947426773079,0.25895426968746543,1,1,1,2,9,50,1,37.43,-78.66,USA
C0708,Individual,Male,USA,California,Personal Use,2,No,Client,61.08966461327858,55-64,3,1539340.8699999999,513113.6233333333,325.468567530367,1523.6933333333334,0.6666666666666666,3,2024-07-01,2024-12-01,5.0,California,1,0,0,0,S1,Domestic Cash Home Buyers,S1 - Domestic Cash Home Buyers,S1,1,0.19625260562594807,0.6552434569521057,-0.49424142495598283,1,1,0,1,9,8,1,36.78,-119.42,USA
C0709,Individual,Female,USA,Georgia,Personal Use,2,Yes,Agency,43.15126625598905,35-44,4,1233960.52,308490.13,313.75996043349187,1009.23,0.0,4,2024-07-01,2025-09-01,14.0,US - Other,1,0,0,1,S4,Domestic Financed Home Buyers,S4 - Domestic Financed Home Buyers,S4,1,0.2005803610890297,-0.7743235218540963,-0.7564692817231116,1,1,1,0,9,15,0,32.16,-82.9,USA
C0710,Individual,Male,USA,Oregon,Personal Use,2,Yes,Agency,79.37029431895962,65+,4,1158001.3599999999,289500.33999999997,303.9456641085883,939.3575,0.0,4,2024-02-01,2025-12-01,22.0,Oregon,1,0,0,1,S4,Domestic Financed Home Buyers,S4 - Domestic Financed Home Buyers,S4,1,0.20405525902961244,-0.78029010204069,-0.7685010271419053,1,1,1,0,9,37,1,43.8,-120.55,USA
C0711,Individual,Female,USA,California,Investment,3,No,Agency,30.198494182067076,<35,4,1045658.54,261414.635,285.7926869742843,905.7525,0.25,4,2024-06-01,2024-12-01,6.0,California,1,0,1,0,S2,Domestic Investors,S2 - Domestic Investors,S2,1,0.15333988494132983,0.367014657256818,-1.022751959525501,1,0,0,0,9,8,0,36.78,-119.42,USA
C0712,Individual,Male,USA,California,Personal Use,1,No,Agency,34.94318959616701,<35,3,701688.31,233896.10333333336,280.63309631189395,842.68,0.3333333333333333,3,2024-03-01,2024-06-01,3.0,California,1,0,0,0,S1,Domestic Cash Home Buyers,S1 - Domestic Cash Home Buyers,S1,1,0.229733196449033,0.652549497302318,-0.9507912092787927,1,1,0,0,9,8,1,36.78,-119.42,USA
C0713,Individual,Female,USA,California,Investment,3,No,Agency,28.876112251882272,<35,3,946537.74,315512.58,279.13497268536076,1125.17,0.0,3,2024-05-01,2025-03-01,10.0,California,1,0,1,0,S2,Domestic Investors,S2 - Domestic Investors,S2,1,0.1526092320384085,0.36709265134330465,-1.0202556373498324,1,0,0,0,9,8,0,36.78,-119.42,USA
C0714,Individual,Male,Russia,Saint Petersburg,Personal Use,3,No,Website,48.99110198494182,45-54,3,1520218.18,506739.3933333333,300.49110441401837,1680.5266666666666,0.6666666666666666,3,2024-03-01,2025-10-01,19.0,International,0,0,0,0,S3,International Buyers,S3 - International Buyers,S3,1,0.09030413994082014,0.47772196128716166,1.2398020071718951,1,1,0,2,7,42,1,59.93,30.34,RUS
C0715,Individual,Female,USA,Utah,Personal Use,3,No,Website,43.40588637919233,35-44,3,1151372.75,383790.9166666667,294.07391084605104,1340.7666666666667,0.3333333333333333,3,2024-01-01,2025-01-01,12.0,Utah,1,0,0,0,S1,Domestic Cash Home Buyers,S1 - Domestic Cash Home Buyers,S1,1,0.22606879264690272,0.6203289445064075,0.34186679781582824,1,1,0,2,9,48,0,39.32,-111.09,USA
C0716,Individual,Male,UK,Northern Ireland,Personal Use,1,No,Client,31.186858316221766,<35,3,1173245.74,391081.91333333333,297.53773398366985,1334.1000000000001,0.3333333333333333,3,2024-03-01,2025-11-01,20.0,International,0,0,0,0,S3,International Buyers,S3 - International Buyers,S3,1,0.09473992935792404,0.4387417238207662,0.7571086166765193,1,1,0,1,8,31,1,54.79,-6.49,GBR
C0717,Individual,Female,USA,Arizona,Investment,3,Yes,Agency,79.56194387405887,65+,3,1000529.6699999999,333509.88999999996,286.5515487238422,1156.5633333333333,0.3333333333333333,3,2024-03-01,2025-06-01,15.0,Arizona,1,0,1,1,S2,Domestic Investors,S2 - Domestic Investors,S2,1,0.07709586630863019,-1.0486029207702612,-0.8352696092323117,1,0,1,0,9,1,0,34.05,-111.09,USA
C0718,Individual,Female,France,Ile-de-France,Personal Use,2,Yes,Website,81.22929500342231,65+,3,900157.9099999999,300052.63666666666,279.3999356441512,1123.8033333333333,0.3333333333333333,3,2024-08-01,2025-02-01,6.0,International,0,0,0,1,S3,International Buyers,S3 - International Buyers,S3,1,0.04466598072460067,-0.8996607610684915,1.171284056945433,1,1,1,2,4,18,0,48.85,2.35,FRA
C0719,Individual,Male,USA,California,Investment,2,Yes,Agency,51.49897330595483,45-54,3,912916.77,304305.59,300.5135989331466,1023.8800000000001,0.0,3,2024-04-01,2025-12-01,20.0,California,1,0,1,1,S2,Domestic Investors,S2 - Domestic Investors,S2,1,0.09022480545021033,-1.0019328642465035,-1.1090825583299904,1,0,1,0,9,8,1,36.78,-119.42,USA
C0720,Individual,Female,USA,California,Investment,1,Yes,Agency,44.62422997946612,35-44,4,844316.69,211079.1725,313.99370359722434,678.3725,0.5,4,2024-12-01,2025-12-01,12.0,California,1,0,1,1,S2,Domestic Investors,S2 - Domestic Investors,S2,1,0.08209727441978443,-1.0046514812272653,-1.112648827081934,1,0,1,0,9,8,0,36.78,-119.42,USA
C0721,Individual,Female,USA,Florida,Personal Use,4,No,Website,26.819986310746064,<35,4,1167212.02,291803.005,308.3858719928015,939.4875,0.25,4,2024-04-01,2025-10-01,18.0,Florida,1,0,0,0,S1,Domestic Cash Home Buyers,S1 - Domestic Cash Home Buyers,S1,1,0.22039046406926402,0.6203678865845936,0.34892154471952663,1,1,0,2,9,14,0,27.66,-81.52,USA
C0722,Individual,Female,USA,Texas,Personal Use,1,No,Website,82.30527036276523,65+,3,936104.05,312034.68333333335,299.2843696477643,1033.4833333333333,0.0,3,2024-09-01,2025-09-01,12.0,Texas,1,0,0,0,S1,Domestic Cash Home Buyers,S1 - Domestic Cash Home Buyers,S1,1,0.2038175694974806,0.6333767042432557,0.34711616015775515,1,1,0,2,9,47,0,31.97,-99.9,USA
C0723,Individual,Female,Germany,North Rhine-Westphalia,Personal Use,3,Yes,Website,26.702258726899384,<35,3,1554043.79,518014.5966666667,308.29363445057703,1671.7666666666667,0.0,3,2024-09-01,2025-03-01,5.9,International,0,0,0,1,S3,International Buyers,S3 - International Buyers,S3,1,0.050776846593880286,-0.9111500841699363,1.1788598137957247,1,1,1,2,5,30,0,51.43,7.66,DEU
C0724,Individual,Male,USA,Arizona,Investment,4,Yes,Agency,65.25941136208077,65+,4,1564795.28,391198.82,309.21208173968006,1255.1325000000002,0.25,4,2024-05-01,2025-11-01,18.0,Arizona,1,0,1,1,S2,Domestic Investors,S2 - Domestic Investors,S2,1,0.07945912881936892,-1.0512578973790576,-0.8345637131637917,1,0,1,0,9,1,1,34.05,-111.09,USA
C0725,Individual,Female,USA,New York,Personal Use,3,No,Website,42.496919917864474,35-44,3,1557779.53,519259.8433333333,300.00206956397875,1733.68,0.0,3,2024-09-01,2025-06-01,9.0,New York,1,0,0,0,S1,Domestic Cash Home Buyers,S1 - Domestic Cash Home Buyers,S1,1,0.22050234120268197,0.6190506721077464,0.3552367639317339,1,1,0,2,9,27,0,43.0,-75.0,USA
C0726,Individual,Female,USA,Georgia,Personal Use,4,No,Website,48.930869267624914,45-54,4,1055406.17,263851.5425,293.6323652273104,901.245,0.25,4,2024-01-01,2025-08-01,19.0,US - Other,1,0,0,0,S1,Domestic Cash Home Buyers,S1 - Domestic Cash Home Buyers,S1,1,0.22389937617596606,0.6173838284177358,0.3436795913473729,1,1,0,2,9,15,0,32.16,-82.9,USA
C0727,Individual,Male,USA,California,Investment,3,Yes,Client,84.35318275154005,65+,4,1924218.25,481054.5625,329.50800332765834,1425.7675,0.0,4,2024-02-01,2025-05-01,14.9,California,1,0,1,1,S2,Domestic Investors,S2 - Domestic Investors,S1,0,0.06926178413920224,-0.9968954257258253,-0.6536252040112789,1,0,1,1,9,8,1,36.78,-119.42,USA
C0728,Individual,Male,USA,California,Personal Use,3,Yes,Agency,54.44216290212184,45-54,3,896046.43,298682.14333333337,327.9513725380009,934.8733333333333,0.3333333333333333,3,2024-01-01,2024-10-01,9.0,California,1,0,0,1,S4,Domestic Financed Home Buyers,S4 - Domestic Financed Home Buyers,S4,1,0.25496994838646947,-0.7171913948392358,-1.0376373421831195,1,1,1,0,9,8,1,36.78,-119.42,USA
C0729,Individual,Male,USA,Washington,Investment,3,Yes,Agency,81.99041752224504,65+,3,1100578.42,366859.4733333333,284.7991112426232,1280.28,0.3333333333333333,3,2024-12-01,2025-09-01,9.0,Washington,1,0,1,1,S2,Domestic Investors,S2 - Domestic Investors,S2,1,0.07111208066316628,-1.053194379223109,-0.8278950360040598,1,0,1,0,9,53,1,47.75,-120.74,USA
C0730,Individual,Male,USA,California,Investment,4,No,Website,37.64544832306639,35-44,3,1395460.54,465153.51333333337,323.57984485050025,1435.6633333333332,0.0,3,2024-02-01,2024-05-01,3.0,California,1,0,1,0,S2,Domestic Investors,S2 - Domestic Investors,S2,1,0.15826809657224022,0.38650040927023516,-0.0057678574777247915,1,0,0,2,9,8,1,36.78,-119.42,USA
C0731,Individual,Male,USA,California,Personal Use,5,No,Agency,25.201916495550993,<35,4,2163873.35,540968.3375,319.08224457379634,1699.3675,0.0,4,2024-04-01,2025-08-01,16.0,California,1,0,0,0,S1,Domestic Cash Home Buyers,S1 - Domestic Cash Home Buyers,S1,1,0.22696791581953094,0.6521250550981579,-0.9470336634953569,1,1,0,0,9,8,1,36.78,-119.42,USA
C0732,Individual,Male,USA,Oregon,Personal Use,5,No,Website,40.82956878850103,35-44,4,1763602.47,440900.6175,306.8196266785186,1454.35,0.0,4,2024-01-01,2024-10-01,9.0,Oregon,1,0,0,0,S1,Domestic Cash Home Buyers,S1 - Domestic Cash Home Buyers,S1,1,0.20879426989651786,0.6021677593994328,0.33683207188589936,1,1,0,2,9,37,1,43.8,-120.55,USA
C0733,Individual,Female,USA,Nevada,Personal Use,5,No,Agency,49.99315537303217,45-54,3,1610480.1,536826.7000000001,332.77373070273126,1609.0333333333335,0.3333333333333333,3,2024-05-01,2025-11-01,18.0,Nevada,1,0,0,0,S1,Domestic Cash Home Buyers,S1 - Domestic Cash Home Buyers,S1,1,0.19745978416510684,0.592897473768734,-0.6834497685332024,1,1,0,0,9,25,0,38.8,-116.42,USA
C0734,Individual,Female,USA,Virginia,Investment,5,Yes,Client,44.511978097193705,35-44,3,894573.22,298191.0733333333,279.9946002008845,1077.3333333333333,0.6666666666666666,3,2024-07-01,2025-06-01,11.0,Virginia,1,0,1,1,S2,Domestic Investors,S2 - Domestic Investors,S1,0,0.0663314212689869,-1.0584672452171928,-0.37091336673544123,1,0,1,1,9,50,0,37.43,-78.66,USA
C0735,Individual,Male,Germany,Hesse,Investment,4,No,Website,31.392197125256672,<35,3,1082670.51,360890.17,313.912537008794,1129.1766666666665,0.6666666666666666,3,2024-07-01,2025-12-01,17.0,International,0,0,1,0,S3,International Buyers,S3 - International Buyers,S3,1,0.08474028548330256,0.17730992716938593,1.1905330603079836,1,0,0,2,5,17,1,50.65,9.16,DEU
C0736,Individual,Male,USA,Utah,Investment,3,No,Agency,83.55099247091033,65+,3,961660.45,320553.48333333334,302.7660123278874,1049.5133333333333,0.0,3,2024-07-01,2025-11-01,16.0,Utah,1,0,1,0,S2,Domestic Investors,S2 - Domestic Investors,S2,1,0.1243664873235559,0.32848596539563785,-0.7462354076074038,1,0,0,0,9,48,1,39.32,-111.09,USA
C0737,Individual,Male,USA,California,Investment,3,No,Agency,47.37850787132101,45-54,3,1271295.42,423765.13999999996,302.2276207568195,1435.6633333333332,0.0,3,2024-02-01,2025-08-01,18.0,California,1,0,1,0,S2,Domestic Investors,S2 - Domestic Investors,S2,1,0.15557333574627824,0.3718847203735797,-1.0209277042266784,1,0,0,0,9,8,1,36.78,-119.42,USA
C0738,Individual,Male,USA,Texas,Personal Use,5,No,Website,45.275838466803556,45-54,4,1217179.49,304294.8725,315.6140508496973,955.7625,0.0,4,2024-01-01,2024-10-01,9.0,Texas,1,0,0,0,S1,Domestic Cash Home Buyers,S1 - Domestic Cash Home Buyers,S1,1,0.21432048462290995,0.6245264470268626,0.3499562309610096,1,1,0,2,9,47,1,31.97,-99.9,USA
C0739,Individual,Male,USA,California,Personal Use,2,No,Agency,60.79397672826831,55-64,4,1239915.48,309978.87,281.14767266299765,1096.12,0.25,4,2024-08-01,2025-12-01,16.0,California,1,0,0,0,S1,Domestic Cash Home Buyers,S1 - Domestic Cash Home Buyers,S1,1,0.258248383547679,0.6595769372275613,-0.9524683481764455,1,1,0,0,9,8,1,36.78,-119.42,USA
C0740,Individual,Female,USA,Utah,Investment,1,No,Client,59.063655030800824,55-64,3,1150084.72,383361.5733333333,321.463526838591,1176.2366666666667,0.3333333333333333,3,2024-05-01,2025-02-01,9.1,Utah,1,0,1,0,S2,Domestic Investors,S2 - Domestic Investors,S1,0,0.11050237475965151,0.3187073214793384,-0.28876610319207124,1,0,0,1,9,48,0,39.32,-111.09,USA
C0741,Individual,Female,USA,California,Personal Use,2,No,Website,63.389459274469544,55-64,3,808100.3,269366.76666666666,286.88279274715285,952.0733333333334,0.3333333333333333,3,2025-01-01,2025-09-01,8.0,California,1,0,0,0,S1,Domestic Cash Home Buyers,S1 - Domestic Cash Home Buyers,S1,1,0.28205564419331036,0.6762773671868514,0.06198127485781946,1,1,0,2,9,8,0,36.78,-119.42,USA
C0742,Individual,Male,UK,Wales,Personal Use,1,Yes,Website,45.360711841204655,45-54,3,943082.4199999999,314360.80666666664,291.4501152943838,1078.7866666666666,0.3333333333333333,3,2024-05-01,2025-09-01,16.0,International,0,0,0,1,S3,International Buyers,S3 - International Buyers,S3,1,0.06903873705550582,-0.9120429787927975,1.2253074524364904,1,1,1,2,8,51,1,52.13,-3.78,GBR
C0743,Individual,Male,USA,Oregon,Investment,4,Yes,Website,53.30595482546201,45-54,3,973707.31,324569.10333333333,292.0776979749862,1145.4666666666665,0.0,3,2024-04-01,2025-12-01,20.0,Oregon,1,0,1,1,S2,Domestic Investors,S2 - Domestic Investors,S2,1,0.08306640159707576,-1.0550347793164259,0.17701017372125102,1,0,1,2,9,37,1,43.8,-120.55,USA
C0744,Individual,Female,USA,Virginia,Personal Use,1,No,Website,75.14031485284052,65+,3,947393.7,315797.89999999997,335.23731425730807,939.3299999999999,0.3333333333333333,3,2024-03-01,2025-04-01,13.0,Virginia,1,0,0,0,S1,Domestic Cash Home Buyers,S1 - Domestic Cash Home Buyers,S1,1,0.21158105853818343,0.6301479262560354,0.34228166784453357,1,1,0,2,9,50,0,37.43,-78.66,USA
C0745,Individual,Female,USA,California,Investment,5,No,Website,28.536618754277892,<35,4,1137226.12,284306.53,295.1249931050721,940.485,0.0,4,2024-05-01,2025-07-01,14.0,California,1,0,1,0,S2,Domestic Investors,S2 - Domestic Investors,S2,1,0.14809791027147165,0.3839823294914468,-0.006847634772537692,1,0,0,2,9,8,0,36.78,-119.42,USA
C0746,Individual,Male,UK,Scotland,Personal Use,4,No,Website,69.21560574948666,65+,4,1485041.45,371260.3625,335.2338187013054,1120.62,0.25,4,2024-02-01,2025-01-01,11.0,International,0,0,0,0,S3,International Buyers,S3 - International Buyers,S3,1,0.12809640262296804,0.4685661775041166,1.3112767563184915,1,1,0,2,8,43,1,56.49,-4.2,GBR
C0747,Individual,Male,USA,Florida,Personal Use,4,Yes,Website,33.70294318959617,<35,3,1321142.35,440380.7833333334,306.12850428188943,1435.6633333333332,0.3333333333333333,3,2024-06-01,2025-02-01,8.0,Florida,1,0,0,1,S4,Domestic Financed Home Buyers,S4 - Domestic Financed Home Buyers,S4,1,0.20218993957218792,-0.7525223844128621,0.26327012875518285,1,1,1,2,9,14,1,27.66,-81.52,USA
C0748,Corporate,Female,USA,California,Personal Use,1,Yes,Client,51.82477754962355,45-54,3,1188736.23,396245.41,297.65683317437384,1332.34,0.3333333333333333,3,2025-05-01,2025-11-01,6.0,California,1,0,0,1,S4,Domestic Financed Home Buyers,S4 - Domestic Financed Home Buyers,S1,0,0.15163891227742782,-0.7441806879437346,-0.5909741504980683,0,1,1,1,9,8,0,36.78,-119.42,USA
C0749,Individual,Female,USA,New York,Personal Use,5,No,Agency,33.09514031485284,<35,3,1170883.93,390294.6433333333,309.49289457910066,1258.6899999999998,0.0,3,2024-12-01,2025-05-01,5.0,New York,1,0,0,0,S1,Domestic Cash Home Buyers,S1 - Domestic Cash Home Buyers,S1,1,0.19409429593467603,0.599271415691798,-0.6577492661227882,1,1,0,0,9,27,0,43.0,-75.0,USA
C0750,Individual,Female,USA,Nevada,Investment,1,No,Agency,49.56331279945243,45-54,3,887696.78,295898.9266666667,304.42393937761733,964.2666666666665,0.3333333333333333,3,2024-04-01,2024-11-01,7.0,Nevada,1,0,1,0,S2,Domestic Investors,S2 - Domestic Investors,S2,1,0.1290922130628449,0.3074998542661464,-0.7585755232704765,1,0,0,0,9,25,0,38.8,-116.42,USA
C0751,Individual,Male,USA,California,Personal Use,5,No,Client,51.28268309377139,45-54,4,1055948.97,263987.2425,276.69833760806756,967.0,0.0,4,2024-01-01,2024-09-01,8.0,California,1,0,0,0,S1,Domestic Cash Home Buyers,S1 - Domestic Cash Home Buyers,S1,1,0.20539822211099343,0.6536089665742146,-0.4924439258936208,1,1,0,1,9,8,1,36.78,-119.42,USA
C0752,Individual,Female,Belgium,Brussels,Investment,3,No,Agency,71.03901437371663,65+,4,836214.24,209053.56,287.40661619517806,725.4225,0.25,4,2024-06-01,2025-02-01,8.0,International,0,0,1,0,S3,International Buyers,S3 - International Buyers,S3,1,0.06622260328072602,0.18697845293160048,0.15686591561799806,1,0,0,0,1,7,0,50.85,4.35,BEL
C0753,Individual,Male,Germany,Hamburg,Personal Use,5,No,Website,65.02395619438741,65+,4,1053102.32,263275.58,304.4982458800239,868.5725,0.0,4,2024-02-01,2025-05-01,14.9,International,0,0,0,0,S3,International Buyers,S3 - International Buyers,S3,1,0.09849145053568775,0.47164944869125397,1.2616755315324564,1,1,0,2,5,16,1,53.55,9.99,DEU
C0754,Individual,Female,USA,Arizona,Investment,3,No,Website,55.37303216974675,55-64,4,1300009.56,325002.39,316.5416206780071,1037.4175,0.25,4,2024-09-01,2025-07-01,10.0,Arizona,1,0,1,0,S2,Domestic Investors,S2 - Domestic Investors,S2,1,0.1355123412318658,0.33763503328519945,0.2661283688519132,1,0,0,2,9,1,0,34.05,-111.09,USA
C0755,Corporate,Female,USA,California,Personal Use,5,No,Website,58.02327173169062,55-64,3,1040997.25,346999.0833333333,271.78757236163364,1286.4833333333333,0.3333333333333333,3,2025-04-01,2025-08-01,4.0,California,1,0,0,0,S1,Domestic Cash Home Buyers,S1 - Domestic Cash Home Buyers,S1,1,0.1751448188728387,0.6516919394107634,0.05333987160780451,0,1,0,2,9,8,0,36.78,-119.42,USA
C0756,Individual,Female,USA,Utah,Personal Use,5,Yes,Website,62.78713210130048,55-64,3,785768.09,261922.69666666666,282.2056558532571,934.8733333333333,0.0,3,2025-05-01,2025-10-01,5.0,Utah,1,0,0,1,S4,Domestic Financed Home Buyers,S4 - Domestic Financed Home Buyers,S4,1,0.20759548825493995,-0.7495421824030386,0.2550540649178041,1,1,1,2,9,48,0,39.32,-111.09,USA
C0757,Individual,Male,USA,Oregon,Personal Use,3,Yes,Website,79.64681724845995,65+,4,1392690.1199999999,348172.52999999997,332.7923361105536,1053.27,0.25,4,2024-06-01,2025-11-01,17.0,Oregon,1,0,0,1,S4,Domestic Financed Home Buyers,S4 - Domestic Financed Home Buyers,S4,1,0.2269766890971616,-0.7637501632079502,0.2453155615355713,1,1,1,2,9,37,1,43.8,-120.55,USA
C0758,Individual,Male,USA,California,Investment,2,No,Website,67.3867214236824,65+,4,1135189.16,283797.29,303.5984407446299,928.1775,0.25,4,2024-06-01,2025-03-01,9.0,California,1,0,1,0,S2,Domestic Investors,S2 - Domestic Investors,S2,1,0.16631498341487805,0.3929745173304036,-0.011502810316124767,1,0,0,2,9,8,1,36.78,-119.42,USA
C0759,Individual,Male,USA,Florida,Personal Use,4,No,Website,34.17932922655715,<35,3,1327801.32,442600.44,297.1099898291573,1451.5366666666666,0.0,3,2024-09-01,2025-05-01,8.0,Florida,1,0,0,0,S1,Domestic Cash Home Buyers,S1 - Domestic Cash Home Buyers,S1,1,0.2224456107164737,0.6228191317114748,0.35126328327328804,1,1,0,2,9,14,1,27.66,-81.52,USA
C0760,Individual,Female,USA,California,Investment,3,No,Website,61.01026694045174,55-64,4,1288008.21,322002.0525,291.964625621392,1133.69,0.0,4,2024-01-01,2025-01-01,12.0,California,1,0,1,0,S2,Domestic Investors,S2 - Domestic Investors,S2,1,0.17013235352715916,0.3920910939550401,-0.009580616656524543,1,0,0,2,9,8,0,36.78,-119.42,USA
C0761,Individual,Female,Belgium,Flanders,Personal Use,2,No,Agency,44.35318275154004,35-44,4,1387948.07,346987.0175,302.8354471660675,1134.4225000000001,0.0,4,2024-04-01,2025-09-01,17.0,International,0,0,0,0,S3,International Buyers,S3 - International Buyers,S3,1,0.082549173045195,0.4670085349366098,0.23231795152288331,1,1,0,0,1,13,0,51.05,4.48,BEL
C0762,Individual,Female,USA,Ohio,Personal Use,4,No,Website,58.502395619438744,55-64,4,1456185.33,364046.3325,282.2750534057651,1313.38,0.0,4,2024-03-01,2025-01-01,10.1,US - Other,1,0,0,0,S1,Domestic Cash Home Buyers,S1 - Domestic Cash Home Buyers,S1,1,0.22659001127243425,0.6206709439386087,0.3444919650944964,1,1,0,2,9,35,0,40.42,-82.91,USA
C0763,Corporate,Female,USA,Georgia,Personal Use,3,No,Agency,54.455852156057496,45-54,3,1036781.97,345593.99,298.85589436508616,1152.5966666666666,0.0,3,2025-02-01,2025-09-01,7.0,US - Other,1,0,0,0,S1,Domestic Cash Home Buyers,S1 - Domestic Cash Home Buyers,S1,1,0.14666588748995626,0.5791038260323513,-0.6792032603893463,0,1,0,0,9,15,0,32.16,-82.9,USA
C0764,Individual,Female,UK,Northern Ireland,Investment,4,No,Client,42.8911704312115,35-44,4,1670624.74,417656.185,294.22177981658905,1441.655,0.0,4,2024-12-01,2025-11-01,11.0,International,0,0,1,0,S3,International Buyers,S3 - International Buyers,S3,1,0.08310035968880385,0.1574936247305278,0.6852849933587046,1,0,0,1,8,31,0,54.79,-6.49,GBR
C0765,Individual,Male,France,Brittany,Personal Use,3,No,Website,58.52703627652293,55-64,4,1516418.29,379104.5725,294.4679305392661,1260.0625,0.25,4,2024-02-01,2025-08-01,18.0,International,0,0,0,0,S3,International Buyers,S3 - International Buyers,S3,1,0.10620109998337628,0.470253689412685,1.2595377963229153,1,1,0,2,4,6,1,48.2,-2.93,FRA
C0766,Individual,Male,Germany,North Rhine-Westphalia,Personal Use,3,Yes,Client,31.32375085557837,<35,4,1601876.1400000001,400469.03500000003,310.06511645723833,1286.2725,0.25,4,2024-01-01,2025-08-01,19.0,International,0,0,0,1,S3,International Buyers,S3 - International Buyers,S3,1,0.03633093855316577,-0.9311584386757814,0.6196483798305914,1,1,1,1,5,30,1,51.43,7.66,DEU
C0767,Individual,Male,Canada,British Columbia,Investment,2,No,Agency,64.90896646132786,55-64,4,1403932.48,350983.12,278.43709059084756,1242.0825,0.25,4,2024-01-01,2025-10-01,21.0,International,0,0,1,0,S3,International Buyers,S3 - International Buyers,S3,1,0.08576891874558511,0.165298484321116,0.1896557949394468,1,0,0,0,2,5,1,53.73,-127.65,CAN
C0768,Individual,Male,Denmark,Southern Denmark,Investment,5,Yes,Website,33.44284736481862,<35,3,1048127.47,349375.8233333333,291.56041147346576,1163.8866666666665,0.6666666666666666,3,2024-05-01,2025-03-01,10.0,International,0,0,1,1,S3,International Buyers,S3 - International Buyers,S3,1,0.05754600207264172,-1.1881949149301534,1.0637840527896965,1,0,1,2,3,45,1,55.3,9.0,DNK
C0769,Individual,Female,USA,Ohio,Personal Use,4,No,Agency,67.85763175906914,65+,3,675607.7899999999,225202.59666666665,299.57432421913035,753.3133333333334,0.3333333333333333,3,2024-01-01,2025-09-01,20.0,US - Other,1,0,0,0,S1,Domestic Cash Home Buyers,S1 - Domestic Cash Home Buyers,S1,1,0.19788698524587958,0.6041007805231577,-0.6708351530475971,1,1,0,0,9,35,0,40.42,-82.91,USA
C0770,Individual,Female,Russia,Krasnodar Krai,Personal Use,4,No,Website,74.89117043121149,65+,3,984598.73,328199.57666666666,291.90188965907197,1104.51,0.0,3,2024-10-01,2025-03-01,5.0,International,0,0,0,0,S3,International Buyers,S3 - International Buyers,S3,1,0.09417529497326238,0.48466583115253997,1.2400628261507078,1,1,0,2,7,21,0,45.04,38.98,RUS
C0771,Corporate,Male,USA,California,Personal Use,1,No,Website,41.5605749486653,35-44,4,1856997.08,464249.27,323.3900312040827,1408.3274999999999,0.25,4,2024-02-01,2025-10-01,20.0,California,1,0,0,0,S1,Domestic Cash Home Buyers,S1 - Domestic Cash Home Buyers,S1,1,0.16978169929276513,0.6493135750953258,0.05229117915279424,0,1,0,2,9,8,1,36.78,-119.42,USA
C0772,Individual,Male,USA,California,Investment,1,No,Client,34.26694045174538,<35,3,911164.52,303721.50666666665,295.45455963913673,1038.2,0.6666666666666666,3,2024-01-01,2025-12-01,23.0,California,1,0,1,0,S2,Domestic Investors,S2 - Domestic Investors,S1,0,0.12086567293746162,0.36332752957343534,-0.5662528435981384,1,0,0,1,9,8,1,36.78,-119.42,USA
C0773,Individual,Male,Russia,Saint Petersburg,Personal Use,1,No,Website,61.059548254620125,55-64,4,1451465.46,362866.365,312.52027994764853,1153.0825,0.25,4,2025-05-01,2025-10-01,5.0,International,0,0,0,0,S3,International Buyers,S3 - International Buyers,S3,1,0.09392252146638735,0.4817606018131881,1.2377853768560996,1,1,0,2,7,42,1,59.93,30.34,RUS
C0774,Individual,Male,USA,Georgia,Personal Use,5,Yes,Agency,42.776180698151954,35-44,3,999792.6799999999,333264.2266666666,291.40765373674816,1144.8033333333333,0.0,3,2024-10-01,2024-12-01,2.0,US - Other,1,0,0,1,S4,Domestic Financed Home Buyers,S4 - Domestic Financed Home Buyers,S4,1,0.1901251886047478,-0.7751120664625486,-0.7538124818699647,1,1,1,0,9,15,1,32.16,-82.9,USA
C0775,Individual,Female,USA,Arizona,Personal Use,1,No,Agency,50.01779603011636,45-54,4,1043608.37,260902.0925,289.7113272946693,900.39,0.25,4,2025-03-01,2025-11-01,8.0,Arizona,1,0,0,0,S1,Domestic Cash Home Buyers,S1 - Domestic Cash Home Buyers,S1,1,0.19597566856474166,0.6043468959653133,-0.6763185630477904,1,1,0,0,9,1,0,34.05,-111.09,USA
C0776,Individual,Female,Germany,Bavaria,Personal Use,4,Yes,Agency,59.5564681724846,55-64,3,914465.3300000001,304821.7766666667,309.4641934486999,980.8699999999999,0.3333333333333333,3,2025-03-01,2025-08-01,5.0,International,0,0,0,1,S3,International Buyers,S3 - International Buyers,S3,1,0.039625383230470684,-0.9219003402576524,0.16113011870310606,1,1,1,0,5,3,0,48.79,11.5,DEU
C0777,Corporate,Male,USA,Arizona,Personal Use,1,No,Client,43.630390143737166,35-44,3,1130759.4100000001,376919.8033333334,295.5140003391789,1313.16,0.0,3,2024-03-01,2024-11-01,8.0,Arizona,1,0,0,0,S1,Domestic Cash Home Buyers,S1 - Domestic Cash Home Buyers,S1,1,0.1271547616563759,0.5764707779558182,-0.22633234797149965,0,1,0,1,9,1,1,34.05,-111.09,USA
C0778,Individual,Male,USA,California,Investment,4,Yes,Agency,27.444216290212182,<35,4,1646921.92,411730.48,306.98198974238255,1334.8775,0.25,4,2024-01-01,2025-09-01,20.0,California,1,0,1,1,S2,Domestic Investors,S2 - Domestic Investors,S2,1,0.08975094694156115,-1.007587002811646,-1.108208184372962,1,0,1,0,9,8,1,36.78,-119.42,USA
C0779,Individual,Female,USA,California,Personal Use,5,Yes,Agency,72.73921971252567,65+,3,1221957.12,407319.04000000004,306.5356571105046,1325.0800000000002,0.0,3,2024-07-01,2025-11-01,16.0,California,1,0,0,1,S4,Domestic Financed Home Buyers,S4 - Domestic Financed Home Buyers,S4,1,0.23318569319468507,-0.7119043971010816,-1.0362733113742233,1,1,1,0,9,8,0,36.78,-119.42,USA
C0780,Individual,Female,USA,California,Personal Use,3,No,Website,78.41752224503765,65+,3,708761.6900000001,236253.8966666667,284.784821535402,849.6366666666667,0.0,3,2024-01-01,2025-10-01,21.0,California,1,0,0,0,S1,Domestic Cash Home Buyers,S1 - Domestic Cash Home Buyers,S1,1,0.27704423683292834,0.6803000940768431,0.06234351902667279,1,1,0,2,9,8,0,36.78,-119.42,USA
C0781,Individual,Male,USA,California,Investment,5,Yes,Website,85.08966461327857,65+,4,1181206.69,295301.6725,283.79927219273293,1030.635,0.5,4,2024-04-01,2025-11-01,19.0,California,1,0,1,1,S2,Domestic Investors,S2 - Domestic Investors,S2,1,0.08455953784085939,-0.9781703794293046,-0.0990300887435362,1,0,1,2,9,8,1,36.78,-119.42,USA
C0782,Individual,Male,USA,Utah,Investment,2,Yes,Website,55.24709103353867,55-64,4,1166638.1600000001,291659.54000000004,322.14323161957884,905.0375,0.25,4,2024-01-01,2025-02-01,13.0,Utah,1,0,1,1,S2,Domestic Investors,S2 - Domestic Investors,S2,1,0.07660027451061853,-1.0359031369165228,0.17999461421768798,1,0,1,2,9,48,1,39.32,-111.09,USA
C0783,Individual,Female,Canada,Alberta,Personal Use,1,Yes,Agency,64.76386036960986,55-64,3,1031472.36,343824.12,294.2967160908652,1156.5633333333333,0.0,3,2024-04-01,2024-12-01,8.0,International,0,0,0,1,S3,International Buyers,S3 - International Buyers,S3,1,0.047816821284165555,-0.9240126848797785,0.1767936066354529,1,1,1,0,2,0,0,53.93,-116.58,CAN
C0784,Individual,Male,Mexico,Baja California,Investment,4,No,Website,52.51471594798083,45-54,3,1172514.65,390838.2166666666,299.6725501001209,1356.7466666666667,0.0,3,2024-03-01,2025-09-01,18.0,International,0,0,1,0,S3,International Buyers,S3 - International Buyers,S3,1,0.0846330981099274,0.18822202634076074,1.1680309014724615,1,0,0,2,6,2,1,30.84,-115.28,MEX
C0785,Corporate,Female,USA,California,Personal Use,2,No,Website,54.76522929500342,45-54,4,1047112.48,261778.12,306.6167725571084,860.9325,0.0,4,2024-03-01,2025-05-01,14.0,California,1,0,0,0,S1,Domestic Cash Home Buyers,S1 - Domestic Cash Home Buyers,S1,1,0.177144713258497,0.6521015007451274,0.05169721544242312,0,1,0,2,9,8,0,36.78,-119.42,USA
C0786,Individual,Female,USA,California,Investment,3,No,Website,42.770704996577685,35-44,3,663797.37,221265.79,302.04140281052054,724.0866666666667,0.3333333333333333,3,2024-04-01,2025-12-01,20.0,California,1,0,1,0,S2,Domestic Investors,S2 - Domestic Investors,S2,1,0.1618803662756972,0.38604241994925675,-0.008995528580187262,1,0,0,2,9,8,0,36.78,-119.42,USA
C0787,Individual,Male,USA,Washington,Personal Use,1,No,Website,75.1129363449692,65+,3,1405947.6600000001,468649.22000000003,307.56853242895073,1527.8633333333335,0.0,3,2024-04-01,2025-11-01,19.0,Washington,1,0,0,0,S1,Domestic Cash Home Buyers,S1 - Domestic Cash Home Buyers,S1,1,0.20783275409713928,0.62284955964734,0.3464751937811066,1,1,0,2,9,53,1,47.75,-120.74,USA
C0788,Individual,Male,France,Brittany,Investment,4,No,Website,81.63175906913074,65+,4,1799447.01,449861.7525,309.49639406078114,1482.5875,0.25,4,2024-05-01,2025-03-01,10.0,International,0,0,1,0,S3,International Buyers,S3 - International Buyers,S3,1,0.08637147721769564,0.1908872283307504,1.186385266725366,1,0,0,2,4,6,1,48.2,-2.93,FRA
C0789,Individual,Female,Canada,Ontario,Investment,1,No,Website,51.73716632443532,45-54,3,1125271.6,375090.5333333334,303.2073959835769,1228.9099999999999,0.6666666666666666,3,2024-03-01,2025-01-01,10.1,International,0,0,1,0,S3,International Buyers,S3 - International Buyers,S3,1,0.09541937677115546,0.1779058291605789,1.2039261345769434,1,0,0,2,2,36,0,51.25,-85.32,CAN
C0790,Individual,Male,USA,California,Personal Use,5,Yes,Agency,51.950718685831625,45-54,4,1521440.8599999999,380360.21499999997,299.49803514694605,1227.17,0.25,4,2024-05-01,2024-12-01,7.0,California,1,0,0,1,S4,Domestic Financed Home Buyers,S4 - Domestic Financed Home Buyers,S4,1,0.23923666508999122,-0.7170554781719248,-1.03712396127815,1,1,1,0,9,8,1,36.78,-119.42,USA
C0791,Individual,Male,USA,Texas,Personal Use,4,No,Website,42.98151950718686,35-44,4,1424465.81,356116.4525,307.8408243147681,1159.9675,0.25,4,2024-01-01,2025-08-01,19.0,Texas,1,0,0,0,S1,Domestic Cash Home Buyers,S1 - Domestic Cash Home Buyers,S1,1,0.2225314802041768,0.6237480642223414,0.3491017077434154,1,1,0,2,9,47,1,31.97,-99.9,USA
C0792,Individual,Male,USA,California,Investment,4,Yes,Website,43.715263518138265,35-44,4,1559979.82,389994.955,318.8117893891475,1219.85,0.0,4,2024-07-01,2025-12-01,17.0,California,1,0,1,1,S2,Domestic Investors,S2 - Domestic Investors,S2,1,0.10048710801491026,-0.9863193003454145,-0.09456375539663558,1,0,1,2,9,8,1,36.78,-119.42,USA
C0793,Individual,Male,USA,New York,Personal Use,4,No,Agency,56.323066392881586,55-64,4,1245234.35,311308.5875,294.2023761564657,1048.44,0.0,4,2024-03-01,2025-07-01,16.0,New York,1,0,0,0,S1,Domestic Cash Home Buyers,S1 - Domestic Cash Home Buyers,S1,1,0.20543151359641676,0.6050258144914162,-0.6613002993932671,1,1,0,0,9,27,1,43.0,-75.0,USA
C0794,Individual,Male,USA,California,Personal Use,4,Yes,Website,74.88569472963724,65+,3,1120488.77,373496.25666666665,286.4643685389213,1308.5133333333333,0.0,3,2024-04-01,2025-04-01,12.0,California,1,0,0,1,S4,Domestic Financed Home Buyers,S4 - Domestic Financed Home Buyers,S4,1,0.27941465076727406,-0.6944806116290929,-0.023055666813136755,1,1,1,2,9,8,1,36.78,-119.42,USA
C0795,Individual,Male,USA,California,Investment,4,Yes,Website,56.96098562628337,55-64,3,1170869.0899999999,390289.6966666666,336.31716892648285,1169.0466666666669,0.0,3,2024-11-01,2025-10-01,11.0,California,1,0,1,1,S2,Domestic Investors,S2 - Domestic Investors,S2,1,0.0996364241559415,-0.9836228135881686,-0.09420330390638593,1,0,1,2,9,8,1,36.78,-119.42,USA
C0796,Individual,Female,USA,California,Investment,5,Yes,Website,42.724161533196444,35-44,3,559596.54,186532.18000000002,308.84465686665186,607.4466666666667,0.0,3,2025-06-01,2025-11-01,5.0,California,1,0,1,1,S2,Domestic Investors,S2 - Domestic Investors,S2,1,0.08854068222401083,-0.9881391885427457,-0.09417278498182957,1,0,1,2,9,8,0,36.78,-119.42,USA
C0797,Individual,Female,USA,Oregon,Personal Use,5,Yes,Agency,35.564681724846,35-44,3,881179.3,293726.43333333335,337.5376984044663,851.8699999999999,0.3333333333333333,3,2024-01-01,2025-11-01,22.0,Oregon,1,0,0,1,S4,Domestic Financed Home Buyers,S4 - Domestic Financed Home Buyers,S4,1,0.19310234998723658,-0.7922203973122288,-0.76428692983467,1,1,1,0,9,37,0,43.8,-120.55,USA
C0798,Corporate,Male,USA,Nevada,Personal Use,4,Yes,Agency,60.19438740588638,55-64,4,987267.48,246816.87,304.81197894331945,840.8725,0.0,4,2024-04-01,2025-05-01,13.0,Nevada,1,0,0,1,S4,Domestic Financed Home Buyers,S4 - Domestic Financed Home Buyers,S1,0,0.149132434968688,-0.8021896481419913,-0.7835858943572516,0,1,1,0,9,25,1,38.8,-116.42,USA
C0799,Individual,Female,USA,California,Personal Use,4,No,Website,71.43874058863791,65+,4,1108935.8599999999,277233.96499999997,286.3094968391149,972.245,0.0,4,2024-05-01,2025-04-01,11.0,California,1,0,0,0,S1,Domestic Cash Home Buyers,S1 - Domestic Cash Home Buyers,S1,1,0.28693312591373854,0.6791896309362742,0.062289784991680364,1,1,0,2,9,8,0,36.78,-119.42,USA
C0800,Individual,Male,USA,Virginia,Investment,5,Yes,Website,51.99452429842574,45-54,3,983573.1799999999,327857.7266666666,286.20672734492643,1151.5466666666666,0.0,3,2024-06-01,2024-07-01,1.0,Virginia,1,0,1,1,S2,Domestic Investors,S2 - Domestic Investors,S2,1,0.0805745318017306,-1.034417007828311,0.18743679057236257,1,0,1,2,9,50,1,37.43,-78.66,USA
C0801,Individual,Female,USA,Washington,Personal Use,4,Yes,Website,56.74469541409993,55-64,3,1361712.2999999998,453904.0999999999,320.8893256121283,1435.6633333333332,0.0,3,2024-09-01,2025-04-01,7.0,Washington,1,0,0,1,S4,Domestic Financed Home Buyers,S4 - Domestic Financed Home Buyers,S4,1,0.21385433652233396,-0.7563670904860169,0.26201435662426065,1,1,1,2,9,53,0,47.75,-120.74,USA
C0802,Individual,Male,USA,Virginia,Personal Use,5,No,Agency,55.14031485284052,55-64,3,1074480.81,358160.27,291.45859188697153,1217.58,0.0,3,2024-10-01,2025-11-01,13.0,Virginia,1,0,0,0,S1,Domestic Cash Home Buyers,S1 - Domestic Cash Home Buyers,S1,1,0.203269352823647,0.608949633773396,-0.6672881284626238,1,1,0,0,9,50,1,37.43,-78.66,USA
C0803,Individual,Female,USA,Texas,Personal Use,4,No,Agency,80.04928131416838,65+,4,1542819.53,385704.8825,283.6483693314935,1329.5925,0.0,4,2024-04-01,2025-05-01,13.0,Texas,1,0,0,0,S1,Domestic Cash Home Buyers,S1 - Domestic Cash Home Buyers,S1,1,0.1990969641793281,0.6163006966893827,-0.6662362118985194,1,1,0,0,9,47,0,31.97,-99.9,USA
C0804,Individual,Male,USA,Washington,Personal Use,5,No,Agency,58.97330595482546,55-64,3,1223755.92,407918.63999999996,276.8930741790998,1464.8466666666666,0.6666666666666666,3,2024-04-01,2024-11-01,7.0,Washington,1,0,0,0,S1,Domestic Cash Home Buyers,S1 - Domestic Cash Home Buyers,S1,1,0.18921564288572543,0.5999044920520273,-0.6672486506289625,1,1,0,0,9,53,1,47.75,-120.74,USA
C0805,Individual,Male,Germany,Berlin,Personal Use,1,Yes,Website,72.95277207392198,65+,3,940964.73,313654.91,313.41064823609526,995.5099999999999,0.0,3,2024-05-01,2024-12-01,7.0,International,0,0,0,1,S3,International Buyers,S3 - International Buyers,S3,1,0.04540684348290241,-0.9006440885901954,1.1741169257732529,1,1,1,2,5,4,1,52.52,13.4,DEU
C0806,Individual,Male,France,Ile-de-France,Personal Use,5,No,Client,36.11772758384668,35-44,4,1485168.27,371292.0675,306.8939349761006,1220.42,0.0,4,2024-01-01,2025-11-01,22.0,International,0,0,0,0,S3,International Buyers,S3 - International Buyers,S3,1,0.07719731363682092,0.4446306159646673,0.7062840293995973,1,1,0,1,4,18,1,48.85,2.35,FRA
C0807,Individual,Female,Mexico,Mexico City,Investment,5,No,Website,32.12320328542094,<35,4,1635419.92,408854.98,293.84755010430564,1412.375,0.5,4,2024-01-01,2025-12-01,23.0,International,0,0,1,0,S3,International Buyers,S3 - International Buyers,S3,1,0.07774674824150322,0.18262717049950344,1.1669251001058736,1,0,0,2,6,23,0,19.43,-99.13,MEX
C0808,Individual,Male,Germany,Berlin,Personal Use,3,Yes,Website,82.62559890485969,65+,3,885158.15,295052.7166666667,305.3961014512122,1003.3133333333334,0.0,3,2025-02-01,2025-04-01,1.9,International,0,0,0,1,S3,International Buyers,S3 - International Buyers,S3,1,0.047591851952665645,-0.8986794885579548,1.1742329813817087,1,1,1,2,5,4,1,52.52,13.4,DEU
C0809,Individual,Female,France,Occitanie,Personal Use,5,Yes,Agency,58.87200547570158,55-64,3,1386118.19,462039.39666666667,314.96733421611924,1464.8466666666666,0.0,3,2024-04-01,2025-02-01,10.1,International,0,0,0,1,S3,International Buyers,S3 - International Buyers,S3,1,0.03654412448108999,-0.920872954845738,0.1619868405333315,1,1,1,0,4,34,0,43.89,3.28,FRA
C0810,Individual,Male,USA,California,Personal Use,1,Yes,Website,30.88021902806297,<35,3,922597.5800000001,307532.5266666667,333.01958487528333,915.6366666666667,0.0,3,2024-04-01,2025-10-01,18.0,California,1,0,0,1,S4,Domestic Financed Home Buyers,S4 - Domestic Financed Home Buyers,S4,1,0.2563879481695266,-0.7048119379813098,-0.02182960323896832,1,1,1,2,9,8,1,36.78,-119.42,USA
C0811,Individual,Male,UK,Wales,Personal Use,3,No,Agency,80.70636550308008,65+,3,1515201.05,505067.01666666666,345.91788927494,1471.8999999999999,0.0,3,2024-06-01,2025-11-01,17.0,International,0,0,0,0,S3,International Buyers,S3 - International Buyers,S3,1,0.09803587757405587,0.45505293901513394,0.2987936281764219,1,1,0,0,8,51,1,52.13,-3.78,GBR
C0812,Individual,Male,UK,Northern Ireland,Personal Use,3,Yes,Website,51.35386721423682,45-54,4,1443224.01,360806.0025,280.30434811212365,1248.58,0.0,4,2024-03-01,2025-09-01,18.0,International,0,0,0,1,S3,International Buyers,S3 - International Buyers,S3,1,0.0746300074757728,-0.9094669607243171,1.2259436838230646,1,1,1,2,8,31,1,54.79,-6.49,GBR
C0813,Individual,Male,UK,Scotland,Investment,3,No,Agency,51.22245037645448,45-54,4,1314024.52,328506.13,307.6645181267488,1099.4925,0.75,4,2024-01-01,2025-12-01,23.0,International,0,0,1,0,S3,International Buyers,S3 - International Buyers,S3,1,0.08239079850254445,0.16123728214641858,0.22375779021948822,1,0,0,0,8,43,1,56.49,-4.2,GBR
C0814,Individual,Female,USA,California,Personal Use,2,No,Website,61.765913757700204,55-64,3,674363.74,224787.91333333333,318.0715726910921,706.7266666666666,0.0,3,2024-05-01,2025-06-01,13.0,California,1,0,0,0,S1,Domestic Cash Home Buyers,S1 - Domestic Cash Home Buyers,S1,1,0.2759144208042112,0.6764072651877948,0.06290747660773832,1,1,0,2,9,8,0,36.78,-119.42,USA
C0815,Corporate,Female,USA,Nevada,Personal Use,4,Yes,Agency,60.15058179329227,55-64,3,962374.6499999999,320791.55,265.93231886986047,1205.9633333333334,0.0,3,2024-11-01,2025-08-01,9.0,Nevada,1,0,0,1,S4,Domestic Financed Home Buyers,S4 - Domestic Financed Home Buyers,S1,0,0.14988381092934072,-0.8022799649070581,-0.7818981578387718,0,1,1,0,9,25,0,38.8,-116.42,USA
C0816,Individual,Female,Germany,Hamburg,Personal Use,2,Yes,Website,78.02327173169063,65+,3,1003090.8500000001,334363.6166666667,297.00118498780694,1151.5466666666666,0.3333333333333333,3,2024-11-01,2024-12-01,1.0,International,0,0,0,1,S3,International Buyers,S3 - International Buyers,S3,1,0.04810270359561845,-0.9002405081198785,1.1731845468196742,1,1,1,2,5,16,0,53.55,9.99,DEU
C0817,Individual,Female,USA,California,Investment,1,No,Website,53.637234770705,45-54,3,1338281.0,446093.6666666667,308.75530204471136,1448.82,0.3333333333333333,3,2024-02-01,2025-05-01,14.9,California,1,0,1,0,S2,Domestic Investors,S2 - Domestic Investors,S2,1,0.1562140910925853,0.38983015243972924,-0.009299840692588823,1,0,0,2,9,8,0,36.78,-119.42,USA
C0818,Corporate,Female,USA,Colorado,Personal Use,2,No,Website,34.313483915126625,<35,4,760443.3500000001,190110.83750000002,284.7450186787868,677.79,0.25,4,2024-02-01,2025-12-01,22.0,Colorado,1,0,0,0,S1,Domestic Cash Home Buyers,S1 - Domestic Cash Home Buyers,S1,1,0.1474710795643667,0.5869054399710272,0.311662489143262,0,1,0,2,9,11,0,39.55,-105.78,USA
C0819,Individual,Male,USA,California,Personal Use,5,No,Website,74.79808350444901,65+,3,1239378.27,413126.09,313.22158602229166,1313.16,0.0,3,2025-04-01,2025-09-01,5.0,California,1,0,0,0,S1,Domestic Cash Home Buyers,S1 - Domestic Cash Home Buyers,S1,1,0.2698764821739991,0.6799736536742333,0.06442697360877059,1,1,0,2,9,8,1,36.78,-119.42,USA
C0820,Individual,Female,USA,Texas,Investment,4,No,Agency,85.19096509240246,65+,3,920197.78,306732.5933333333,314.7580262145545,976.2833333333333,0.0,3,2024-06-01,2025-03-01,9.0,Texas,1,0,1,0,S2,Domestic Investors,S2 - Domestic Investors,S2,1,0.1198012932389575,0.33180269260911316,-0.7381481962032115,1,0,0,0,9,47,0,31.97,-99.9,USA
C0821,Individual,Female,USA,California,Personal Use,5,Yes,Agency,68.32306639288159,65+,3,1371213.26,457071.08666666667,315.2939326387077,1467.89,0.3333333333333333,3,2024-04-01,2025-04-01,12.0,California,1,0,0,1,S4,Domestic Financed Home Buyers,S4 - Domestic Financed Home Buyers,S4,1,0.2315354190300925,-0.7135561784642125,-1.0369254962394037,1,1,1,0,9,8,0,36.78,-119.42,USA
C0822,Individual,Female,USA,California,Investment,3,Yes,Website,66.70225872689939,65+,3,1407630.29,469210.0966666667,300.8023411785495,1563.9733333333334,0.3333333333333333,3,2024-01-01,2024-07-01,6.0,California,1,0,1,1,S2,Domestic Investors,S2 - Domestic Investors,S2,1,0.09759131736692102,-0.9817036496874889,-0.09607539110484914,1,0,1,2,9,8,0,36.78,-119.42,USA
C0823,Individual,Female,USA,Oregon,Investment,5,Yes,Agency,50.71047227926078,45-54,4,1722388.8900000001,430597.22250000003,317.82677737346125,1338.9,0.0,4,2024-02-01,2024-10-01,8.0,Oregon,1,0,1,1,S2,Domestic Investors,S2 - Domestic Investors,S2,1,0.07706059190052549,-1.071850808539755,-0.8370457225340517,1,0,1,0,9,37,0,43.8,-120.55,USA
C0824,Individual,Male,USA,California,Personal Use,3,No,Agency,49.582477754962355,45-54,3,1234378.85,411459.6166666667,292.08734182923376,1435.6633333333332,0.3333333333333333,3,2024-07-01,2025-08-01,13.0,California,1,0,0,0,S1,Domestic Cash Home Buyers,S1 - Domestic Cash Home Buyers,S1,1,0.2591635989021312,0.6565573352779899,-0.94987976388678,1,1,0,0,9,8,1,36.78,-119.42,USA
C0825,Individual,Female,Mexico,Nuevo Leon,Personal Use,4,Yes,Agency,43.76728268309377,35-44,4,1246198.0,311549.5,282.4811186408689,1075.0475000000001,0.0,4,2024-04-01,2025-04-01,12.0,International,0,0,0,1,S3,International Buyers,S3 - International Buyers,S3,1,0.03332191322987301,-0.9201359406615539,0.13855460128348668,1,1,1,0,6,33,0,25.59,-99.99,MEX
C0826,Individual,Male,USA,Ohio,Investment,4,Yes,Website,55.304585900068446,55-64,4,1255265.82,313816.455,311.0215374297446,996.1925,0.25,4,2024-07-01,2025-11-01,16.0,US - Other,1,0,1,1,S2,Domestic Investors,S2 - Domestic Investors,S2,1,0.07790893478513632,-1.040278909238822,0.18431789140161328,1,0,1,2,9,35,1,40.42,-82.91,USA
C0827,Individual,Female,USA,Washington,Personal Use,2,Yes,Website,60.355920602327174,55-64,4,1176467.77,294116.9425,286.916035041445,1025.3225,0.25,4,2024-03-01,2025-11-01,20.0,Washington,1,0,0,1,S4,Domestic Financed Home Buyers,S4 - Domestic Financed Home Buyers,S4,1,0.22088314527584324,-0.756000566922816,0.2580793864816239,1,1,1,2,9,53,0,47.75,-120.74,USA
C0828,Individual,Female,USA,Arizona,Investment,4,Yes,Website,78.2258726899384,65+,4,1313574.2,328393.55,298.2755690674255,1122.0925,0.25,4,2025-02-01,2025-10-01,8.0,Arizona,1,0,1,1,S2,Domestic Investors,S2 - Domestic Investors,S2,1,0.07947194986140743,-1.0315140780392513,0.17822132864253595,1,0,1,2,9,1,0,34.05,-111.09,USA
C0829,Individual,Male,USA,Utah,Investment,3,No,Website,65.12251882272416,65+,4,1296844.19,324211.0475,300.1892912626639,1102.08,0.0,4,2024-05-01,2025-06-01,13.0,Utah,1,0,1,0,S2,Domestic Investors,S2 - Domestic Investors,S2,1,0.1319418317979031,0.3414922682605202,0.26769868354283516,1,0,0,2,9,48,1,39.32,-111.09,USA
C0830,Individual,Male,USA,Oregon,Investment,3,No,Agency,73.62628336755647,65+,4,1518798.69,379699.6725,323.4117006499843,1169.615,0.0,4,2024-09-01,2025-12-01,15.0,Oregon,1,0,1,0,S2,Domestic Investors,S2 - Domestic Investors,S2,1,0.13403887524230546,0.30810363287716197,-0.7527351291741824,1,0,0,0,9,37,1,43.8,-120.55,USA
C0831,Individual,Female,USA,California,Personal Use,2,No,Website,48.26830937713895,45-54,3,909532.47,303177.49,311.663917045049,979.0866666666667,0.6666666666666666,3,2024-02-01,2024-11-01,9.0,California,1,0,0,0,S1,Domestic Cash Home Buyers,S1 - Domestic Cash Home Buyers,S1,1,0.2631344480121244,0.6720934372181402,0.06202785595935878,1,1,0,2,9,8,0,36.78,-119.42,USA
C0832,Individual,Female,USA,Nevada,Investment,3,Yes,Website,35.97535934291581,35-44,3,1290741.99,430247.33,326.644087701286,1336.61,0.3333333333333333,3,2024-03-01,2025-01-01,10.1,Nevada,1,0,1,1,S2,Domestic Investors,S2 - Domestic Investors,S2,1,0.08753922714509342,-1.0529865184934344,0.17089046990412676,1,0,1,2,9,25,0,38.8,-116.42,USA
C0833,Individual,Male,Denmark,Southern Denmark,Personal Use,5,No,Website,74.15195071868582,65+,3,1422486.6099999999,474162.2033333333,292.9953788666901,1623.3,0.3333333333333333,3,2024-04-01,2025-04-01,12.0,International,0,0,0,0,S3,International Buyers,S3 - International Buyers,S3,1,0.07474941717501418,0.4820508748952928,1.2220943829744506,1,1,0,2,3,45,1,55.3,9.0,DNK
C0834,Individual,Female,USA,California,Personal Use,5,No,Website,68.02190280629706,65+,4,1384660.54,346165.135,328.1957278374988,1073.905,0.0,4,2024-06-01,2025-07-01,13.0,California,1,0,0,0,S1,Domestic Cash Home Buyers,S1 - Domestic Cash Home Buyers,S1,1,0.2774383603086827,0.678566223874683,0.0633332340155659,1,1,0,2,9,8,0,36.78,-119.42,USA
C0835,Individual,Female,USA,California,Personal Use,5,Yes,Website,51.57015742642026,45-54,4,1159317.69,289829.4225,301.6093932009608,941.61,0.25,4,2024-02-01,2025-12-01,22.0,California,1,0,0,1,S4,Domestic Financed Home Buyers,S4 - Domestic Financed Home Buyers,S4,1,0.2681942144449642,-0.700607965629525,-0.023647162874877115,1,1,1,2,9,8,0,36.78,-119.42,USA
C0836,Individual,Male,USA,Ohio,Personal Use,4,No,Website,83.90417522245038,65+,3,1280715.29,426905.0966666667,289.36281850033316,1493.243333333333,0.3333333333333333,3,2024-03-01,2025-03-01,12.0,US - Other,1,0,0,0,S1,Domestic Cash Home Buyers,S1 - Domestic Cash Home Buyers,S1,1,0.2161032394555073,0.6257019742765311,0.3432040203812561,1,1,0,2,9,35,1,40.42,-82.91,USA
C0837,Individual,Male,France,Brittany,Personal Use,1,No,Website,58.57084188911704,55-64,4,1415445.71,353861.4275,288.46015272758075,1253.3075,0.0,4,2024-04-01,2025-05-01,13.0,International,0,0,0,0,S3,International Buyers,S3 - International Buyers,S3,1,0.10002372589392043,0.4709849534118456,1.2594181989309365,1,1,0,2,4,6,1,48.2,-2.93,FRA
C0838,Individual,Male,USA,Nevada,Investment,1,Yes,Website,33.738535249828885,<35,3,837604.3,279201.43333333335,326.0913930157176,853.8133333333334,0.0,3,2024-02-01,2025-12-01,22.0,Nevada,1,0,1,1,S2,Domestic Investors,S2 - Domestic Investors,S2,1,0.07892507585446046,-1.0531075746202645,0.17055584789659461,1,0,1,2,9,25,1,38.8,-116.42,USA
C0839,Individual,Female,UK,England,Personal Use,5,Yes,Agency,31.928815879534564,<35,3,1123967.69,374655.89666666667,281.66976490988117,1308.5133333333333,0.3333333333333333,3,2024-02-01,2025-10-01,20.0,International,0,0,0,1,S3,International Buyers,S3 - International Buyers,S3,1,0.05545496377739703,-0.9323814691555539,0.21425681113603884,1,1,1,0,8,12,0,52.36,-1.17,GBR
C0840,Individual,Female,Belgium,Brussels,Personal Use,1,No,Website,44.16427104722793,35-44,4,1508352.25,377088.0625,284.1936237390182,1329.5925,0.0,4,2024-04-01,2025-10-01,18.0,International,0,0,0,0,S3,International Buyers,S3 - International Buyers,S3,1,0.09532911355098406,0.48411417255188655,1.2459900308431315,1,1,0,2,1,7,0,50.85,4.35,BEL
C0841,Individual,Male,Belgium,Wallonia,Personal Use,5,No,Website,26.902121834360027,<35,4,1344816.1,336204.025,287.2720038635614,1167.105,0.0,4,2024-03-01,2025-05-01,14.0,International,0,0,0,0,S3,International Buyers,S3 - International Buyers,S3,1,0.09245063296657872,0.479380396020139,1.2486068014538323,1,1,0,2,1,52,1,50.41,4.44,BEL
C0842,Individual,Male,USA,Washington,Personal Use,5,Yes,Client,29.842573579739906,<35,4,1082477.8199999998,270619.45499999996,285.31847494849086,928.745,0.5,4,2024-09-01,2025-11-01,14.0,Washington,1,0,0,1,S4,Domestic Financed Home Buyers,S4 - Domestic Financed Home Buyers,S1,0,0.16516028490211992,-0.7848989152777899,-0.29605086275666365,1,1,1,1,9,53,1,47.75,-120.74,USA
C0843,Individual,Female,USA,Georgia,Personal Use,4,No,Agency,25.073237508555785,<35,3,1377127.37,459042.4566666667,310.2983466429507,1500.72,0.0,3,2024-04-01,2025-10-01,18.0,US - Other,1,0,0,0,S1,Domestic Cash Home Buyers,S1 - Domestic Cash Home Buyers,S1,1,0.19415669936280025,0.5957148346606134,-0.6656490686092549,1,1,0,0,9,15,0,32.16,-82.9,USA
C0844,Individual,Female,USA,California,Personal Use,2,No,Website,78.55167693360711,65+,4,1363201.96,340800.49,286.6211440867866,1187.8925000000002,0.25,4,2024-10-01,2025-11-01,13.0,California,1,0,0,0,S1,Domestic Cash Home Buyers,S1 - Domestic Cash Home Buyers,S1,1,0.2806372693412869,0.6808294161714958,0.06048781319566909,1,1,0,2,9,8,0,36.78,-119.42,USA
C0845,Individual,Female,USA,Washington,Personal Use,3,No,Client,32.32032854209446,<35,3,1355270.16,451756.72,305.8787293583351,1471.4466666666667,0.0,3,2024-05-01,2025-01-01,8.0,Washington,1,0,0,0,S1,Domestic Cash Home Buyers,S1 - Domestic Cash Home Buyers,S1,1,0.17504688890382278,0.591801379598724,-0.206344533911269,1,1,0,1,9,53,0,47.75,-120.74,USA
C0846,Individual,Female,Canada,Quebec,Investment,3,No,Agency,49.6290212183436,45-54,3,1069033.77,356344.59,304.2620936201817,1135.5233333333333,0.0,3,2024-07-01,2024-12-01,5.0,International,0,0,1,0,S3,International Buyers,S3 - International Buyers,S3,1,0.08771677331362582,0.16170890079263583,0.1931734584027252,1,0,0,0,2,40,0,52.94,-73.55,CAN
C0847,Individual,Female,USA,Utah,Personal Use,2,Yes,Agency,37.842573579739906,35-44,4,1258765.46,314691.365,312.0693895088224,1011.5875,0.25,4,2024-05-01,2025-12-01,19.0,Utah,1,0,0,1,S4,Domestic Financed Home Buyers,S4 - Domestic Financed Home Buyers,S4,1,0.20348194400238123,-0.7718792623355732,-0.7602924399624407,1,1,1,0,9,48,0,39.32,-111.09,USA
C0848,Individual,Male,USA,California,Personal Use,4,No,Agency,58.10814510609172,55-64,4,1366788.33,341697.0825,294.8811577166271,1184.9475000000002,0.0,4,2024-01-01,2025-01-01,12.0,California,1,0,0,0,S1,Domestic Cash Home Buyers,S1 - Domestic Cash Home Buyers,S1,1,0.2597883136451082,0.6594066878164915,-0.9504108887140283,1,1,0,0,9,8,1,36.78,-119.42,USA
C0849,Individual,Male,USA,Oregon,Personal Use,1,Yes,Website,48.72279260780287,45-54,4,1262931.66,315732.915,307.7478715580654,995.0275,0.0,4,2024-08-01,2025-11-01,15.0,Oregon,1,0,0,1,S4,Domestic Financed Home Buyers,S4 - Domestic Financed Home Buyers,S4,1,0.2221763866947547,-0.7703960200558548,0.24715031746555513,1,1,1,2,9,37,1,43.8,-120.55,USA
C0850,Individual,Female,USA,Colorado,Investment,5,No,Agency,42.13278576317591,35-44,3,528432.48,176144.16,288.9416642920567,610.62,0.0,3,2024-09-01,2024-09-01,0.0,Colorado,1,0,1,0,S2,Domestic Investors,S2 - Domestic Investors,S2,1,0.12199130898120822,0.30985018299850225,-0.7612335177417671,1,0,0,0,9,11,0,39.55,-105.78,USA
C0851,Individual,Male,USA,California,Investment,2,Yes,Website,32.62696783025325,<35,4,1482957.8800000001,370739.47000000003,292.23636168618356,1259.95,0.0,4,2024-01-01,2025-08-01,19.0,California,1,0,1,1,S2,Domestic Investors,S2 - Domestic Investors,S2,1,0.09894244015849465,-0.988773993983064,-0.09478759201758369,1,0,1,2,9,8,1,36.78,-119.42,USA
C0852,Individual,Male,Germany,North Rhine-Westphalia,Personal Use,2,No,Agency,36.44900752908966,35-44,4,1368458.37,342114.5925,283.3197424989349,1222.37,0.0,4,2024-02-01,2024-10-01,8.0,International,0,0,0,0,S3,International Buyers,S3 - International Buyers,S3,1,0.08698909113723896,0.4486916876784974,0.24877910087238858,1,1,0,0,5,30,1,51.43,7.66,DEU
C0853,Individual,Male,USA,Utah,Personal Use,4,No,Website,75.40041067761807,65+,4,1293562.22,323390.555,298.5740248235053,1092.085,0.5,4,2024-06-01,2025-08-01,14.0,Utah,1,0,0,0,S1,Domestic Cash Home Buyers,S1 - Domestic Cash Home Buyers,S1,1,0.21762945035605122,0.6276113379659762,0.33812561703541116,1,1,0,2,9,48,1,39.32,-111.09,USA
C0854,Individual,Male,USA,California,Personal Use,4,No,Website,81.88090349075975,65+,3,1419031.6099999999,473010.5366666666,322.881767706823,1454.4099999999999,0.3333333333333333,3,2024-05-01,2024-12-01,7.0,California,1,0,0,0,S1,Domestic Cash Home Buyers,S1 - Domestic Cash Home Buyers,S1,1,0.271669860380201,0.6811954076253042,0.06264000520280566,1,1,0,2,9,8,1,36.78,-119.42,USA
C0855,Individual,Female,Australia,Queensland,Personal Use,4,No,Website,52.8104038329911,45-54,4,1198702.15,299675.5375,277.9824082637193,1114.2125,0.0,4,2024-03-01,2025-11-01,20.0,International,0,0,0,0,S3,International Buyers,S3 - International Buyers,S3,1,0.09605901522706337,0.4826607445260052,1.2394685433428376,1,1,0,2,0,41,0,-20.92,142.7,AUS
C0856,Individual,Female,USA,Florida,Personal Use,5,Yes,Website,61.374401095140314,55-64,4,1565508.99,391377.2475,321.04644506396664,1226.185,0.0,4,2024-04-01,2025-02-01,10.1,Florida,1,0,0,1,S4,Domestic Financed Home Buyers,S4 - Domestic Financed Home Buyers,S4,1,0.20078054491979833,-0.7450429909261562,0.261619875983239,1,1,1,2,9,14,0,27.66,-81.52,USA
C0857,Individual,Female,USA,California,Investment,1,Yes,Website,74.64202600958248,65+,4,1431064.56,357766.14,306.8611088854491,1146.2825,0.5,4,2024-05-01,2025-11-01,18.0,California,1,0,1,1,S2,Domestic Investors,S2 - Domestic Investors,S2,1,0.08686899202937098,-0.9798950442196444,-0.0997143504928324,1,0,1,2,9,8,0,36.78,-119.42,USA
C0858,Individual,Male,USA,Nevada,Personal Use,1,No,Website,31.471594798083505,<35,3,972150.6,324050.2,281.73064080751226,1156.5633333333333,0.3333333333333333,3,2024-01-01,2024-12-01,11.0,Nevada,1,0,0,0,S1,Domestic Cash Home Buyers,S1 - Domestic Cash Home Buyers,S1,1,0.2091069949959667,0.6052094499709209,0.32908295893058137,1,1,0,2,9,25,1,38.8,-116.42,USA
C0859,Individual,Female,USA,California,Personal Use,2,Yes,Agency,83.07734428473648,65+,4,1440623.8900000001,360155.97250000003,307.1237768260935,1154.105,0.0,4,2024-01-01,2025-10-01,21.0,California,1,0,0,1,S4,Domestic Financed Home Buyers,S4 - Domestic Financed Home Buyers,S4,1,0.24453850409128552,-0.7088187585858956,-1.0396572171291378,1,1,1,0,9,8,0,36.78,-119.42,USA
C0860,Individual,Female,USA,Utah,Personal Use,5,Yes,Website,57.478439425051334,55-64,4,1362579.84,340644.96,295.07295295436273,1148.025,0.0,4,2024-04-01,2025-05-01,13.0,Utah,1,0,0,1,S4,Domestic Financed Home Buyers,S4 - Domestic Financed Home Buyers,S4,1,0.21037879436457202,-0.7499933374839316,0.2546498142251192,1,1,1,2,9,48,0,39.32,-111.09,USA
C0861,Individual,Female,France,Brittany,Investment,2,No,Agency,31.408624229979466,<35,3,1527460.57,509153.5233333334,314.68100682771677,1635.6233333333332,0.3333333333333333,3,2024-01-01,2025-01-01,12.0,International,0,0,1,0,S3,International Buyers,S3 - International Buyers,S3,1,0.0678398567889647,0.1618538576544693,0.17600153775044136,1,0,0,0,4,6,0,48.2,-2.93,FRA
C0862,Individual,Female,USA,Colorado,Investment,1,No,Website,44.54757015742642,35-44,3,1354421.9100000001,451473.97000000003,292.7765275368804,1527.8633333333335,0.0,3,2024-11-01,2025-10-01,11.0,Colorado,1,0,1,0,S2,Domestic Investors,S2 - Domestic Investors,S2,1,0.1251359124790786,0.3291242663983563,0.25252353724394216,1,0,0,2,9,11,0,39.55,-105.78,USA
C0863,Individual,Male,Belgium,Wallonia,Personal Use,5,Yes,Agency,50.69952087611225,45-54,4,1107744.96,276936.24,283.2830434701238,984.6475,0.0,4,2024-01-01,2024-11-01,10.0,International,0,0,0,1,S3,International Buyers,S3 - International Buyers,S3,1,0.03162277887419813,-0.9066204690577699,0.1459108770534548,1,1,1,0,1,52,1,50.41,4.44,BEL
C0864,Individual,Male,USA,Texas,Personal Use,3,No,Website,55.48528405201917,55-64,3,1085548.02,361849.34,312.8404586706677,1156.5633333333333,0.3333333333333333,3,2024-02-01,2025-10-01,20.0,Texas,1,0,0,0,S1,Domestic Cash Home Buyers,S1 - Domestic Cash Home Buyers,S1,1,0.2245476881391105,0.6262198309709825,0.34882554049335,1,1,0,2,9,47,1,31.97,-99.9,USA
C0865,Individual,Female,USA,Colorado,Investment,5,Yes,Website,50.61738535249829,45-54,4,1268059.13,317014.7825,313.6153784118969,1008.395,0.25,4,2024-01-01,2024-11-01,10.0,Colorado,1,0,1,1,S2,Domestic Investors,S2 - Domestic Investors,S2,1,0.07952416415425768,-1.0449997262464314,0.16425667697227492,1,0,1,2,9,11,0,39.55,-105.78,USA
C0866,Individual,Male,Belgium,Brussels,Personal Use,3,No,Agency,38.09445585215606,35-44,4,1331713.08,332928.27,296.4052478325079,1148.025,0.0,4,2024-01-01,2025-10-01,21.0,International,0,0,0,0,S3,International Buyers,S3 - International Buyers,S3,1,0.08337971917542512,0.46534715675894694,0.23307540211024796,1,1,0,0,1,7,1,50.85,4.35,BEL
C0867,Individual,Female,USA,California,Personal Use,2,No,Agency,58.72142368240931,55-64,3,1028747.3,342915.76666666666,298.8466364564212,1146.2633333333333,0.0,3,2024-01-01,2024-08-01,7.0,California,1,0,0,0,S1,Domestic Cash Home Buyers,S1 - Domestic Cash Home Buyers,S1,1,0.2569770341694208,0.6593566070368786,-0.9500788876237427,1,1,0,0,9,8,0,36.78,-119.42,USA
C0868,Individual,Female,USA,Florida,Personal Use,3,Yes,Agency,80.85694729637235,65+,3,987211.1699999999,329070.38999999996,316.49402175782353,1049.3799999999999,0.3333333333333333,3,2024-03-01,2025-04-01,13.0,Florida,1,0,0,1,S4,Domestic Financed Home Buyers,S4 - Domestic Financed Home Buyers,S4,1,0.19383721495292114,-0.7585463786986547,-0.7546672961730794,1,1,1,0,9,14,0,27.66,-81.52,USA
C0869,Individual,Male,USA,California,Personal Use,4,No,Agency,32.818617385352496,<35,3,858807.13,286269.04333333333,283.4140659016659,1012.96,0.0,3,2024-01-01,2025-09-01,20.0,California,1,0,0,0,S1,Domestic Cash Home Buyers,S1 - Domestic Cash Home Buyers,S1,1,0.2484629013255633,0.6527270654986246,-0.9478715479514914,1,1,0,0,9,8,1,36.78,-119.42,USA
C0870,Corporate,Female,UK,Northern Ireland,Personal Use,2,Yes,Website,59.331964407939765,55-64,4,1097902.26,274475.565,307.87495262882703,909.9825,0.25,4,2024-03-01,2025-09-01,18.0,International,0,0,0,1,S3,International Buyers,S3 - International Buyers,S1,0,0.04595692770335202,-0.9317086399454051,1.2129365916901116,0,1,1,2,8,31,0,54.79,-6.49,GBR
C0871,Individual,Female,USA,Virginia,Personal Use,1,Yes,Website,36.09034907597536,35-44,4,1939848.53,484962.1325,315.86788660881155,1524.2725,0.25,4,2024-04-01,2024-09-01,5.0,Virginia,1,0,0,1,S4,Domestic Financed Home Buyers,S4 - Domestic Financed Home Buyers,S4,1,0.19893880172746012,-0.7523328405931288,0.25777436461442454,1,1,1,2,9,50,0,37.43,-78.66,USA
C0872,Individual,Female,UK,England,Personal Use,4,No,Website,82.52703627652294,65+,4,1462320.39,365580.0975,274.3560649132103,1326.2525,0.0,4,2024-02-01,2025-05-01,14.9,International,0,0,0,0,S3,International Buyers,S3 - International Buyers,S3,1,0.12272025798914361,0.47227242872824,1.3112449247599154,1,1,0,2,8,12,0,52.36,-1.17,GBR
C0873,Individual,Male,USA,New York,Personal Use,2,No,Website,85.30869267624914,65+,3,1325777.78,441925.9266666667,300.5462542501073,1463.22,0.0,3,2024-02-01,2025-11-01,21.0,New York,1,0,0,0,S1,Domestic Cash Home Buyers,S1 - Domestic Cash Home Buyers,S1,1,0.21311994929984512,0.6290919663080059,0.3517500248127949,1,1,0,2,9,27,1,43.0,-75.0,USA
C0874,Individual,Female,Belgium,Flanders,Investment,2,No,Website,72.43258042436688,65+,4,1490289.1099999999,372572.27749999997,309.15725845550025,1186.5225,0.0,4,2024-02-01,2025-03-01,12.9,International,0,0,1,0,S3,International Buyers,S3 - International Buyers,S3,1,0.08551400942435174,0.20571753116728692,1.172176144831047,1,0,0,2,1,13,0,51.05,4.48,BEL
C0875,Individual,Male,Canada,Manitoba,Personal Use,4,No,Website,53.478439425051334,45-54,3,1308981.48,436327.16,316.43807024482015,1370.5533333333333,0.0,3,2024-03-01,2024-08-01,5.0,International,0,0,0,0,S3,International Buyers,S3 - International Buyers,S3,1,0.11868243943942587,0.4646501978811793,1.2800357578665975,1,1,0,2,2,22,1,53.76,-98.81,CAN
C0876,Individual,Male,USA,California,Personal Use,3,No,Client,52.3586584531143,45-54,3,873771.52,291257.17333333334,303.1453983035049,971.1899999999999,0.0,3,2024-01-01,2025-05-01,16.0,California,1,0,0,0,S1,Domestic Cash Home Buyers,S1 - Domestic Cash Home Buyers,S1,1,0.21467097869876478,0.6537996696757611,-0.49197281608223425,1,1,0,1,9,8,1,36.78,-119.42,USA
C0877,Individual,Female,USA,Utah,Investment,2,Yes,Agency,27.025325119780973,<35,3,1407650.4,469216.8,315.98094172226456,1493.243333333333,0.3333333333333333,3,2025-05-01,2025-09-01,4.0,Utah,1,0,1,1,S2,Domestic Investors,S2 - Domestic Investors,S2,1,0.07251014750202536,-1.0594794818951472,-0.830334949638835,1,0,1,0,9,48,0,39.32,-111.09,USA
C0878,Individual,Female,USA,Nevada,Personal Use,4,Yes,Website,80.67624914442163,65+,3,970670.1499999999,323556.7166666666,316.25317851031645,1008.13,0.0,3,2024-01-01,2025-07-01,18.0,Nevada,1,0,0,1,S4,Domestic Financed Home Buyers,S4 - Domestic Financed Home Buyers,S4,1,0.22176523671087667,-0.7571901917287933,0.2414433634297093,1,1,1,2,9,25,0,38.8,-116.42,USA
C0879,Individual,Male,UK,Northern Ireland,Personal Use,4,Yes,Website,80.79671457905545,65+,3,1349121.32,449707.1066666667,305.1457789222248,1463.22,0.0,3,2024-12-01,2025-10-01,10.0,International,0,0,0,1,S3,International Buyers,S3 - International Buyers,S3,1,0.06777232836323512,-0.9027503346972487,1.2260725476932361,1,1,1,2,8,31,1,54.79,-6.49,GBR
C0880,Individual,Female,USA,New York,Personal Use,2,No,Website,84.52292950034223,65+,4,1390002.6400000001,347500.66000000003,300.1519609034721,1151.37,0.25,4,2024-06-01,2025-08-01,14.0,New York,1,0,0,0,S1,Domestic Cash Home Buyers,S1 - Domestic Cash Home Buyers,S1,1,0.21608577038325907,0.6284421161311986,0.349296950365065,1,1,0,2,9,27,0,43.0,-75.0,USA
C0881,Individual,Female,USA,Colorado,Investment,1,No,Website,71.26899383983573,65+,4,1247321.2,311830.3,271.62788758556525,1136.6925,0.25,4,2024-02-01,2025-08-01,18.0,Colorado,1,0,1,0,S2,Domestic Investors,S2 - Domestic Investors,S2,1,0.1261287481395061,0.3348120940608669,0.2480572782263516,1,0,0,2,9,11,0,39.55,-105.78,USA
C0882,Individual,Male,UK,Wales,Personal Use,3,No,Website,25.4839151266256,<35,3,1142828.1400000001,380942.7133333334,266.6154276396846,1435.6633333333332,0.3333333333333333,3,2024-01-01,2025-08-01,19.0,International,0,0,0,0,S3,International Buyers,S3 - International Buyers,S3,1,0.1269226814260856,0.4577277676754508,1.314660642898344,1,1,0,2,8,51,1,52.13,-3.78,GBR
C0883,Individual,Male,USA,Texas,Personal Use,4,No,Client,79.19233401779603,65+,4,1979258.27,494814.5675,290.08114296056306,1699.3675,0.0,4,2024-06-01,2025-01-01,7.0,Texas,1,0,0,0,S1,Domestic Cash Home Buyers,S1 - Domestic Cash Home Buyers,S1,1,0.17273503187305508,0.6127403755917031,-0.20817669818792345,1,1,0,1,9,47,1,31.97,-99.9,USA
C0884,Individual,Male,USA,Nevada,Personal Use,2,No,Website,76.65160848733744,65+,3,1021697.5,340565.8333333333,298.23058471031595,1209.64,0.3333333333333333,3,2024-07-01,2025-05-01,10.0,Nevada,1,0,0,0,S1,Domestic Cash Home Buyers,S1 - Domestic Cash Home Buyers,S1,1,0.22125027841210987,0.6158613789341159,0.3266710245311637,1,1,0,2,9,25,1,38.8,-116.42,USA
C0885,Individual,Male,Canada,British Columbia,Investment,2,Yes,Agency,84.27652292950035,65+,3,1540844.02,513614.67333333334,304.09561097849235,1671.7666666666667,0.0,3,2024-02-01,2024-07-01,5.0,International,0,0,1,1,S3,International Buyers,S3 - International Buyers,S3,1,0.07517919469842846,-1.203911511352009,0.10428458291092463,1,0,1,0,2,5,1,53.73,-127.65,CAN
C0886,Individual,Male,USA,California,Personal Use,3,Yes,Agency,64.44900752908967,55-64,3,807556.47,269185.49,284.7893224711529,941.2099999999999,0.0,3,2024-10-01,2025-12-01,14.0,California,1,0,0,1,S4,Domestic Financed Home Buyers,S4 - Domestic Financed Home Buyers,S4,1,0.2537320757312804,-0.7141994351573223,-1.0373271907432746,1,1,1,0,9,8,1,36.78,-119.42,USA
C0887,Individual,Female,USA,California,Personal Use,3,No,Agency,32.68993839835729,<35,4,1247287.09,311821.7725,314.98566455193463,1012.5575,0.25,4,2024-03-01,2025-08-01,17.0,California,1,0,0,0,S1,Domestic Cash Home Buyers,S1 - Domestic Cash Home Buyers,S1,1,0.2551971869872068,0.652805272412851,-0.950211495658722,1,1,0,0,9,8,0,36.78,-119.42,USA
C0888,Individual,Female,Germany,Berlin,Personal Use,4,Yes,Website,38.60643394934976,35-44,4,1104713.19,276178.2975,297.4721133150078,933.355,0.5,4,2024-06-01,2025-11-01,17.0,International,0,0,0,1,S3,International Buyers,S3 - International Buyers,S3,1,0.05103500811367244,-0.9100262786244673,1.1744592460552548,1,1,1,2,5,4,0,52.52,13.4,DEU
C0889,Individual,Male,USA,Nevada,Investment,4,Yes,Website,40.21081451060917,35-44,3,1339350.5899999999,446450.1966666666,313.4583729272578,1451.2533333333333,0.0,3,2024-01-01,2025-12-01,23.0,Nevada,1,0,1,1,S2,Domestic Investors,S2 - Domestic Investors,S2,1,0.08640071012625629,-1.051288101744083,0.1722518436462241,1,0,1,2,9,25,1,38.8,-116.42,USA
C0890,Individual,Female,USA,Virginia,Investment,3,Yes,Website,70.44216290212184,65+,4,1138394.29,284598.5725,303.680705416924,922.66,0.0,4,2024-02-01,2025-04-01,14.0,Virginia,1,0,1,1,S2,Domestic Investors,S2 - Domestic Investors,S2,1,0.07958791433205145,-1.0295567921100195,0.1839205452174824,1,0,1,2,9,50,0,37.43,-78.66,USA
C0891,Individual,Male,Germany,North Rhine-Westphalia,Investment,1,Yes,Website,55.53182751540041,55-64,4,1340373.08,335093.27,288.6593686869396,1154.105,0.25,4,2024-12-01,2025-06-01,6.0,International,0,0,1,1,S3,International Buyers,S3 - International Buyers,S3,1,0.07843835086218644,-1.1897672183325014,1.1009011516087006,1,0,1,2,5,30,1,51.43,7.66,DEU
C0892,Individual,Female,USA,California,Investment,2,Yes,Website,67.5728952772074,65+,3,984121.3999999999,328040.4666666666,286.36623340172076,1167.24,0.3333333333333333,3,2024-08-01,2025-10-01,14.0,California,1,0,1,1,S2,Domestic Investors,S2 - Domestic Investors,S2,1,0.09754578288810146,-0.981871580205371,-0.0971963617278136,1,0,1,2,9,8,0,36.78,-119.42,USA
C0893,Individual,Female,USA,Colorado,Personal Use,3,Yes,Website,30.524298425735797,<35,4,1695839.47,423959.8675,316.9860128802226,1329.5925,0.0,4,2024-03-01,2025-05-01,14.0,Colorado,1,0,0,1,S4,Domestic Financed Home Buyers,S4 - Domestic Financed Home Buyers,S4,1,0.2204379022270329,-0.7635854065613275,0.23847033929711903,1,1,1,2,9,11,0,39.55,-105.78,USA
C0894,Individual,Male,USA,Georgia,Personal Use,5,No,Website,72.54757015742642,65+,3,882067.47,294022.49,317.68353154361245,932.37,0.0,3,2024-10-01,2025-07-01,9.0,US - Other,1,0,0,0,S1,Domestic Cash Home Buyers,S1 - Domestic Cash Home Buyers,S1,1,0.21491960698378063,0.6231388117600614,0.3448439137403412,1,1,0,2,9,15,1,32.16,-82.9,USA
C0895,Individual,Female,USA,Arizona,Investment,4,Yes,Website,72.3504449007529,65+,3,1127680.6,375893.5333333334,293.3534620750145,1280.28,0.0,3,2024-01-01,2025-12-01,23.0,Arizona,1,0,1,1,S2,Domestic Investors,S2 - Domestic Investors,S2,1,0.07981527112040784,-1.032588190000158,0.18091799345781903,1,0,1,2,9,1,0,34.05,-111.09,USA
C0896,Individual,Male,France,Brittany,Personal Use,4,Yes,Agency,55.65503080082136,55-64,4,1157933.44,289483.36,310.5075374541726,935.765,0.25,4,2024-04-01,2025-11-01,19.0,International,0,0,0,1,S3,International Buyers,S3 - International Buyers,S3,1,0.0383518485669348,-0.9222920510441384,0.15885997865152596,1,1,1,0,4,6,1,48.2,-2.93,FRA
C0897,Individual,Female,Australia,Victoria,Personal Use,1,No,Website,54.40930869267625,45-54,3,745691.65,248563.88333333333,308.2402966100844,801.46,0.0,3,2024-01-01,2024-03-01,2.0,International,0,0,0,0,S3,International Buyers,S3 - International Buyers,S3,1,0.09230175772397707,0.48270164776749086,1.238970777373188,1,1,0,2,0,49,0,-36.85,144.28,AUS
C0898,Individual,Female,USA,Arizona,Investment,5,Yes,Agency,72.26009582477755,65+,4,836494.02,209123.505,294.90427703593605,706.0875,0.25,4,2024-09-01,2025-10-01,13.0,Arizona,1,0,1,1,S2,Domestic Investors,S2 - Domestic Investors,S2,1,0.07429888817103626,-1.0505874924636491,-0.8357089764633756,1,0,1,0,9,1,0,34.05,-111.09,USA
C0899,Corporate,Female,USA,Washington,Investment,2,No,Website,37.51403148528405,35-44,3,1050407.63,350135.87666666665,321.01194762368965,1076.6899999999998,0.0,3,2024-11-01,2025-02-01,3.0,Washington,1,0,1,0,S2,Domestic Investors,S2 - Domestic Investors,S1,0,0.09239162520612076,0.3051594558313702,0.2657105469550036,0,0,0,2,9,53,0,47.75,-120.74,USA
C0900,Individual,Female,Germany,North Rhine-Westphalia,Personal Use,4,No,Agency,26.611909650924023,<35,3,606058.22,202019.40666666665,261.1778130081744,753.3133333333334,0.0,3,2024-02-01,2024-12-01,10.0,International,0,0,0,0,S3,International Buyers,S3 - International Buyers,S3,1,0.08454272222020055,0.4449464259497968,0.2505450135094752,1,1,0,0,5,30,0,51.43,7.66,DEU
C0901,Individual,Male,France,Brittany,Investment,4,No,Agency,26.874743326488705,<35,3,909138.8400000001,303046.28,323.69449128055436,909.0566666666667,0.0,3,2024-04-01,2025-09-01,17.0,International,0,0,1,0,S3,International Buyers,S3 - International Buyers,S3,1,0.06898964183618442,0.16058387081785014,0.17736487833716535,1,0,0,0,4,6,1,48.2,-2.93,FRA
C0902,Corporate,Female,UK,Northern Ireland,Personal Use,3,Yes,Agency,61.88637919233402,55-64,4,1281064.76,320266.19,300.9680189124511,1068.57,0.0,4,2024-03-01,2025-12-01,21.0,International,0,0,0,1,S3,International Buyers,S3 - International Buyers,S1,0,0.036822961152410336,-0.9473513195292318,0.2003930107039819,0,1,1,0,8,31,0,54.79,-6.49,GBR
C0903,Individual,Female,USA,Texas,Investment,3,No,Website,33.67556468172484,<35,3,1108147.6099999999,369382.5366666666,299.6010403853574,1240.6066666666666,0.0,3,2024-01-01,2024-11-01,10.0,Texas,1,0,1,0,S2,Domestic Investors,S2 - Domestic Investors,S2,1,0.1298966564590044,0.33688981067946916,0.2790317300669146,1,0,0,2,9,47,0,31.97,-99.9,USA
C0904,Individual,Female,Russia,Saint Petersburg,Personal Use,1,Yes,Website,41.81519507186858,35-44,4,1050355.29,262588.8225,290.04708482677603,883.805,0.25,4,2024-07-01,2025-11-01,16.0,International,0,0,0,1,S3,International Buyers,S3 - International Buyers,S3,1,0.03663349820083222,-0.8977033416874916,1.1515835618417694,1,1,1,2,7,42,0,59.93,30.34,RUS
C0905,Individual,Female,USA,Virginia,Personal Use,5,Yes,Website,32.62696783025325,<35,3,877477.72,292492.5733333333,309.22503185688345,927.6066666666666,0.0,3,2024-07-01,2024-12-01,5.0,Virginia,1,0,0,1,S4,Domestic Financed Home Buyers,S4 - Domestic Financed Home Buyers,S4,1,0.1962319319608203,-0.7542074806346865,0.26087480260746637,1,1,1,2,9,50,0,37.43,-78.66,USA
C0906,Individual,Female,USA,California,Investment,5,No,Website,56.38329911019849,55-64,4,1757967.56,439491.89,300.62495699385056,1458.93,0.25,4,2024-02-01,2025-09-01,19.0,California,1,0,1,0,S2,Domestic Investors,S2 - Domestic Investors,S2,1,0.15279489382269282,0.39060917408876344,-0.008732008163426785,1,0,0,2,9,8,0,36.78,-119.42,USA
C0907,Individual,Female,USA,California,Personal Use,3,No,Agency,52.12867898699521,45-54,3,1375380.46,458460.1533333333,310.601097464294,1459.1899999999998,0.0,3,2024-01-01,2025-12-01,23.0,California,1,0,0,0,S1,Domestic Cash Home Buyers,S1 - Domestic Cash Home Buyers,S1,1,0.25801033756247843,0.6580753380428017,-0.9487077745789312,1,1,0,0,9,8,0,36.78,-119.42,USA
C0908,Individual,Male,USA,California,Personal Use,4,Yes,Agency,65.11978097193703,65+,4,1129941.35,282485.3375,347.65920286677624,825.1325,0.25,4,2024-05-01,2025-12-01,19.0,California,1,0,0,1,S4,Domestic Financed Home Buyers,S4 - Domestic Financed Home Buyers,S4,1,0.25176823954627203,-0.7142259342906664,-1.038933727073661,1,1,1,0,9,8,1,36.78,-119.42,USA
C0909,Individual,Male,USA,California,Investment,1,Yes,Agency,58.47775496235455,55-64,4,1529455.73,382363.9325,325.2407114942365,1183.04,0.5,4,2024-01-01,2025-06-01,17.0,California,1,0,1,1,S2,Domestic Investors,S2 - Domestic Investors,S2,1,0.08399093926625012,-1.0005467241868646,-1.1124858992595785,1,0,1,0,9,8,1,36.78,-119.42,USA
C0910,Individual,Female,USA,Texas,Personal Use,3,Yes,Agency,54.10266940451746,45-54,3,1293598.48,431199.49333333335,342.79945374819334,1238.36,0.3333333333333333,3,2024-12-01,2025-07-01,7.0,Texas,1,0,0,1,S4,Domestic Financed Home Buyers,S4 - Domestic Financed Home Buyers,S4,1,0.19928715727631108,-0.7652356704445018,-0.751580375128776,1,1,1,0,9,47,0,31.97,-99.9,USA
C0911,Individual,Male,USA,California,Personal Use,4,No,Website,36.76386036960986,35-44,4,1310405.32,327601.33,337.0034363061051,972.335,0.0,4,2024-04-01,2025-07-01,15.0,California,1,0,0,0,S1,Domestic Cash Home Buyers,S1 - Domestic Cash Home Buyers,S1,1,0.2863763679597928,0.6712053013977142,0.06483373138189985,1,1,0,2,9,8,1,36.78,-119.42,USA
C0912,Individual,Female,USA,California,Personal Use,1,No,Agency,76.64065708418892,65+,3,1322130.05,440710.01666666666,324.3756481756993,1351.4633333333334,0.3333333333333333,3,2024-01-01,2025-10-01,21.0,California,1,0,0,0,S1,Domestic Cash Home Buyers,S1 - Domestic Cash Home Buyers,S1,1,0.23367700259338445,0.6633057430055125,-0.9523615927020312,1,1,0,0,9,8,0,36.78,-119.42,USA
C0913,Individual,Male,USA,California,Personal Use,4,No,Agency,26.965092402464066,<35,4,1935637.92,483909.48,313.36913444851484,1552.15,0.25,4,2024-05-01,2025-07-01,14.0,California,1,0,0,0,S1,Domestic Cash Home Buyers,S1 - Domestic Cash Home Buyers,S1,1,0.24271598915374573,0.651936003476155,-0.9486305618430921,1,1,0,0,9,8,1,36.78,-119.42,USA
C0914,Individual,Female,France,Provence,Investment,4,No,Website,77.21834360027378,65+,4,1124290.78,281072.695,289.3480172051452,984.6475,0.25,4,2024-02-01,2024-12-01,10.0,International,0,0,1,0,S3,International Buyers,S3 - International Buyers,S3,1,0.08743280549820441,0.18919048639735508,1.1858318142755857,1,0,0,2,4,38,0,43.94,6.06,FRA
C0915,Individual,Male,USA,Florida,Personal Use,2,No,Agency,77.93839835728953,65+,3,1309768.71,436589.57,327.18114040361917,1283.46,0.0,3,2024-08-01,2025-04-01,8.0,Florida,1,0,0,0,S1,Domestic Cash Home Buyers,S1 - Domestic Cash Home Buyers,S1,1,0.19956461439808257,0.6164964627100717,-0.666384530803694,1,1,0,0,9,14,1,27.66,-81.52,USA
C0916,Individual,Male,Russia,Moscow Oblast,Personal Use,2,No,Website,37.889117043121146,35-44,4,1377591.46,344397.865,306.23787991648885,1114.105,0.0,4,2024-04-01,2024-11-01,7.0,International,0,0,0,0,S3,International Buyers,S3 - International Buyers,S3,1,0.09726311965490705,0.47665107911772425,1.2404767811991577,1,1,0,2,7,24,1,55.34,38.29,RUS
C0917,Individual,Male,USA,Arizona,Personal Use,2,Yes,Agency,56.41615331964408,55-64,3,756785.49,252261.83,297.57195253176656,851.4266666666667,0.0,3,2024-10-01,2025-05-01,7.0,Arizona,1,0,0,1,S4,Domestic Financed Home Buyers,S4 - Domestic Financed Home Buyers,S4,1,0.20108597457404384,-0.7686307959422507,-0.7611633944509968,1,1,1,0,9,1,1,34.05,-111.09,USA
C0918,Individual,Female,Australia,Western Australia,Personal Use,4,No,Client,25.859000684462696,<35,3,1461361.8699999999,487120.6233333333,309.795387697743,1583.2166666666665,0.3333333333333333,3,2024-02-01,2024-12-01,10.0,International,0,0,0,0,S3,International Buyers,S3 - International Buyers,S3,1,0.07422136232132155,0.4551237969934861,0.6857766648196972,1,1,0,1,0,54,0,-25.04,117.79,AUS
C0919,Individual,Female,Canada,Quebec,Investment,5,No,Agency,50.37371663244353,45-54,3,1059524.55,353174.85000000003,305.89085083165935,1179.5233333333333,0.0,3,2024-01-01,2025-05-01,16.0,International,0,0,1,0,S3,International Buyers,S3 - International Buyers,S3,1,0.08361423068380097,0.16163045133123982,0.19396098899747333,1,0,0,0,2,40,0,52.94,-73.55,CAN
C0920,Individual,Male,USA,California,Personal Use,4,No,Website,52.2217659137577,45-54,3,878368.79,292789.5966666667,321.2931144571189,934.4333333333334,0.0,3,2024-06-01,2025-09-01,15.0,California,1,0,0,0,S1,Domestic Cash Home Buyers,S1 - Domestic Cash Home Buyers,S1,1,0.2910416262650852,0.674269349695396,0.06484905872358193,1,1,0,2,9,8,1,36.78,-119.42,USA
C0921,Individual,Female,Australia,New South Wales,Personal Use,4,No,Agency,26.811772758384667,<35,3,802736.76,267578.92,294.3762503755404,900.46,0.0,3,2024-11-01,2025-10-01,11.0,International,0,0,0,0,S3,International Buyers,S3 - International Buyers,S3,1,0.08001325083653185,0.45898733425338994,0.2282302656586585,1,1,0,0,0,26,0,-31.25,146.92,AUS
C0922,Individual,Male,Australia,Victoria,Investment,4,Yes,Website,83.17590691307323,65+,3,1105753.98,368584.66,308.73094161670343,1200.3500000000001,0.0,3,2024-07-01,2025-10-01,15.0,International,0,0,1,1,S3,International Buyers,S3 - International Buyers,S3,1,0.0692859118518569,-1.1697140755180537,1.0798297477208616,1,0,1,2,0,49,1,-36.85,144.28,AUS
C0923,Individual,Female,USA,Oregon,Personal Use,3,No,Client,75.34839151266256,65+,4,1183422.85,295855.7125,285.2070155991702,1035.1925,0.0,4,2024-04-01,2025-12-01,20.0,Oregon,1,0,0,0,S1,Domestic Cash Home Buyers,S1 - Domestic Cash Home Buyers,S1,1,0.17247484253172563,0.5894203458786684,-0.2233453053301992,1,1,0,1,9,37,0,43.8,-120.55,USA
C0924,Individual,Female,USA,California,Personal Use,4,No,Website,37.782340862423,35-44,4,1558670.83,389667.7075,299.73730068249455,1313.38,0.25,4,2024-03-01,2025-08-01,17.0,California,1,0,0,0,S1,Domestic Cash Home Buyers,S1 - Domestic Cash Home Buyers,S1,1,0.2872420796346956,0.671113027597297,0.06421945519058914,1,1,0,2,9,8,0,36.78,-119.42,USA
C0925,Individual,Male,Germany,Hamburg,Personal Use,2,No,Website,81.63723477070499,65+,3,1308035.02,436011.67333333334,295.3701328390946,1471.8999999999999,0.3333333333333333,3,2024-05-01,2025-07-01,14.0,International,0,0,0,0,S3,International Buyers,S3 - International Buyers,S3,1,0.09854971520668966,0.47543987291166595,1.2602952945012713,1,1,0,2,5,16,1,53.55,9.99,DEU
C0926,Individual,Female,USA,California,Personal Use,3,No,Website,64.7419575633128,55-64,3,1078841.73,359613.91,297.61005005296533,1207.6466666666668,0.6666666666666666,3,2024-03-01,2025-06-01,15.0,California,1,0,0,0,S1,Domestic Cash Home Buyers,S1 - Domestic Cash Home Buyers,S1,1,0.26993706515616966,0.6761115539739015,0.06169129147076058,1,1,0,2,9,8,0,36.78,-119.42,USA
C0927,Individual,Female,France,Ile-de-France,Personal Use,4,No,Client,63.15674195756331,55-64,3,933499.38,311166.46,320.8203680770841,952.2633333333333,0.3333333333333333,3,2024-11-01,2025-12-01,13.0,International,0,0,0,0,S3,International Buyers,S3 - International Buyers,S3,1,0.07970733363914569,0.44970576018655745,0.7038646688156422,1,1,0,1,4,18,0,48.85,2.35,FRA
C0928,Individual,Male,USA,California,Personal Use,1,Yes,Agency,75.84120465434634,65+,3,758070.13,252690.04333333333,298.25383289313083,883.7466666666666,0.3333333333333333,3,2024-03-01,2024-11-01,8.0,California,1,0,0,1,S4,Domestic Financed Home Buyers,S4 - Domestic Financed Home Buyers,S4,1,0.23235231998938863,-0.7121103418530882,-1.0401735697345862,1,1,1,0,9,8,1,36.78,-119.42,USA
C0929,Individual,Male,USA,Washington,Personal Use,4,No,Website,71.60848733744011,65+,3,1167841.72,389280.5733333333,349.45308429299877,1117.9399999999998,0.0,3,2024-03-01,2025-10-01,19.0,Washington,1,0,0,0,S1,Domestic Cash Home Buyers,S1 - Domestic Cash Home Buyers,S1,1,0.22546261895657854,0.621398614869147,0.34764862766071225,1,1,0,2,9,53,1,47.75,-120.74,USA
C0930,Individual,Female,USA,Washington,Investment,1,Yes,Agency,32.71184120465435,<35,3,924305.53,308101.8433333333,289.4556742458752,1110.6233333333332,0.0,3,2024-02-01,2025-01-01,11.0,Washington,1,0,1,1,S2,Domestic Investors,S2 - Domestic Investors,S2,1,0.06916924130113083,-1.0641039193561455,-0.8247223639632131,1,0,1,0,9,53,0,47.75,-120.74,USA
C0931,Individual,Male,USA,Nevada,Investment,2,Yes,Client,48.016427104722794,45-54,3,997418.61,332472.87,304.2758060505078,1090.9466666666667,0.0,3,2024-09-01,2025-08-01,11.0,Nevada,1,0,1,1,S2,Domestic Investors,S2 - Domestic Investors,S1,0,0.07034655042958946,-1.0702203853341903,-0.38600929324988337,1,0,1,1,9,25,1,38.8,-116.42,USA
C0932,Individual,Female,USA,New York,Personal Use,5,No,Website,76.46543463381246,65+,4,1468310.6600000001,367077.66500000004,305.08055221862105,1196.9724999999999,0.0,4,2024-02-01,2025-01-01,11.0,New York,1,0,0,0,S1,Domestic Cash Home Buyers,S1 - Domestic Cash Home Buyers,S1,1,0.21437236265573908,0.6268189230761065,0.35205216494158703,1,1,0,2,9,27,0,43.0,-75.0,USA
C0933,Individual,Female,USA,California,Personal Use,4,No,Website,70.32717316906229,65+,3,1077170.94,359056.98,311.75039494413755,1155.4633333333334,0.3333333333333333,3,2024-07-01,2025-12-01,17.0,California,1,0,0,0,S1,Domestic Cash Home Buyers,S1 - Domestic Cash Home Buyers,S1,1,0.28673427494627407,0.6780764450554444,0.06289649857079715,1,1,0,2,9,8,0,36.78,-119.42,USA
C0934,Individual,Female,UK,Northern Ireland,Investment,5,Yes,Website,82.24777549623545,65+,3,912489.5900000001,304163.1966666667,291.740054900947,1086.9833333333333,0.0,3,2024-04-01,2024-08-01,4.0,International,0,0,1,1,S3,International Buyers,S3 - International Buyers,S3,1,0.09035764099928374,-1.1880253478445442,1.1533194072110744,1,0,1,2,8,31,0,54.79,-6.49,GBR
C0935,Individual,Female,Canada,Manitoba,Personal Use,4,No,Agency,25.623545516769337,<35,3,1133032.49,377677.49666666664,320.71481879954456,1221.6766666666665,0.3333333333333333,3,2024-01-01,2024-08-01,7.0,International,0,0,0,0,S3,International Buyers,S3 - International Buyers,S3,1,0.10113852389531489,0.4401718073752359,0.2665012994257178,1,1,0,0,2,22,0,53.76,-98.81,CAN
C0936,Individual,Female,USA,California,Personal Use,3,No,Client,74.72689938398358,65+,3,782945.97,260981.99,296.84915859488143,879.3433333333332,0.3333333333333333,3,2024-02-01,2025-06-01,16.0,California,1,0,0,0,S1,Domestic Cash Home Buyers,S1 - Domestic Cash Home Buyers,S1,1,0.209569650028368,0.6581823709675405,-0.4947614619500757,1,1,0,1,9,8,0,36.78,-119.42,USA
C0937,Individual,Male,USA,Arizona,Personal Use,5,No,Client,43.74537987679671,35-44,4,1370340.9100000001,342585.22750000004,307.37339672768826,1127.3175,0.0,4,2024-03-01,2025-09-01,18.0,Arizona,1,0,0,0,S1,Domestic Cash Home Buyers,S1 - Domestic Cash Home Buyers,S1,1,0.17592075727056694,0.5996244254913319,-0.21530540269165976,1,1,0,1,9,1,1,34.05,-111.09,USA
C0938,Individual,Male,Russia,Krasnodar Krai,Personal Use,4,No,Website,62.65023956194388,55-64,3,854217.7,284739.23333333334,331.4848799607234,851.87,0.0,3,2024-01-01,2025-04-01,15.0,International,0,0,0,0,S3,International Buyers,S3 - International Buyers,S3,1,0.0962853279703661,0.4815689814867415,1.2406022294562618,1,1,0,2,7,21,1,45.04,38.98,RUS
C0939,Individual,Female,Belgium,Brussels,Investment,1,No,Website,47.90965092402464,45-54,4,1190833.68,297708.42,299.3216776801628,996.3625,0.0,4,2024-10-01,2025-11-01,13.0,International,0,0,1,0,S3,International Buyers,S3 - International Buyers,S3,1,0.0834521629547456,0.1997181156920515,1.1729384358729824,1,0,0,2,1,7,0,50.85,4.35,BEL
C0940,Individual,Male,USA,Virginia,Investment,5,No,Website,40.03285420944559,35-44,4,1628937.85,407234.4625,301.2069210723519,1332.2825,0.25,4,2024-04-01,2024-12-01,8.0,Virginia,1,0,1,0,S2,Domestic Investors,S2 - Domestic Investors,S2,1,0.12101769186705273,0.3373748375147882,0.2733946477267694,1,0,0,2,9,50,1,37.43,-78.66,USA
C0941,Individual,Female,Mexico,Jalisco,Personal Use,1,No,Agency,70.45859000684463,65+,3,1028314.09,342771.36333333334,314.26994691832437,1089.46,0.3333333333333333,3,2024-10-01,2025-10-01,12.0,International,0,0,0,0,S3,International Buyers,S3 - International Buyers,S3,1,0.07424060718236893,0.4599327879957829,0.22266289369690806,1,1,0,0,6,19,0,20.66,-103.35,MEX
C0942,Individual,Female,USA,California,Personal Use,1,No,Website,34.04791238877481,<35,4,1402631.76,350657.94,344.62482428868657,1008.6625,0.0,4,2024-01-01,2025-11-01,22.0,California,1,0,0,0,S1,Domestic Cash Home Buyers,S1 - Domestic Cash Home Buyers,S1,1,0.263696097467299,0.6710197512546809,0.0638534607918666,1,1,0,2,9,8,0,36.78,-119.42,USA
C0943,Individual,Female,Canada,Manitoba,Investment,5,No,Website,68.2984257357974,65+,3,975048.28,325016.0933333333,288.9682701005914,1129.1766666666665,0.3333333333333333,3,2024-09-01,2025-12-01,15.0,International,0,0,1,0,S3,International Buyers,S3 - International Buyers,S3,1,0.1002639828216049,0.1819112470445043,1.2054449966927872,1,0,0,2,2,22,0,53.76,-98.81,CAN
C0944,Individual,Female,USA,Florida,Personal Use,2,No,Website,69.35249828884326,65+,3,1256722.03,418907.3433333333,316.41455277495,1283.46,0.3333333333333333,3,2024-09-01,2025-12-01,15.0,Florida,1,0,0,0,S1,Domestic Cash Home Buyers,S1 - Domestic Cash Home Buyers,S1,1,0.2227853503768144,0.6305539623207337,0.3468911778010635,1,1,0,2,9,14,0,27.66,-81.52,USA
C0945,Individual,Female,France,Provence,Personal Use,4,No,Website,80.32306639288159,65+,3,973406.55,324468.85000000003,292.67881177084405,1102.8633333333335,0.0,3,2024-03-01,2025-05-01,14.0,International,0,0,0,0,S3,International Buyers,S3 - International Buyers,S3,1,0.09965249432914199,0.47521199466959657,1.2603491190450529,1,1,0,2,4,38,0,43.94,6.06,FRA
C0946,Individual,Female,USA,Nevada,Investment,3,Yes,Agency,79.49349760438056,65+,3,827605.63,275868.54333333333,308.0848539378181,897.3100000000001,0.0,3,2024-12-01,2025-10-01,10.0,Nevada,1,0,1,1,S2,Domestic Investors,S2 - Domestic Investors,S2,1,0.07788926313716123,-1.059440096009148,-0.8455148523526721,1,0,1,0,9,25,0,38.8,-116.42,USA
C0947,Individual,Female,USA,Texas,Personal Use,2,No,Website,44.62696783025325,35-44,3,1096583.29,365527.76333333337,303.0773212797431,1190.3133333333333,0.0,3,2024-10-01,2025-07-01,9.0,Texas,1,0,0,0,S1,Domestic Cash Home Buyers,S1 - Domestic Cash Home Buyers,S1,1,0.21881500985065666,0.624547468371321,0.350264967801045,1,1,0,2,9,47,0,31.97,-99.9,USA
C0948,Individual,Female,USA,California,Investment,3,Yes,Website,36.04106776180698,35-44,4,1532000.51,383000.1275,292.4294946291139,1299.3675,0.5,4,2024-02-01,2025-08-01,18.0,California,1,0,1,1,S2,Domestic Investors,S2 - Domestic Investors,S2,1,0.0988011739060879,-0.9891888306792067,-0.09624066152334076,1,0,1,2,9,8,0,36.78,-119.42,USA
C0949,Individual,Female,USA,Colorado,Investment,5,Yes,Client,82.5160848733744,65+,4,1397057.95,349264.4875,304.96042569271594,1102.2725,0.25,4,2024-03-01,2025-08-01,17.0,Colorado,1,0,1,1,S2,Domestic Investors,S2 - Domestic Investors,S1,0,0.061270222629588575,-1.0579240510727967,-0.39401443355619775,1,0,1,1,9,11,0,39.55,-105.78,USA
C0950,Individual,Female,USA,Texas,Investment,5,No,Website,34.05612594113621,<35,4,1418212.48,354553.12,309.1729172561952,1146.9925,0.25,4,2024-01-01,2025-09-01,20.0,Texas,1,0,1,0,S2,Domestic Investors,S2 - Domestic Investors,S2,1,0.12378633700393113,0.33654981051926897,0.27771066432313074,1,0,0,2,9,47,0,31.97,-99.9,USA
C0951,Individual,Female,Mexico,Nuevo Leon,Personal Use,1,Yes,Client,27.12662559890486,<35,4,1658301.92,414575.48,318.9352119657447,1290.8,0.0,4,2024-04-01,2025-04-01,12.0,International,0,0,0,1,S3,International Buyers,S3 - International Buyers,S3,1,0.026624439952234548,-0.9270214258805363,0.596424214410376,1,1,1,1,6,33,0,25.59,-99.99,MEX
C0952,Individual,Female,USA,Oregon,Personal Use,5,No,Website,66.32717316906229,65+,4,1886501.9300000002,471625.48250000004,311.13443814146524,1510.65,0.25,4,2024-06-01,2025-12-01,18.0,Oregon,1,0,0,0,S1,Domestic Cash Home Buyers,S1 - Domestic Cash Home Buyers,S1,1,0.20950696279231773,0.6077283360263317,0.3344427810238233,1,1,0,2,9,37,0,43.8,-120.55,USA
C0953,Corporate,Male,USA,Washington,Personal Use,5,Yes,Website,30.193018480492814,<35,3,639815.0,213271.66666666666,260.1807906814217,839.1433333333334,0.0,3,2025-08-01,2025-09-01,1.0,Washington,1,0,0,1,S4,Domestic Financed Home Buyers,S4 - Domestic Financed Home Buyers,S1,0,0.14345901773128783,-0.7871255992408281,0.25209366280185397,0,1,1,2,9,53,1,47.75,-120.74,USA
C0954,Individual,Male,France,Brittany,Investment,4,Yes,Agency,75.73169062286105,65+,4,1493788.0,373447.0,316.54789585866547,1204.4975,0.25,4,2024-05-01,2025-10-01,17.0,International,0,0,1,1,S3,International Buyers,S3 - International Buyers,S3,1,0.0630695133262039,-1.2021390228635367,0.08562683353114725,1,0,1,0,4,6,1,48.2,-2.93,FRA
C0955,Individual,Female,USA,California,Personal Use,1,No,Website,56.969199178644764,55-64,3,1098111.78,366037.26,303.7837294950627,1205.9633333333334,0.0,3,2024-03-01,2025-09-01,18.0,California,1,0,0,0,S1,Domestic Cash Home Buyers,S1 - Domestic Cash Home Buyers,S1,1,0.2701374905702604,0.6760670170982148,0.06366243710257546,1,1,0,2,9,8,0,36.78,-119.42,USA
C0956,Individual,Male,USA,California,Personal Use,1,Yes,Website,59.81108829568789,55-64,4,1647197.45,411799.3625,318.118525167396,1294.645,0.25,4,2024-07-01,2025-05-01,10.0,California,1,0,0,1,S4,Domestic Financed Home Buyers,S4 - Domestic Financed Home Buyers,S4,1,0.2687442102444008,-0.6976841923483722,-0.025257571805530454,1,1,1,2,9,8,1,36.78,-119.42,USA
C0957,Corporate,Male,USA,Oregon,Personal Use,2,Yes,Client,64.6132785763176,55-64,4,1295242.02,323810.505,309.9639640800107,1072.5575,0.0,4,2024-03-01,2025-02-01,11.1,Oregon,1,0,0,1,S4,Domestic Financed Home Buyers,S4 - Domestic Financed Home Buyers,S1,0,0.1443317344024402,-0.8106343598867614,-0.32050432623379826,0,1,1,1,9,37,1,43.8,-120.55,USA
C0958,Individual,Female,USA,Nevada,Personal Use,1,Yes,Website,34.47501711156742,<35,4,936091.4500000001,234022.86250000002,281.68130459746465,834.6575,0.0,4,2024-05-01,2025-09-01,16.0,Nevada,1,0,0,1,S4,Domestic Financed Home Buyers,S4 - Domestic Financed Home Buyers,S4,1,0.21388313156451086,-0.7677783691270672,0.24136324029538536,1,1,1,2,9,25,0,38.8,-116.42,USA
C0959,Individual,Male,USA,California,Personal Use,3,No,Agency,73.29774127310061,65+,4,1840159.66,460039.915,290.24815048754033,1572.79,0.0,4,2024-04-01,2025-11-01,19.0,California,1,0,0,0,S1,Domestic Cash Home Buyers,S1 - Domestic Cash Home Buyers,S1,1,0.25393303843562387,0.6635384573441767,-0.9512899309541945,1,1,0,0,9,8,1,36.78,-119.42,USA
C0960,Individual,Female,USA,Arizona,Investment,1,Yes,Client,65.74948665297741,65+,4,1380084.58,345021.145,302.4929876697332,1148.2475,0.25,4,2024-03-01,2025-04-01,13.0,Arizona,1,0,1,1,S2,Domestic Investors,S2 - Domestic Investors,S1,0,0.0638547824851667,-1.0546540274260512,-0.3785377336392874,1,0,1,1,9,1,0,34.05,-111.09,USA
C0961,Individual,Male,UK,Wales,Personal Use,2,Yes,Website,51.4113620807666,45-54,4,1681311.67,420327.9175,322.9858897950755,1271.345,0.0,4,2024-02-01,2025-03-01,12.9,International,0,0,0,1,S3,International Buyers,S3 - International Buyers,S3,1,0.07187920425902707,-0.9091207004029114,1.2257865966787258,1,1,1,2,8,51,1,52.13,-3.78,GBR
C0962,Individual,Male,USA,California,Personal Use,4,No,Website,85.45379876796714,65+,4,1335726.82,333931.705,300.90854803873805,1114.2125,0.0,4,2024-01-01,2025-10-01,21.0,California,1,0,0,0,S1,Domestic Cash Home Buyers,S1 - Domestic Cash Home Buyers,S1,1,0.2770482425711046,0.6827677665945875,0.06171403218170357,1,1,0,2,9,8,1,36.78,-119.42,USA
C0963,Individual,Male,Canada,Alberta,Personal Use,4,No,Agency,84.39425051334702,65+,3,598874.99,199624.99666666667,294.37238795965703,678.9699999999999,0.3333333333333333,3,2024-06-01,2025-10-01,16.0,International,0,0,0,0,S3,International Buyers,S3 - International Buyers,S3,1,0.09302746513720273,0.45321354217188387,0.26155663380704014,1,1,0,0,2,0,1,53.93,-116.58,CAN
C0964,Individual,Female,USA,California,Personal Use,4,No,Website,72.2819986310746,65+,3,1015121.6900000001,338373.89666666667,287.7562530722898,1168.3833333333334,0.0,3,2024-02-01,2025-02-01,12.0,California,1,0,0,0,S1,Domestic Cash Home Buyers,S1 - Domestic Cash Home Buyers,S1,1,0.287862275941287,0.6792224718772948,0.06380789358185512,1,1,0,2,9,8,0,36.78,-119.42,USA
C0965,Individual,Female,USA,New York,Investment,3,No,Website,64.26283367556468,55-64,3,840199.6100000001,280066.5366666667,327.9994305582956,862.1066666666666,0.3333333333333333,3,2024-02-01,2025-04-01,14.0,New York,1,0,1,0,S2,Domestic Investors,S2 - Domestic Investors,S2,1,0.12329959386689408,0.33763171850152934,0.27919406594894164,1,0,0,2,9,27,0,43.0,-75.0,USA
C0966,Corporate,Male,USA,California,Investment,3,No,Website,30.223134839151268,<35,4,1606785.0499999998,401696.26249999995,275.3910258640924,1510.34,0.25,4,2024-07-01,2025-06-01,11.0,California,1,0,1,0,S2,Domestic Investors,S2 - Domestic Investors,S1,0,0.10725956927891489,0.36122832636190433,-0.018768189625312126,0,0,0,2,9,8,1,36.78,-119.42,USA
C0967,Individual,Female,USA,California,Personal Use,2,No,Agency,66.94592744695414,65+,3,705599.66,235199.8866666667,270.92870403576376,879.3433333333332,0.3333333333333333,3,2024-09-01,2025-11-01,14.0,California,1,0,0,0,S1,Domestic Cash Home Buyers,S1 - Domestic Cash Home Buyers,S1,1,0.246357115737726,0.6600182516781106,-0.9524283863098886,1,1,0,0,9,8,0,36.78,-119.42,USA
C0968,Individual,Female,USA,Arizona,Personal Use,4,No,Website,30.11088295687885,<35,3,1089074.71,363024.9033333333,306.8578888571016,1168.3833333333334,0.3333333333333333,3,2024-05-01,2025-09-01,16.0,Arizona,1,0,0,0,S1,Domestic Cash Home Buyers,S1 - Domestic Cash Home Buyers,S1,1,0.22163789919413404,0.6160037959468629,0.3417062992644234,1,1,0,2,9,1,0,34.05,-111.09,USA
C0969,Individual,Female,Russia,Tatarstan,Investment,1,Yes,Agency,49.76317590691308,45-54,3,1118760.19,372920.0633333333,304.3414643174505,1186.4366666666667,0.3333333333333333,3,2024-07-01,2025-12-01,17.0,International,0,0,1,1,S3,International Buyers,S3 - International Buyers,S3,1,0.057114529394732994,-1.197838954308092,0.06630140538230439,1,0,1,0,7,46,0,55.18,50.73,RUS
C0970,Individual,Male,Denmark,North Denmark,Personal Use,3,Yes,Website,39.082819986310746,35-44,4,1596404.25,399101.0625,301.00245069306345,1313.38,0.25,4,2024-02-01,2025-12-01,22.0,International,0,0,0,1,S3,International Buyers,S3 - International Buyers,S3,1,0.030920045712093024,-0.9000766015770356,1.1354044481572192,1,1,1,2,3,29,1,57.05,9.92,DNK
C0971,Individual,Female,USA,Colorado,Investment,5,Yes,Website,56.580424366872,55-64,4,1278450.05,319612.5125,313.85065589563084,1011.23,0.0,4,2024-02-01,2025-12-01,22.0,Colorado,1,0,1,1,S2,Domestic Investors,S2 - Domestic Investors,S2,1,0.07807178798537608,-1.0430018676740755,0.16474291043764328,1,0,1,2,9,11,0,39.55,-105.78,USA
C0972,Individual,Female,USA,Arizona,Personal Use,5,No,Agency,61.28952772073922,55-64,4,1298009.03,324502.2575,299.19843063898196,1072.985,0.0,4,2024-04-01,2024-05-01,1.0,Arizona,1,0,0,0,S1,Domestic Cash Home Buyers,S1 - Domestic Cash Home Buyers,S1,1,0.2021538318776094,0.6074081783781955,-0.6740980370115333,1,1,0,0,9,1,0,34.05,-111.09,USA
C0973,Individual,Male,USA,California,Investment,2,No,Client,33.07597535934291,<35,4,1595817.1600000001,398954.29000000004,333.0310914890481,1210.7375000000002,0.25,4,2024-06-01,2025-06-01,12.0,California,1,0,1,0,S2,Domestic Investors,S2 - Domestic Investors,S1,0,0.13051496649802832,0.3647007411130206,-0.5650503459398415,1,0,0,1,9,8,1,36.78,-119.42,USA
C0974,Individual,Male,USA,New York,Personal Use,1,No,Agency,64.61054072553046,55-64,4,1210990.11,302747.5275,294.33650684938635,1008.395,0.0,4,2024-01-01,2025-03-01,14.0,New York,1,0,0,0,S1,Domestic Cash Home Buyers,S1 - Domestic Cash Home Buyers,S1,1,0.19404654115193207,0.6073145189316729,-0.66316444663632,1,1,0,0,9,27,1,43.0,-75.0,USA
C0975,Individual,Male,USA,Utah,Personal Use,4,No,Website,79.4798083504449,65+,3,941310.61,313770.2033333333,302.3541105653684,1050.08,0.0,3,2024-04-01,2025-12-01,20.0,Utah,1,0,0,0,S1,Domestic Cash Home Buyers,S1 - Domestic Cash Home Buyers,S1,1,0.22082331667373536,0.629240731192364,0.34074041071816225,1,1,0,2,9,48,1,39.32,-111.09,USA
C0976,Individual,Male,USA,California,Personal Use,4,Yes,Website,42.455852156057496,35-44,4,1206149.98,301537.495,315.51504086805863,947.7475000000001,0.25,4,2024-08-01,2025-08-01,12.0,California,1,0,0,1,S4,Domestic Financed Home Buyers,S4 - Domestic Financed Home Buyers,S4,1,0.2820061152527904,-0.7025913111590404,-0.02341197500682546,1,1,1,2,9,8,1,36.78,-119.42,USA
C0977,Individual,Male,USA,California,Personal Use,1,No,Agency,29.73305954825462,<35,3,944672.95,314890.98333333334,284.63107516012536,1092.5066666666667,0.0,3,2024-02-01,2025-12-01,22.0,California,1,0,0,0,S1,Domestic Cash Home Buyers,S1 - Domestic Cash Home Buyers,S1,1,0.23328255404077233,0.6524917098630654,-0.9487791933784664,1,1,0,0,9,8,1,36.78,-119.42,USA
C0978,Individual,Female,USA,California,Personal Use,4,Yes,Website,62.13826146475017,55-64,3,1449360.9100000001,483120.3033333334,316.650344003343,1526.9566666666667,0.0,3,2024-05-01,2025-04-01,11.0,California,1,0,0,1,S4,Domestic Financed Home Buyers,S4 - Domestic Financed Home Buyers,S4,1,0.2772325328423159,-0.6971445594054035,-0.021770690372573176,1,1,1,2,9,8,0,36.78,-119.42,USA
C0979,Individual,Female,Canada,Quebec,Investment,4,No,Website,85.84804928131418,65+,3,864661.4500000001,288220.48333333334,307.1839583202157,939.3299999999999,0.0,3,2024-01-01,2024-02-01,1.0,International,0,0,1,0,S3,International Buyers,S3 - International Buyers,S3,1,0.1008215121690465,0.1867891717242937,1.204811858130189,1,0,0,2,2,40,0,52.94,-73.55,CAN
C0980,Individual,Male,USA,New York,Investment,1,Yes,Website,83.96440793976728,65+,3,1156326.6400000001,385442.2133333334,288.11923914459976,1392.5566666666666,0.3333333333333333,3,2024-03-01,2025-08-01,17.0,New York,1,0,1,1,S2,Domestic Investors,S2 - Domestic Investors,S2,1,0.06539634320948967,-1.0314725016418973,0.19076497882263016,1,0,1,2,9,27,1,43.0,-75.0,USA
C0981,Individual,Female,USA,California,Investment,1,No,Website,64.12867898699521,55-64,4,2048324.19,512081.0475,331.2073515732492,1555.2975000000001,0.25,4,2024-02-01,2025-06-01,16.0,California,1,0,1,0,S2,Domestic Investors,S2 - Domestic Investors,S2,1,0.1526586683079477,0.3931409160807659,-0.010664339843177606,1,0,0,2,9,8,0,36.78,-119.42,USA
C0982,Individual,Female,Canada,Manitoba,Investment,5,Yes,Agency,64.48186173853524,55-64,3,1443503.73,481167.91,342.41607823212286,1456.36,0.0,3,2024-10-01,2025-07-01,9.0,International,0,0,1,1,S3,International Buyers,S3 - International Buyers,S3,1,0.07546602988710548,-1.2090555204379376,0.10672788090838187,1,0,1,0,2,22,0,53.76,-98.81,CAN
C0983,Individual,Female,Germany,North Rhine-Westphalia,Personal Use,4,No,Website,31.529089664613277,<35,3,803219.7,267739.89999999997,297.90910935589744,899.62,0.0,3,2024-09-01,2025-06-01,9.0,International,0,0,0,0,S3,International Buyers,S3 - International Buyers,S3,1,0.10371904021283175,0.4634153095701857,1.2646663717794064,1,1,0,2,5,30,0,51.43,7.66,DEU
C0984,Individual,Male,Canada,British Columbia,Personal Use,5,Yes,Agency,63.07734428473648,55-64,3,1206529.21,402176.4033333333,306.06036448231094,1337.1733333333334,0.3333333333333333,3,2024-02-01,2025-05-01,14.9,International,0,0,0,1,S3,International Buyers,S3 - International Buyers,S3,1,0.05130634772060286,-0.9254453045666584,0.1777421290828593,1,1,1,0,2,5,1,53.73,-127.65,CAN
C0985,Individual,Female,USA,California,Personal Use,1,Yes,Website,71.21149897330595,65+,3,886990.72,295663.5733333333,318.71525327720883,934.4333333333334,0.3333333333333333,3,2024-01-01,2025-08-01,19.0,California,1,0,0,1,S4,Domestic Financed Home Buyers,S4 - Domestic Financed Home Buyers,S4,1,0.26332531895035777,-0.696075852696382,-0.025656164260625336,1,1,1,2,9,8,0,36.78,-119.42,USA
C0986,Individual,Female,Russia,Saint Petersburg,Personal Use,2,No,Website,44.20260095824778,35-44,3,1445226.07,481742.0233333334,314.022197887687,1510.3766666666668,0.3333333333333333,3,2024-06-01,2024-12-01,6.0,International,0,0,0,0,S3,International Buyers,S3 - International Buyers,S3,1,0.09575931951517443,0.47740367133182965,1.2407399395086947,1,1,0,2,7,42,0,59.93,30.34,RUS
C0987,Individual,Female,Germany,North Rhine-Westphalia,Personal Use,1,Yes,Agency,58.19301848049281,55-64,4,1086018.36,271504.59,282.1152952097202,984.12,0.25,4,2024-07-01,2025-10-01,15.0,International,0,0,0,1,S3,International Buyers,S3 - International Buyers,S3,1,0.036153846281124044,-0.9213857499728519,0.15880319485969585,1,1,1,0,5,30,0,51.43,7.66,DEU
C0988,Individual,Male,USA,Texas,Personal Use,3,Yes,Agency,37.69472963723477,35-44,3,695033.8,231677.93333333335,323.15023711577953,724.0866666666667,0.0,3,2024-02-01,2024-12-01,10.0,Texas,1,0,0,1,S4,Domestic Financed Home Buyers,S4 - Domestic Financed Home Buyers,S4,1,0.19577403602132468,-0.7692181227532746,-0.7504822793504662,1,1,1,0,9,47,1,31.97,-99.9,USA
C0989,Individual,Female,USA,Oregon,Personal Use,4,No,Website,79.20054757015743,65+,4,1129907.31,282476.8275,275.65055280155553,1035.1925,0.25,4,2024-03-01,2024-12-01,9.0,Oregon,1,0,0,0,S1,Domestic Cash Home Buyers,S1 - Domestic Cash Home Buyers,S1,1,0.2138096398868474,0.6101900605589166,0.3322683147810064,1,1,0,2,9,37,0,43.8,-120.55,USA
C0990,Individual,Male,USA,Utah,Personal Use,4,No,Website,83.94250513347022,65+,4,1588383.3599999999,397095.83999999997,298.8450324700167,1321.76,0.0,4,2024-02-01,2025-05-01,14.9,Utah,1,0,0,0,S1,Domestic Cash Home Buyers,S1 - Domestic Cash Home Buyers,S1,1,0.2186351225727395,0.6310669272333653,0.33965455243926373,1,1,0,2,9,48,1,39.32,-111.09,USA
C0991,Individual,Female,USA,Nevada,Personal Use,1,No,Website,50.76522929500342,45-54,3,1223116.15,407705.3833333333,281.16282453781065,1464.8466666666666,0.0,3,2024-12-01,2025-07-01,7.0,Nevada,1,0,0,0,S1,Domestic Cash Home Buyers,S1 - Domestic Cash Home Buyers,S1,1,0.214956717425732,0.6108635478692617,0.32938694147123393,1,1,0,2,9,25,0,38.8,-116.42,USA
C0992,Individual,Male,Denmark,Capital Region,Personal Use,1,Yes,Website,37.11430527036276,35-44,4,1478482.61,369620.6525,308.4945964231183,1205.465,0.0,4,2024-05-01,2025-05-01,12.0,International,0,0,0,1,S3,International Buyers,S3 - International Buyers,S3,1,0.027414377356376023,-0.8998329512836378,1.1354012228098793,1,1,1,2,3,9,1,55.68,12.57,DNK
C0993,Individual,Male,USA,California,Personal Use,2,Yes,Website,71.80835044490075,65+,3,530494.44,176831.47999999998,287.45408616535224,610.62,0.0,3,2024-01-01,2024-07-01,6.0,California,1,0,0,1,S4,Domestic Financed Home Buyers,S4 - Domestic Financed Home Buyers,S4,1,0.2584727722676056,-0.6960022711459052,-0.02504238380955459,1,1,1,2,9,8,1,36.78,-119.42,USA
C0994,Individual,Male,USA,California,Personal Use,3,No,Website,49.09514031485284,45-54,4,1379902.8699999999,344975.71749999997,293.55926482131196,1187.8925000000002,0.0,4,2025-03-01,2025-11-01,8.0,California,1,0,0,0,S1,Domestic Cash Home Buyers,S1 - Domestic Cash Home Buyers,S1,1,0.29783237459936773,0.6743197136340218,0.06370134585557863,1,1,0,2,9,8,1,36.78,-119.42,USA
C0995,Individual,Female,Australia,New South Wales,Personal Use,1,Yes,Website,76.21355236139631,65+,3,1004120.77,334706.92333333334,320.3535747659157,1037.11,0.3333333333333333,3,2024-11-01,2025-12-01,13.0,International,0,0,0,1,S3,International Buyers,S3 - International Buyers,S3,1,0.034766209810001086,-0.8869421089967813,1.1500743903592363,1,1,1,2,0,26,0,-31.25,146.92,AUS
C0996,Individual,Male,Canada,Manitoba,Personal Use,2,Yes,Client,69.55509924709104,65+,3,888968.0,296322.6666666667,314.8072855839984,941.2099999999999,0.3333333333333333,3,2024-05-01,2025-03-01,10.0,International,0,0,0,1,S3,International Buyers,S3 - International Buyers,S3,1,0.04431891911983953,-0.9276717352783268,0.6330593402814311,1,1,1,1,2,22,1,53.76,-98.81,CAN
C0997,Individual,Male,USA,California,Investment,3,Yes,Agency,75.80835044490075,65+,3,1607877.07,535959.0233333333,327.1364224522813,1654.4733333333334,0.3333333333333333,3,2024-02-01,2025-07-01,17.0,California,1,0,1,1,S2,Domestic Investors,S2 - Domestic Investors,S2,1,0.08530647432085975,-0.9962760170610956,-1.1103651106214099,1,0,1,0,9,8,1,36.78,-119.42,USA
C0998,Corporate,Female,USA,Virginia,Personal Use,4,No,Agency,56.65434633812457,55-64,4,1230552.15,307638.0375,290.3612311492981,1053.27,0.25,4,2024-01-01,2025-08-01,19.0,Virginia,1,0,0,0,S1,Domestic Cash Home Buyers,S1 - Domestic Cash Home Buyers,S1,1,0.14984905624571382,0.5857873588509095,-0.6808769162639174,0,1,0,0,9,50,0,37.43,-78.66,USA
C0999,Individual,Female,USA,California,Investment,3,No,Agency,56.29295003422313,55-64,3,661984.35,220661.44999999998,294.4571639699334,753.3133333333334,0.0,3,2024-01-01,2025-09-01,20.0,California,1,0,1,0,S2,Domestic Investors,S2 - Domestic Investors,S2,1,0.15317487722401452,0.37309345544814215,-1.0226696466415741,1,0,0,0,9,8,0,36.78,-119.42,USA
C1000,Individual,Female,USA,Utah,Personal Use,2,Yes,Website,62.4476386036961,55-64,4,1629372.23,407343.0575,295.5081146814199,1316.6550000000002,0.0,4,2024-10-01,2025-06-01,8.0,Utah,1,0,0,1,S4,Domestic Financed Home Buyers,S4 - Domestic Financed Home Buyers,S4,1,0.2217440571223613,-0.7482046828355939,0.25336947565191476,1,1,1,2,9,48,0,39.32,-111.09,USA
C1001,Individual,Male,USA,California,Personal Use,3,No,Website,44.46817248459959,35-44,4,1650296.94,412574.235,310.16333452944724,1326.3725,0.0,4,2024-01-01,2025-07-01,18.0,California,1,0,0,0,S1,Domestic Cash Home Buyers,S1 - Domestic Cash Home Buyers,S1,1,0.2934874226877609,0.6734711725622404,0.06432038769841308,1,1,0,2,9,8,1,36.78,-119.42,USA
C1002,Individual,Male,USA,California,Personal Use,5,No,Website,58.56536618754278,55-64,3,1064050.72,354683.5733333333,324.7466875375312,1052.0866666666668,0.3333333333333333,3,2024-04-01,2024-12-01,8.0,California,1,0,0,0,S1,Domestic Cash Home Buyers,S1 - Domestic Cash Home Buyers,S1,1,0.2759640847716301,0.6751515285855318,0.06406234719461956,1,1,0,2,9,8,1,36.78,-119.42,USA
C1003,Individual,Female,USA,Nevada,Personal Use,2,No,Website,48.388774811772755,45-54,3,1164909.23,388303.07666666666,293.62565256578495,1303.7766666666666,0.3333333333333333,3,2024-07-01,2025-08-01,13.0,Nevada,1,0,0,0,S1,Domestic Cash Home Buyers,S1 - Domestic Cash Home Buyers,S1,1,0.22513334290558099,0.6093467371498467,0.3287358231868406,1,1,0,2,9,25,0,38.8,-116.42,USA
C1004,Individual,Male,USA,Oregon,Personal Use,3,Yes,Website,43.28815879534565,35-44,4,1553467.6600000001,388366.91500000004,307.39957363177257,1254.045,0.0,4,2024-08-01,2025-10-01,14.0,Oregon,1,0,0,1,S4,Domestic Financed Home Buyers,S4 - Domestic Financed Home Buyers,S4,1,0.22953934814381416,-0.771639522635295,0.24872355516406028,1,1,1,2,9,37,1,43.8,-120.55,USA
C1005,Individual,Female,Germany,Hamburg,Personal Use,3,No,Client,37.56605065023956,35-44,3,778101.6000000001,259367.20000000004,271.00098242980476,993.0033333333334,0.3333333333333333,3,2024-02-01,2025-08-01,18.0,International,0,0,0,0,S3,International Buyers,S3 - International Buyers,S3,1,0.08371365054584828,0.443541792333158,0.7062710967554542,1,1,0,1,5,16,0,53.55,9.99,DEU
C1006,Individual,Female,USA,Georgia,Personal Use,1,No,Website,33.01848049281314,<35,3,738938.8,246312.93333333335,294.7771085435938,828.39,0.0,3,2024-09-01,2025-06-01,9.0,US - Other,1,0,0,0,S1,Domestic Cash Home Buyers,S1 - Domestic Cash Home Buyers,S1,1,0.2035517373727793,0.6140132349246537,0.34538499240969966,1,1,0,2,9,15,0,32.16,-82.9,USA
C1007,Individual,Female,UK,England,Personal Use,4,No,Agency,77.18275154004107,65+,3,813104.68,271034.89333333337,317.6790312619853,847.0366666666667,0.3333333333333333,3,2024-05-01,2025-03-01,10.0,International,0,0,0,0,S3,International Buyers,S3 - International Buyers,S3,1,0.09956891561609525,0.4524701706346262,0.29719303945210335,1,1,0,0,8,12,0,52.36,-1.17,GBR
C1008,Corporate,Male,USA,California,Personal Use,2,No,Website,38.247775496235455,35-44,4,1018262.69,254565.6725,303.07177350254955,849.79,0.0,4,2024-12-01,2025-08-01,8.0,California,1,0,0,0,S1,Domestic Cash Home Buyers,S1 - Domestic Cash Home Buyers,S1,1,0.17494339925777683,0.6481493909743268,0.0527172631943702,0,1,0,2,9,8,1,36.78,-119.42,USA
C1009,Individual,Female,USA,Nevada,Investment,4,Yes,Agency,75.88501026694045,65+,3,741160.04,247053.34666666668,257.5333442470797,971.1899999999999,0.0,3,2024-02-01,2024-10-01,8.0,Nevada,1,0,1,1,S2,Domestic Investors,S2 - Domestic Investors,S2,1,0.07843648982156572,-1.0605690229870417,-0.845052132256892,1,0,1,0,9,25,0,38.8,-116.42,USA
C1010,Individual,Male,Mexico,Jalisco,Personal Use,4,No,Website,61.80971937029432,55-64,4,1331479.73,332869.9325,301.60505964963625,1077.195,0.25,4,2024-04-01,2025-11-01,19.0,International,0,0,0,0,S3,International Buyers,S3 - International Buyers,S3,1,0.09384334295147839,0.47502733477128495,1.2374545054738544,1,1,0,2,6,19,1,20.66,-103.35,MEX
C1011,Individual,Female,USA,California,Investment,1,No,Website,73.03490759753593,65+,4,1281389.3900000001,320347.34750000003,305.9364376382235,1075.505,0.0,4,2024-02-01,2025-02-01,12.0,California,1,0,1,0,S2,Domestic Investors,S2 - Domestic Investors,S2,1,0.15526831742065686,0.3951754454560466,-0.011220410526451507,1,0,0,2,9,8,0,36.78,-119.42,USA
C1012,Individual,Male,USA,New York,Personal Use,4,Yes,Website,65.19644079397673,65+,3,1690270.5,563423.5,325.46681833593675,1736.0333333333335,0.3333333333333333,3,2024-01-01,2024-07-01,6.0,New York,1,0,0,1,S4,Domestic Financed Home Buyers,S4 - Domestic Financed Home Buyers,S4,1,0.20556215625533475,-0.7508011428891048,0.2663229047689563,1,1,1,2,9,27,1,43.0,-75.0,USA
C1013,Individual,Female,USA,Oregon,Personal Use,1,Yes,Website,31.534565366187543,<35,4,1627907.97,406976.9925,312.654772421993,1298.145,0.25,4,2024-03-01,2025-12-01,21.0,Oregon,1,0,0,1,S4,Domestic Financed Home Buyers,S4 - Domestic Financed Home Buyers,S4,1,0.21550902613283457,-0.7746907097242453,0.2478587800216304,1,1,1,2,9,37,0,43.8,-120.55,USA
C1014,Individual,Male,USA,California,Personal Use,3,Yes,Website,56.982888432580424,55-64,3,1278106.36,426035.45333333337,292.9843221669268,1523.6933333333334,0.0,3,2024-02-01,2025-02-01,12.0,California,1,0,0,1,S4,Domestic Financed Home Buyers,S4 - Domestic Financed Home Buyers,S4,1,0.288505426598846,-0.6984188168023893,-0.022087007833213157,1,1,1,2,9,8,1,36.78,-119.42,USA
C1015,Individual,Male,USA,California,Personal Use,4,Yes,Website,48.33127994524298,45-54,3,884426.51,294808.83666666667,300.2249321831583,973.09,0.0,3,2024-02-01,2024-11-01,9.0,California,1,0,0,1,S4,Domestic Financed Home Buyers,S4 - Domestic Financed Home Buyers,S4,1,0.28285922274068315,-0.7010995786188321,-0.02175781800671661,1,1,1,2,9,8,1,36.78,-119.42,USA
C1016,Individual,Female,USA,California,Personal Use,4,Yes,Agency,49.738535249828885,45-54,4,1542774.6099999999,385693.65249999997,312.8043986665632,1214.5625,0.25,4,2024-03-01,2024-11-01,8.0,California,1,0,0,1,S4,Domestic Financed Home Buyers,S4 - Domestic Financed Home Buyers,S4,1,0.25220530004698677,-0.7174390687628597,-1.0373816756431513,1,1,1,0,9,8,0,36.78,-119.42,USA
C1017,Individual,Female,USA,California,Personal Use,1,Yes,Agency,57.02395619438741,55-64,4,1116371.43,279092.8575,305.23937087997666,928.745,0.25,4,2024-04-01,2024-12-01,8.0,California,1,0,0,1,S4,Domestic Financed Home Buyers,S4 - Domestic Financed Home Buyers,S4,1,0.2419759205664425,-0.7157970020422908,-1.0397084563789623,1,1,1,0,9,8,0,36.78,-119.42,USA
C1018,Individual,Female,USA,Colorado,Personal Use,5,Yes,Client,58.535249828884325,55-64,3,845680.5700000001,281893.5233333334,273.2305004945338,1033.4833333333333,0.0,3,2024-02-01,2025-04-01,14.0,Colorado,1,0,0,1,S4,Domestic Financed Home Buyers,S4 - Domestic Financed Home Buyers,S1,0,0.18013507756031644,-0.7788152638757022,-0.31838133488516185,1,1,1,1,9,11,0,39.55,-105.78,USA
C1019,Individual,Female,USA,Nevada,Personal Use,2,No,Client,50.17932922655715,45-54,3,1167255.18,389085.06,298.1001304860728,1325.0800000000002,0.0,3,2024-04-01,2024-10-01,6.0,Nevada,1,0,0,0,S1,Domestic Cash Home Buyers,S1 - Domestic Cash Home Buyers,S1,1,0.17869468417833057,0.5899226511567428,-0.22661046028404735,1,1,0,1,9,25,0,38.8,-116.42,USA
C1020,Individual,Female,USA,California,Personal Use,3,No,Agency,31.44147843942505,<35,4,1248826.8599999999,312206.71499999997,306.5220996767232,994.0725,0.25,4,2024-02-01,2025-01-01,11.0,California,1,0,0,0,S1,Domestic Cash Home Buyers,S1 - Domestic Cash Home Buyers,S1,1,0.25425652348898964,0.6525111861806285,-0.9501284259290252,1,1,0,0,9,8,0,36.78,-119.42,USA
C1021,Individual,Male,USA,California,Investment,1,No,Client,51.32375085557837,45-54,4,1554739.9,388684.975,295.54079628802083,1340.7775000000001,0.25,4,2024-05-01,2024-12-01,7.0,California,1,0,1,0,S2,Domestic Investors,S2 - Domestic Investors,S1,0,0.12776447299634208,0.36910929511336793,-0.5667047254284072,1,0,0,1,9,8,1,36.78,-119.42,USA
C1022,Individual,Female,USA,Colorado,Personal Use,1,No,Agency,41.7056810403833,35-44,4,1389709.13,347427.2825,306.8867427595196,1122.0925,0.25,4,2024-05-01,2025-12-01,19.0,Colorado,1,0,0,0,S1,Domestic Cash Home Buyers,S1 - Domestic Cash Home Buyers,S1,1,0.1919003047951694,0.5959996436973305,-0.6913849306352939,1,1,0,0,9,11,0,39.55,-105.78,USA
C1023,Individual,Female,USA,Nevada,Personal Use,1,Yes,Website,72.4271047227926,65+,3,1336237.87,445412.62333333335,275.5785645289239,1599.3433333333332,0.0,3,2024-05-01,2025-07-01,14.0,Nevada,1,0,0,1,S4,Domestic Financed Home Buyers,S4 - Domestic Financed Home Buyers,S4,1,0.2163252075337125,-0.7583383934656717,0.24127052048066688,1,1,1,2,9,25,0,38.8,-116.42,USA
C1024,Individual,Male,USA,Arizona,Investment,2,No,Agency,56.41067761806981,55-64,3,1351032.92,450344.30666666664,295.4987557332975,1510.3766666666668,0.0,3,2024-05-01,2025-11-01,18.0,Arizona,1,0,1,0,S2,Domestic Investors,S2 - Domestic Investors,S2,1,0.1283614258238689,0.321670628674741,-0.7456448443648314,1,0,0,0,9,1,1,34.05,-111.09,USA
C1025,Individual,Female,USA,California,Personal Use,1,No,Client,78.94592744695414,65+,3,738424.1799999999,246141.3933333333,335.6071778462603,735.3566666666667,0.3333333333333333,3,2024-08-01,2024-12-01,4.0,California,1,0,0,0,S1,Domestic Cash Home Buyers,S1 - Domestic Cash Home Buyers,S1,1,0.19402646898458648,0.6593434471974848,-0.49599093668438304,1,1,0,1,9,8,0,36.78,-119.42,USA
C1026,Individual,Male,USA,California,Investment,1,No,Agency,34.38740588637919,<35,3,1440775.1,480258.3666666667,334.1423474482069,1452.2633333333333,0.0,3,2024-12-01,2025-07-01,7.0,California,1,0,1,0,S2,Domestic Investors,S2 - Domestic Investors,S2,1,0.14150357395928015,0.36922253492113805,-1.0207145992003857,1,0,0,0,9,8,1,36.78,-119.42,USA
C1027,Individual,Male,USA,California,Investment,1,Yes,Client,49.05681040383299,45-54,3,1554407.81,518135.9366666667,318.96681579874877,1649.26,0.3333333333333333,3,2024-03-01,2025-11-01,20.0,California,1,0,1,1,S2,Domestic Investors,S2 - Domestic Investors,S1,0,0.07066695810313713,-1.0061206191602325,-0.6519849143548448,1,0,1,1,9,8,1,36.78,-119.42,USA
C1028,Individual,Male,USA,California,Personal Use,1,Yes,Website,83.73442847364818,65+,4,1143826.71,285956.6775,290.9076854075112,984.12,0.0,4,2024-02-01,2025-09-01,19.0,California,1,0,0,1,S4,Domestic Financed Home Buyers,S4 - Domestic Financed Home Buyers,S4,1,0.25893886708380814,-0.69194720381628,-0.026600089910363223,1,1,1,2,9,8,1,36.78,-119.42,USA
C1029,Individual,Male,Australia,Victoria,Personal Use,1,No,Agency,76.15058179329226,65+,3,946560.97,315520.3233333333,299.1766034932709,1049.3799999999999,0.0,3,2024-01-01,2025-05-01,16.0,International,0,0,0,0,S3,International Buyers,S3 - International Buyers,S3,1,0.07437038629376862,0.47126896674258706,0.22405092368099389,1,1,0,0,0,49,1,-36.85,144.28,AUS
C1030,Individual,Female,USA,Ohio,Personal Use,4,No,Website,65.6974674880219,65+,4,1353543.06,338385.765,313.4285139672919,1070.475,0.0,4,2024-05-01,2024-12-01,7.0,US - Other,1,0,0,0,S1,Domestic Cash Home Buyers,S1 - Domestic Cash Home Buyers,S1,1,0.22585882616206976,0.6222744657263766,0.34389546784129243,1,1,0,2,9,35,0,40.42,-82.91,USA
C1031,Individual,Male,UK,England,Personal Use,1,No,Website,36.9637234770705,35-44,3,1011333.2,337111.06666666665,312.3940949609546,1088.5866666666668,0.3333333333333333,3,2024-05-01,2024-08-01,3.0,International,0,0,0,0,S3,International Buyers,S3 - International Buyers,S3,1,0.12356994890442827,0.460520950983979,1.3128471954634968,1,1,0,2,8,12,1,52.36,-1.17,GBR
C1032,Individual,Male,USA,Nevada,Personal Use,5,No,Website,48.99110198494182,45-54,4,1494289.73,373572.4325,342.2080408780598,1086.2275,0.0,4,2024-03-01,2025-07-01,16.0,Nevada,1,0,0,0,S1,Domestic Cash Home Buyers,S1 - Domestic Cash Home Buyers,S1,1,0.22087484955776435,0.6102799660422371,0.32983217006701004,1,1,0,2,9,25,1,38.8,-116.42,USA
C1033,Individual,Male,France,Ile-de-France,Personal Use,2,No,Website,63.52908966461328,55-64,4,1496120.51,374030.1275,290.56103891604687,1313.38,0.25,4,2024-08-01,2025-12-01,16.0,International,0,0,0,0,S3,International Buyers,S3 - International Buyers,S3,1,0.10411986394568536,0.47154141674802647,1.2587638874512315,1,1,0,2,4,18,1,48.85,2.35,FRA
C1034,Individual,Female,USA,Colorado,Personal Use,5,No,Client,46.945927446954144,45-54,4,1200049.6,300012.4,310.75049022317035,970.375,0.25,4,2024-06-01,2025-09-01,15.0,Colorado,1,0,0,0,S1,Domestic Cash Home Buyers,S1 - Domestic Cash Home Buyers,S1,1,0.17324551896945634,0.592850902379416,-0.23272333794142708,1,1,0,1,9,11,0,39.55,-105.78,USA
C1035,Individual,Male,USA,Virginia,Personal Use,2,No,Website,64.8870636550308,55-64,4,1528550.1300000001,382137.53250000003,311.63793649156986,1227.17,0.5,4,2024-02-01,2025-06-01,16.0,Virginia,1,0,0,0,S1,Domestic Cash Home Buyers,S1 - Domestic Cash Home Buyers,S1,1,0.22035552644822257,0.627921679908819,0.3419229155539813,1,1,0,2,9,50,1,37.43,-78.66,USA
C1036,Individual,Female,USA,Oregon,Personal Use,2,No,Agency,37.80150581793292,35-44,3,1176436.08,392145.36000000004,289.98572327398165,1350.4933333333333,0.0,3,2024-06-01,2025-01-01,7.0,Oregon,1,0,0,0,S1,Domestic Cash Home Buyers,S1 - Domestic Cash Home Buyers,S1,1,0.19559971084640268,0.5842950798317283,-0.6771786378228368,1,1,0,0,9,37,0,43.8,-120.55,USA
C1037,Corporate,Male,Mexico,Baja California,Personal Use,2,Yes,Website,55.99452429842574,55-64,3,1115637.13,371879.0433333333,307.6473681977245,1190.3133333333333,0.3333333333333333,3,2024-08-01,2024-11-01,3.0,International,0,0,0,1,S3,International Buyers,S3 - International Buyers,S1,0,0.026517247409276145,-0.9243461111578857,1.1405186930224693,0,1,1,2,6,2,1,30.84,-115.28,MEX
C1038,Individual,Male,USA,California,Investment,3,No,Website,66.60369609856262,65+,3,907128.2000000001,302376.0666666667,320.6355734378572,939.3299999999999,0.0,3,2024-02-01,2024-09-01,7.0,California,1,0,1,0,S2,Domestic Investors,S2 - Domestic Investors,S2,1,0.167984739531955,0.3928864435568234,-0.00883806662145492,1,0,0,2,9,8,1,36.78,-119.42,USA
C1039,Individual,Male,USA,California,Personal Use,1,Yes,Agency,63.45790554414784,55-64,4,1428452.94,357113.235,290.18791818982925,1210.7375000000002,0.0,4,2024-01-01,2025-11-01,22.0,California,1,0,0,1,S4,Domestic Financed Home Buyers,S4 - Domestic Financed Home Buyers,S4,1,0.24209284023733268,-0.7133576225464401,-1.0388273798168923,1,1,1,0,9,8,1,36.78,-119.42,USA
C1040,Individual,Male,USA,California,Investment,5,Yes,Website,85.73853524982889,65+,3,901095.79,300365.26333333337,302.49273184974817,992.2199999999999,0.0,3,2024-09-01,2025-10-01,13.0,California,1,0,1,1,S2,Domestic Investors,S2 - Domestic Investors,S2,1,0.08550640144591483,-0.9772884290406092,-0.09610885087415633,1,0,1,2,9,8,1,36.78,-119.42,USA
C1041,Individual,Female,USA,Nevada,Personal Use,5,Yes,Website,35.06639288158795,35-44,3,1150040.79,383346.93,296.6726115199364,1303.7766666666666,0.0,3,2025-01-01,2025-12-01,11.0,Nevada,1,0,0,1,S4,Domestic Financed Home Buyers,S4 - Domestic Financed Home Buyers,S4,1,0.2098070830190488,-0.7678829328174286,0.24512616503158302,1,1,1,2,9,25,0,38.8,-116.42,USA
C1042,Individual,Female,USA,Nevada,Personal Use,2,No,Agency,80.41067761806981,65+,4,1325783.46,331445.865,300.32888890851893,1122.0925,0.0,4,2024-04-01,2025-02-01,10.1,Nevada,1,0,0,0,S1,Domestic Cash Home Buyers,S1 - Domestic Cash Home Buyers,S1,1,0.2034012814517008,0.6010082935816954,-0.6876313354220855,1,1,0,0,9,25,0,38.8,-116.42,USA
C1043,Individual,Female,USA,Washington,Personal Use,5,No,Website,26.466803559206024,<35,3,1067911.8599999999,355970.61999999994,262.4906999884452,1357.1933333333334,0.0,3,2024-10-01,2025-08-01,10.0,Washington,1,0,0,0,S1,Domestic Cash Home Buyers,S1 - Domestic Cash Home Buyers,S1,1,0.21131830662285048,0.6104582321860494,0.3508388695737483,1,1,0,2,9,53,0,47.75,-120.74,USA
C1044,Individual,Male,USA,Nevada,Investment,5,No,Website,54.63107460643395,45-54,4,1368036.3900000001,342009.09750000003,297.38934570167584,1145.535,0.0,4,2024-02-01,2025-11-01,21.0,Nevada,1,0,1,0,S2,Domestic Investors,S2 - Domestic Investors,S2,1,0.1327507850027206,0.32653779338160244,0.25692212952858995,1,0,0,2,9,25,1,38.8,-116.42,USA
C1045,Individual,Female,USA,New York,Personal Use,3,No,Website,83.75085557837097,65+,3,974840.03,324946.6766666667,304.33718511175783,1060.1133333333335,0.6666666666666666,3,2024-03-01,2024-06-01,3.0,New York,1,0,0,0,S1,Domestic Cash Home Buyers,S1 - Domestic Cash Home Buyers,S1,1,0.20792739694565557,0.6266459463688061,0.3494402797786757,1,1,0,2,9,27,0,43.0,-75.0,USA
C1046,Individual,Female,Canada,Quebec,Personal Use,4,Yes,Website,56.61327857631759,55-64,4,1301128.39,325282.0975,306.37197607525377,1049.6999999999998,0.0,4,2024-01-01,2025-11-01,22.0,International,0,0,0,1,S3,International Buyers,S3 - International Buyers,S3,1,0.06297365566220672,-0.9090274978818893,1.1912203456115218,1,1,1,2,2,40,0,52.94,-73.55,CAN
C1047,Individual,Male,USA,Virginia,Personal Use,3,No,Website,41.05133470225873,35-44,3,1333737.83,444579.2766666667,305.3774365823991,1454.5733333333335,0.0,3,2024-05-01,2024-11-01,6.0,Virginia,1,0,0,0,S1,Domestic Cash Home Buyers,S1 - Domestic Cash Home Buyers,S1,1,0.2260183486207152,0.6230672812272968,0.34709573013182077,1,1,0,2,9,50,1,37.43,-78.66,USA
C1048,Individual,Female,USA,Oregon,Investment,1,No,Agency,55.92607802874743,55-64,3,1349339.41,449779.8033333333,317.946504185774,1439.256666666667,0.3333333333333333,3,2024-06-01,2025-01-01,7.0,Oregon,1,0,1,0,S2,Domestic Investors,S2 - Domestic Investors,S2,1,0.12932308170608078,0.3031791274371322,-0.752064869291529,1,0,0,0,9,37,0,43.8,-120.55,USA
C1049,Individual,Female,USA,California,Investment,5,No,Website,85.15263518138262,65+,3,1214294.1600000001,404764.72000000003,278.866775395034,1451.5366666666669,0.0,3,2024-09-01,2025-11-01,14.0,California,1,0,1,0,S2,Domestic Investors,S2 - Domestic Investors,S2,1,0.1436484259363758,0.3974423883383667,-0.008667407457872311,1,0,0,2,9,8,0,36.78,-119.42,USA
C1050,Individual,Male,USA,Georgia,Personal Use,4,Yes,Website,70.24503764544832,65+,4,1274655.09,318663.7725,268.38827216190396,1192.72,0.0,4,2024-09-01,2025-08-01,11.0,US - Other,1,0,0,1,S4,Domestic Financed Home Buyers,S4 - Domestic Financed Home Buyers,S4,1,0.21388255795823483,-0.7511879004331043,0.25662259424406897,1,1,1,2,9,15,1,32.16,-82.9,USA
C1051,Individual,Female,USA,Virginia,Personal Use,1,Yes,Agency,67.45242984257358,65+,3,894972.26,298324.08666666667,285.4355278770435,1016.7433333333333,0.3333333333333333,3,2024-03-01,2024-10-01,7.0,Virginia,1,0,0,1,S4,Domestic Financed Home Buyers,S4 - Domestic Financed Home Buyers,S4,1,0.18775267293597012,-0.7631229945268937,-0.7581303200197163,1,1,1,0,9,50,0,37.43,-78.66,USA
C1052,Individual,Female,USA,Utah,Personal Use,1,Yes,Agency,72.68720054757016,65+,4,1008000.54,252000.135,306.12137055351894,836.9425,0.0,4,2024-05-01,2025-03-01,10.0,Utah,1,0,0,1,S4,Domestic Financed Home Buyers,S4 - Domestic Financed Home Buyers,S4,1,0.19623989595105454,-0.763236152589944,-0.7625138730890202,1,1,1,0,9,48,0,39.32,-111.09,USA
C1053,Individual,Male,Mexico,Nuevo Leon,Personal Use,2,Yes,Website,51.14031485284052,45-54,3,1280976.9,426992.3,313.1594809077357,1336.61,0.0,3,2024-02-01,2025-06-01,16.0,International,0,0,0,1,S3,International Buyers,S3 - International Buyers,S3,1,0.03994335155747379,-0.9012390588800709,1.152942137841055,1,1,1,2,6,33,1,25.59,-99.99,MEX
C1054,Individual,Male,USA,Arizona,Personal Use,2,Yes,Website,36.323066392881586,35-44,3,837920.5800000001,279306.86000000004,318.5971653034283,879.3433333333332,0.3333333333333333,3,2024-07-01,2025-11-01,16.0,Arizona,1,0,0,1,S4,Domestic Financed Home Buyers,S4 - Domestic Financed Home Buyers,S4,1,0.2173262337104564,-0.7571014446085536,0.25311321022664907,1,1,1,2,9,1,1,34.05,-111.09,USA
C1055,Individual,Male,USA,New York,Investment,2,Yes,Website,53.111567419575636,45-54,3,811498.78,270499.5933333333,287.2751317727363,926.3966666666666,0.3333333333333333,3,2025-01-01,2025-08-01,7.0,New York,1,0,1,1,S2,Domestic Investors,S2 - Domestic Investors,S2,1,0.07400750493826112,-1.0393938551252793,0.19255735400795737,1,0,1,2,9,27,1,43.0,-75.0,USA
C1056,Individual,Male,USA,Colorado,Personal Use,1,Yes,Website,46.94866529774127,45-54,3,1436352.77,478784.25666666665,273.1451540331124,1754.9366666666667,0.3333333333333333,3,2024-04-01,2025-02-01,10.1,Colorado,1,0,0,1,S4,Domestic Financed Home Buyers,S4 - Domestic Financed Home Buyers,S4,1,0.2129944547093117,-0.7604909966468892,0.2368449638466591,1,1,1,2,9,11,1,39.55,-105.78,USA
C1057,Individual,Male,USA,Nevada,Investment,5,No,Website,31.707049965776864,<35,4,1430593.53,357648.3825,284.0846420812627,1301.4,0.0,4,2024-03-01,2025-02-01,11.1,Nevada,1,0,1,0,S2,Domestic Investors,S2 - Domestic Investors,S2,1,0.13013576051028225,0.3211683656781776,0.2584868091190622,1,0,0,2,9,25,1,38.8,-116.42,USA
C1058,Individual,Female,Germany,Bavaria,Personal Use,3,Yes,Website,52.55304585900068,45-54,4,1526007.8199999998,381501.95499999996,320.5533224872499,1190.4075,0.25,4,2024-06-01,2025-12-01,18.0,International,0,0,0,1,S3,International Buyers,S3 - International Buyers,S3,1,0.05255360970291589,-0.9055797004852362,1.1745644670519069,1,1,1,2,5,3,0,48.79,11.5,DEU
C1059,Individual,Female,USA,California,Personal Use,4,No,Website,47.51540041067762,45-54,3,1266979.76,422326.58666666667,298.61536509265187,1422.97,0.6666666666666666,3,2024-12-01,2025-11-01,11.0,California,1,0,0,0,S1,Domestic Cash Home Buyers,S1 - Domestic Cash Home Buyers,S1,1,0.2648237385051925,0.6721313813261773,0.06351984988068271,1,1,0,2,9,8,0,36.78,-119.42,USA
C1060,Individual,Male,USA,Nevada,Personal Use,5,No,Agency,85.01574264202601,65+,3,1167625.18,389208.3933333333,292.84046366410996,1321.5033333333333,0.0,3,2024-06-01,2025-11-01,17.0,Nevada,1,0,0,0,S1,Domestic Cash Home Buyers,S1 - Domestic Cash Home Buyers,S1,1,0.19538632576365483,0.6015151409017441,-0.6851482802718161,1,1,0,0,9,25,1,38.8,-116.42,USA
C1061,Individual,Female,UK,Scotland,Personal Use,1,No,Website,65.58247775496235,65+,4,1689767.29,422441.8225,295.5438986749776,1422.9925,0.0,4,2024-03-01,2025-07-01,16.0,International,0,0,0,0,S3,International Buyers,S3 - International Buyers,S3,1,0.12178925977943936,0.4688217071164941,1.3113229145190612,1,1,0,2,8,43,0,56.49,-4.2,GBR
C1062,Individual,Male,USA,California,Personal Use,4,No,Agency,50.03148528405202,45-54,4,1766882.53,441720.6325,310.5227475029277,1406.6075,0.0,4,2024-02-01,2024-08-01,6.0,California,1,0,0,0,S1,Domestic Cash Home Buyers,S1 - Domestic Cash Home Buyers,S1,1,0.25617921339854255,0.6578485361828468,-0.9494295372451467,1,1,0,0,9,8,1,36.78,-119.42,USA
C1063,Individual,Female,USA,New York,Investment,5,Yes,Website,37.07049965776865,35-44,3,1315820.94,438606.98,331.43911501254087,1354.2933333333333,0.3333333333333333,3,2024-03-01,2024-11-01,8.0,New York,1,0,1,1,S2,Domestic Investors,S2 - Domestic Investors,S2,1,0.07372383544228003,-1.0428891106270333,0.19573650954006122,1,0,1,2,9,27,0,43.0,-75.0,USA
C1064,Individual,Male,USA,California,Personal Use,5,Yes,Website,80.40246406570841,65+,3,695434.77,231811.59,280.86082373635776,883.7466666666668,0.3333333333333333,3,2024-01-01,2025-12-01,23.0,California,1,0,0,1,S4,Domestic Financed Home Buyers,S4 - Domestic Financed Home Buyers,S4,1,0.24959150227518342,-0.694720103236487,-0.024982256130859026,1,1,1,2,9,8,1,36.78,-119.42,USA
C1065,Individual,Male,USA,Georgia,Personal Use,3,Yes,Client,70.98425735797399,65+,3,1107631.34,369210.4466666667,291.9173313852005,1263.5766666666666,0.0,3,2024-06-01,2025-04-01,10.0,US - Other,1,0,0,1,S4,Domestic Financed Home Buyers,S4 - Domestic Financed Home Buyers,S1,0,0.18186324812127405,-0.7717466252075027,-0.29874910450743836,1,1,1,1,9,15,1,32.16,-82.9,USA
C1066,Individual,Female,Australia,Victoria,Personal Use,1,No,Website,84.27652292950035,65+,4,1208868.77,302217.1925,301.5513813972149,990.9875000000001,0.25,4,2024-04-01,2025-12-01,20.0,International,0,0,0,0,S3,International Buyers,S3 - International Buyers,S3,1,0.08727210172500086,0.48991763903276914,1.235309930779292,1,1,0,2,0,49,0,-36.85,144.28,AUS
C1067,Individual,Male,Mexico,Jalisco,Investment,4,No,Agency,83.0198494182067,65+,3,849001.36,283000.4533333333,315.0468330999723,904.0466666666667,0.3333333333333333,3,2024-08-01,2025-04-01,8.0,International,0,0,1,0,S3,International Buyers,S3 - International Buyers,S3,1,0.06328634444121949,0.1773236210090166,0.15039768326156522,1,0,0,0,6,19,1,20.66,-103.35,MEX
C1068,Individual,Female,USA,California,Personal Use,3,No,Agency,41.889117043121146,35-44,3,1403831.31,467943.77,289.7214368698945,1609.0333333333335,0.3333333333333333,3,2024-01-01,2025-11-01,22.0,California,1,0,0,0,S1,Domestic Cash Home Buyers,S1 - Domestic Cash Home Buyers,S1,1,0.25375071136480826,0.6549126442353848,-0.9491518709474651,1,1,0,0,9,8,0,36.78,-119.42,USA
C1069,Individual,Male,USA,Virginia,Personal Use,3,Yes,Agency,33.549623545516766,<35,3,1323760.8399999999,441253.6133333333,303.44639679224434,1413.0600000000002,0.0,3,2024-05-01,2025-06-01,13.0,Virginia,1,0,0,1,S4,Domestic Financed Home Buyers,S4 - Domestic Financed Home Buyers,S4,1,0.19154036764225327,-0.7700911258366152,-0.7532401356351239,1,1,1,0,9,50,1,37.43,-78.66,USA
C1070,Individual,Female,Germany,Bavaria,Personal Use,5,No,Agency,74.5160848733744,65+,3,1286265.1400000001,428755.0466666667,291.8865314648721,1471.8999999999999,0.0,3,2024-01-01,2025-11-01,22.0,International,0,0,0,0,S3,International Buyers,S3 - International Buyers,S3,1,0.07908242128299166,0.45721670066734804,0.24921083585738135,1,1,0,0,5,3,0,48.79,11.5,DEU
C1071,Individual,Male,USA,Texas,Personal Use,2,No,Agency,59.389459274469544,55-64,4,1047375.62,261843.905,294.39774298838563,874.6275,0.25,4,2024-02-01,2025-02-01,12.0,Texas,1,0,0,0,S1,Domestic Cash Home Buyers,S1 - Domestic Cash Home Buyers,S1,1,0.2000572324181335,0.6105384061955452,-0.6672988252595076,1,1,0,0,9,47,1,31.97,-99.9,USA
C1072,Individual,Female,USA,Utah,Personal Use,3,No,Agency,63.559206023271734,55-64,3,829884.93,276628.31,288.56963894241676,979.0866666666667,0.0,3,2024-02-01,2025-11-01,21.0,Utah,1,0,0,0,S1,Domestic Cash Home Buyers,S1 - Domestic Cash Home Buyers,S1,1,0.20455597684257648,0.6085015891332639,-0.6728162695237256,1,1,0,0,9,48,0,39.32,-111.09,USA
C1073,Individual,Male,USA,California,Investment,2,No,Website,70.4996577686516,65+,4,1197808.83,299452.2075,315.7428127942344,952.0525,0.0,4,2024-06-01,2025-08-01,14.0,California,1,0,1,0,S2,Domestic Investors,S2 - Domestic Investors,S2,1,0.1647238763979156,0.3943601422932887,-0.010750705919116643,1,0,0,2,9,8,1,36.78,-119.42,USA
C1074,Individual,Male,UK,Northern Ireland,Personal Use,1,No,Website,71.47707049965777,65+,3,1004700.45,334900.14999999997,306.02898987266514,1092.5400000000002,0.3333333333333333,3,2024-05-01,2025-06-01,13.0,International,0,0,0,0,S3,International Buyers,S3 - International Buyers,S3,1,0.12229947387846159,0.4686889926307591,1.3105998769297769,1,1,0,2,8,31,1,54.79,-6.49,GBR
C1075,Individual,Female,Mexico,Baja California,Personal Use,3,No,Website,50.86926762491444,45-54,4,1178400.08,294600.02,291.1346820030751,984.9525,0.5,4,2024-10-01,2025-08-01,10.0,International,0,0,0,0,S3,International Buyers,S3 - International Buyers,S3,1,0.09375020934396654,0.4718136770659624,1.236661433110153,1,1,0,2,6,2,0,30.84,-115.28,MEX
C1076,Individual,Female,USA,Florida,Investment,3,No,Agency,45.17453798767967,45-54,3,884169.44,294723.14666666667,303.95564128129627,976.8166666666666,0.0,3,2024-01-01,2025-05-01,16.0,Florida,1,0,1,0,S2,Domestic Investors,S2 - Domestic Investors,S2,1,0.1194095730880475,0.32311233937882816,-0.7369248608332524,1,0,0,0,9,14,0,27.66,-81.52,USA
C1077,Individual,Male,USA,Texas,Investment,2,No,Agency,43.81930184804928,35-44,4,1467449.24,366862.31,300.2193199381815,1245.935,0.25,4,2024-11-01,2025-07-01,8.0,Texas,1,0,1,0,S2,Domestic Investors,S2 - Domestic Investors,S2,1,0.12713816047007445,0.32236002322401575,-0.7380756415049479,1,0,0,0,9,47,1,31.97,-99.9,USA
C1078,Individual,Male,USA,Ohio,Personal Use,1,No,Agency,85.44284736481862,65+,3,1247337.58,415779.19333333336,317.94679041186913,1303.7766666666666,0.0,3,2024-03-01,2025-08-01,17.0,US - Other,1,0,0,0,S1,Domestic Cash Home Buyers,S1 - Domestic Cash Home Buyers,S1,1,0.18617513722378157,0.6102447840929157,-0.6710136846104411,1,1,0,0,9,35,1,40.42,-82.91,USA
C1079,Individual,Male,USA,California,Investment,4,Yes,Website,66.53524982888433,65+,3,1151228.31,383742.77,285.64249887077904,1336.61,0.0,3,2024-08-01,2025-08-01,12.0,California,1,0,1,1,S2,Domestic Investors,S2 - Domestic Investors,S2,1,0.097448779215152,-0.9813778283370589,-0.09485365878678209,1,0,1,2,9,8,1,36.78,-119.42,USA
C1080,Individual,Female,UK,England,Investment,4,No,Agency,69.23477070499658,65+,4,1594795.52,398698.88,282.1009486357786,1425.28,0.0,4,2024-03-01,2025-04-01,13.0,International,0,0,1,0,S3,International Buyers,S3 - International Buyers,S3,1,0.0871581397703178,0.1673729714773055,0.22593625762369585,1,0,0,0,8,12,0,52.36,-1.17,GBR
C1081,Corporate,Male,Russia,Novosibirsk,Personal Use,4,Yes,Agency,51.31279945242984,45-54,3,1006584.7,335528.23333333334,279.70752797696326,1203.39,0.0,3,2024-04-01,2024-12-01,8.0,International,0,0,0,1,S3,International Buyers,S3 - International Buyers,S1,0,0.020042692158388525,-0.9355614380699315,0.13010262371246878,0,1,1,0,7,32,1,55.03,82.92,RUS
C1082,Individual,Female,USA,Oregon,Investment,5,Yes,Website,32.903490759753595,<35,3,829499.85,276499.95,292.43153921750064,953.1133333333333,0.0,3,2024-03-01,2024-12-01,9.0,Oregon,1,0,1,1,S2,Domestic Investors,S2 - Domestic Investors,S2,1,0.08030944243738469,-1.0602118274075079,0.178471540582855,1,0,1,2,9,37,0,43.8,-120.55,USA
C1083,Individual,Female,USA,Colorado,Investment,4,No,Agency,75.23613963039014,65+,4,1145122.1,286280.525,299.9984868272559,939.4875,0.25,4,2024-02-01,2025-03-01,12.9,Colorado,1,0,1,0,S2,Domestic Investors,S2 - Domestic Investors,S2,1,0.1305331596463725,0.31835592584641453,-0.7650119172710164,1,0,0,0,9,11,0,39.55,-105.78,USA
C1084,Individual,Female,France,Ile-de-France,Personal Use,4,No,Agency,36.42984257357974,35-44,4,1357921.15,339480.2875,303.3563463175702,1136.6925,0.25,4,2024-06-01,2025-10-01,16.0,International,0,0,0,0,S3,International Buyers,S3 - International Buyers,S3,1,0.08395456167759753,0.44783020712754246,0.24726073398707898,1,1,0,0,4,18,0,48.85,2.35,FRA
C1085,Individual,Female,Australia,Queensland,Investment,1,No,Client,78.20396988364134,65+,3,797675.03,265891.6766666667,273.38861448511835,994.8266666666667,0.0,3,2024-10-01,2025-08-01,10.0,International,0,0,1,0,S3,International Buyers,S3 - International Buyers,S3,1,0.05944681213796796,0.18286019434734563,0.6087847855375003,1,0,0,1,0,41,0,-20.92,142.7,AUS
C1086,Individual,Male,USA,Colorado,Personal Use,1,Yes,Website,69.83436002737851,65+,4,1339827.27,334956.8175,332.96019753387134,1030.21,0.25,4,2024-10-01,2025-11-01,13.0,Colorado,1,0,0,1,S4,Domestic Financed Home Buyers,S4 - Domestic Financed Home Buyers,S4,1,0.218181435256839,-0.7549292174030673,0.2337939165239924,1,1,1,2,9,11,1,39.55,-105.78,USA
C1087,Individual,Male,USA,Colorado,Personal Use,3,No,Website,41.99315537303217,35-44,4,1878433.21,469608.3025,297.17530966468473,1575.1075,0.0,4,2024-09-01,2025-12-01,15.0,Colorado,1,0,0,0,S1,Domestic Cash Home Buyers,S1 - Domestic Cash Home Buyers,S1,1,0.22438700283257834,0.6137301191468669,0.324781087523356,1,1,0,2,9,11,1,39.55,-105.78,USA
C1088,Individual,Male,USA,Utah,Personal Use,4,Yes,Agency,27.263518138261464,<35,3,802271.19,267423.73,298.33613271119646,883.7466666666666,0.0,3,2024-04-01,2025-04-01,12.0,Utah,1,0,0,1,S4,Domestic Financed Home Buyers,S4 - Domestic Financed Home Buyers,S4,1,0.1948890551212835,-0.774722632614693,-0.7569709227128749,1,1,1,0,9,48,1,39.32,-111.09,USA
C1089,Individual,Female,USA,Utah,Personal Use,1,Yes,Website,63.28815879534565,55-64,4,959344.08,239836.02,293.88221582972517,828.375,0.25,4,2025-01-01,2025-12-01,11.0,Utah,1,0,0,1,S4,Domestic Financed Home Buyers,S4 - Domestic Financed Home Buyers,S4,1,0.21232023878244277,-0.7491913117367226,0.2510859706639829,1,1,1,2,9,48,0,39.32,-111.09,USA
C1090,Individual,Female,Canada,Alberta,Personal Use,3,Yes,Client,63.31553730321698,55-64,3,1217272.58,405757.5266666667,287.55351459580817,1396.0966666666666,0.3333333333333333,3,2024-03-01,2025-04-01,13.0,International,0,0,0,1,S3,International Buyers,S3 - International Buyers,S3,1,0.04611500946894113,-0.9288362151063625,0.6344502598257316,1,1,1,1,2,0,0,53.93,-116.58,CAN
C1091,Individual,Male,USA,Nevada,Personal Use,1,Yes,Agency,41.445585215605746,35-44,3,741797.49,247265.83,289.5807889521602,853.6566666666668,0.0,3,2024-03-01,2025-06-01,15.0,Nevada,1,0,0,1,S4,Domestic Financed Home Buyers,S4 - Domestic Financed Home Buyers,S4,1,0.19602029224004922,-0.7834074553028209,-0.771710195217306,1,1,1,0,9,25,1,38.8,-116.42,USA
C1092,Individual,Male,USA,Oregon,Investment,2,No,Website,29.100616016427104,<35,3,1213248.05,404416.01666666666,290.88400827499936,1452.2633333333333,0.0,3,2025-02-01,2025-04-01,1.9,Oregon,1,0,1,0,S2,Domestic Investors,S2 - Domestic Investors,S2,1,0.1334839565876395,0.3142339929952523,0.2649899955964935,1,0,0,2,9,37,1,43.8,-120.55,USA
C1093,Individual,Male,USA,Oregon,Personal Use,1,Yes,Website,45.46748802190281,45-54,3,805402.8300000001,268467.61000000004,297.64989318099333,900.46,0.3333333333333333,3,2024-01-01,2025-06-01,17.0,Oregon,1,0,0,1,S4,Domestic Financed Home Buyers,S4 - Domestic Financed Home Buyers,S4,1,0.21848667200851124,-0.7725996182666279,0.24714497145932687,1,1,1,2,9,37,1,43.8,-120.55,USA
C1094,Individual,Female,USA,Washington,Personal Use,2,Yes,Website,65.88364134154689,65+,4,1631407.56,407851.89,321.910050441513,1273.5475000000001,0.25,4,2024-05-01,2025-06-01,13.0,Washington,1,0,0,1,S4,Domestic Financed Home Buyers,S4 - Domestic Financed Home Buyers,S4,1,0.21953166791856232,-0.754238327950117,0.2583047537103662,1,1,1,2,9,53,0,47.75,-120.74,USA
C1095,Individual,Female,USA,California,Personal Use,3,No,Agency,85.84531143052703,65+,4,1454366.24,363591.56,287.07973244706454,1264.0125,0.0,4,2024-01-01,2024-11-01,10.0,California,1,0,0,0,S1,Domestic Cash Home Buyers,S1 - Domestic Cash Home Buyers,S1,1,0.24819171619722555,0.6661856118550744,-0.9525225661001266,1,1,0,0,9,8,0,36.78,-119.42,USA
C1096,Individual,Female,USA,New York,Personal Use,2,No,Client,60.616016427104725,55-64,4,1756661.91,439165.4775,324.96820599709486,1339.695,0.0,4,2024-04-01,2025-09-01,17.0,New York,1,0,0,0,S1,Domestic Cash Home Buyers,S1 - Domestic Cash Home Buyers,S1,1,0.17664854799452498,0.6030596476701904,-0.204256579380323,1,1,0,1,9,27,0,43.0,-75.0,USA
C1097,Individual,Female,Canada,Alberta,Personal Use,3,Yes,Agency,63.460643394934976,55-64,3,1064342.81,354780.9366666667,318.3470635810819,1162.6166666666666,0.0,3,2024-10-01,2025-12-01,14.0,International,0,0,0,1,S3,International Buyers,S3 - International Buyers,S3,1,0.05279762386766269,-0.9245205450895444,0.1777857164228372,1,1,1,0,2,0,0,53.93,-116.58,CAN
C1098,Individual,Male,USA,California,Investment,3,No,Client,49.1854893908282,45-54,3,1187774.23,395924.74333333335,309.5473952289038,1290.0866666666668,0.3333333333333333,3,2024-02-01,2025-08-01,18.0,California,1,0,1,0,S2,Domestic Investors,S2 - Domestic Investors,S1,0,0.13310190738968836,0.3677516286816232,-0.5647504631498281,1,0,0,1,9,8,1,36.78,-119.42,USA
C1099,Individual,Female,USA,Colorado,Personal Use,3,No,Agency,53.51403148528405,45-54,4,1426501.12,356625.28,309.2715698339898,1153.0825,0.25,4,2024-03-01,2025-12-01,21.0,Colorado,1,0,0,0,S1,Domestic Cash Home Buyers,S1 - Domestic Cash Home Buyers,S1,1,0.20604797880658074,0.5985910164542723,-0.6912514639747531,1,1,0,0,9,11,0,39.55,-105.78,USA
C1100,Individual,Male,Russia,Novosibirsk,Personal Use,1,No,Website,85.63175906913074,65+,4,1314225.5899999999,328556.39749999996,310.0783216572116,1042.1725000000001,0.0,4,2024-01-01,2025-07-01,18.0,International,0,0,0,0,S3,International Buyers,S3 - International Buyers,S3,1,0.08788065582999684,0.488018682587346,1.2368743977679915,1,1,0,2,7,32,1,55.03,82.92,RUS
C1101,Individual,Male,Belgium,Flanders,Personal Use,5,No,Website,61.99315537303217,55-64,4,1037914.4299999999,259478.60749999998,301.7278462138911,868.5725,0.0,4,2024-01-01,2025-02-01,13.0,International,0,0,0,0,S3,International Buyers,S3 - International Buyers,S3,1,0.09345440830840933,0.48733581608044435,1.2458715259703612,1,1,0,2,1,13,1,51.05,4.48,BEL
C1102,Corporate,Male,Germany,Berlin,Personal Use,2,No,Agency,65.65366187542779,65+,4,1248456.03,312114.0075,317.67184899825617,993.0625,0.0,4,2024-02-01,2025-12-01,22.0,International,0,0,0,0,S3,International Buyers,S3 - International Buyers,S3,1,0.06008006028151034,0.4321831851458889,0.23600510871404595,0,1,0,0,5,4,1,52.52,13.4,DEU
C1103,Individual,Male,Belgium,Wallonia,Personal Use,4,No,Agency,64.67898699520876,55-64,4,1206840.81,301710.2025,305.2775463875523,997.415,0.25,4,2024-03-01,2025-08-01,17.0,International,0,0,0,0,S3,International Buyers,S3 - International Buyers,S3,1,0.08058905370405575,0.4708144400485486,0.2307456361226113,1,1,0,0,1,52,1,50.41,4.44,BEL
C1104,Individual,Male,USA,Utah,Investment,5,Yes,Website,27.211498973305954,<35,3,893996.19,297998.73,291.7482554350695,1025.0133333333333,0.0,3,2024-06-01,2025-05-01,11.0,Utah,1,0,1,1,S2,Domestic Investors,S2 - Domestic Investors,S2,1,0.07559901093223426,-1.0427486199410567,0.1852015454276888,1,0,1,2,9,48,1,39.32,-111.09,USA
C1105,Individual,Male,USA,Nevada,Personal Use,3,Yes,Website,85.96303901437372,65+,4,1623510.31,405877.5775,293.87506553912937,1365.9450000000002,0.0,4,2024-05-01,2024-09-01,4.0,Nevada,1,0,0,1,S4,Domestic Financed Home Buyers,S4 - Domestic Financed Home Buyers,S4,1,0.22293580278896538,-0.7550597228957939,0.23986249395041803,1,1,1,2,9,25,1,38.8,-116.42,USA
C1106,Individual,Male,USA,California,Personal Use,1,No,Agency,43.62765229295003,35-44,3,773499.85,257833.28333333333,307.9397570403658,842.68,0.0,3,2024-06-01,2025-08-01,14.0,California,1,0,0,0,S1,Domestic Cash Home Buyers,S1 - Domestic Cash Home Buyers,S1,1,0.23717028204057242,0.6555069724515732,-0.9500359630460808,1,1,0,0,9,8,1,36.78,-119.42,USA
C1107,Individual,Male,Canada,British Columbia,Personal Use,1,No,Website,77.96030116358658,65+,3,1156527.59,385509.1966666667,301.14564940979614,1268.0466666666669,0.0,3,2024-05-01,2024-09-01,4.0,International,0,0,0,0,S3,International Buyers,S3 - International Buyers,S3,1,0.11022781049963229,0.47064297876343925,1.2769514171311716,1,1,0,2,2,5,1,53.73,-127.65,CAN
C1108,Individual,Female,Australia,South Australia,Personal Use,4,No,Website,31.967145790554415,<35,3,1069904.1,356634.7,294.7851453769064,1238.36,0.0,3,2025-04-01,2025-09-01,5.0,International,0,0,0,0,S3,International Buyers,S3 - International Buyers,S3,1,0.09539838273244514,0.4775204670999352,1.2423462694347431,1,1,0,2,0,44,0,-30.0,136.21,AUS
C1109,Individual,Female,USA,California,Personal Use,1,Yes,Client,58.32169746748802,55-64,4,1756965.37,439241.3425,301.4131185315214,1458.93,0.25,4,2024-01-01,2024-10-01,9.0,California,1,0,0,1,S4,Domestic Financed Home Buyers,S4 - Domestic Financed Home Buyers,S1,0,0.20829242795598152,-0.7185638719215809,-0.58142375719454,1,1,1,1,9,8,0,36.78,-119.42,USA
C1110,Individual,Male,USA,New York,Personal Use,5,Yes,Website,48.63791923340178,45-54,4,1445458.33,361364.5825,318.9166393822343,1152.9099999999999,0.5,4,2024-04-01,2025-11-01,19.0,New York,1,0,0,1,S4,Domestic Financed Home Buyers,S4 - Domestic Financed Home Buyers,S4,1,0.20021045848100197,-0.7554000774844936,0.265239691220922,1,1,1,2,9,27,1,43.0,-75.0,USA
C1111,Corporate,Male,USA,California,Personal Use,4,Yes,Website,58.93771389459275,55-64,3,885146.14,295048.7133333333,323.9129182993204,897.3100000000001,0.0,3,2024-03-01,2024-10-01,7.0,California,1,0,0,1,S4,Domestic Financed Home Buyers,S4 - Domestic Financed Home Buyers,S1,0,0.17844111439411658,-0.7218863302482469,-0.033161890766571056,0,1,1,2,9,8,1,36.78,-119.42,USA
C1112,Individual,Male,USA,Nevada,Investment,3,Yes,Website,43.98631074606434,35-44,3,961599.4199999999,320533.13999999996,326.2803977244216,975.9433333333333,0.3333333333333333,3,2024-02-01,2025-07-01,17.0,Nevada,1,0,1,1,S2,Domestic Investors,S2 - Domestic Investors,S2,1,0.08887659142855511,-1.051496015293148,0.16984623662510911,1,0,1,2,9,25,1,38.8,-116.42,USA
C1113,Individual,Female,USA,Texas,Investment,2,No,Client,51.370294318959616,45-54,4,1162770.88,290692.72,304.61097821969054,942.0350000000001,0.25,4,2024-01-01,2025-11-01,22.0,Texas,1,0,1,0,S2,Domestic Investors,S2 - Domestic Investors,S1,0,0.11367545875873687,0.32012476350963853,-0.28142060243882056,1,0,0,1,9,47,0,31.97,-99.9,USA
C1114,Individual,Female,USA,California,Personal Use,3,No,Website,33.90554414784394,<35,3,872825.73,290941.91,268.4954114712071,1072.7266666666667,0.0,3,2024-02-01,2024-10-01,8.0,California,1,0,0,0,S1,Domestic Cash Home Buyers,S1 - Domestic Cash Home Buyers,S1,1,0.2840715136366881,0.6700422346252985,0.06559832446599612,1,1,0,2,9,8,0,36.78,-119.42,USA
C1115,Individual,Male,USA,Colorado,Personal Use,3,Yes,Agency,52.186173853524984,45-54,3,1054599.19,351533.0633333333,316.35871256065496,1108.9966666666667,0.0,3,2025-01-01,2025-06-01,5.0,Colorado,1,0,0,1,S4,Domestic Financed Home Buyers,S4 - Domestic Financed Home Buyers,S4,1,0.21513585743876437,-0.7760692546440929,-0.7759872573282229,1,1,1,0,9,11,1,39.55,-105.78,USA
C1116,Individual,Female,USA,California,Personal Use,1,Yes,Agency,34.039698836413415,<35,3,766951.9500000001,255650.65000000002,291.23958841858274,879.3433333333332,0.3333333333333333,3,2024-03-01,2025-02-01,11.1,California,1,0,0,1,S4,Domestic Financed Home Buyers,S4 - Domestic Financed Home Buyers,S4,1,0.2293303514264851,-0.7219981304649475,-1.0374451216291969,1,1,1,0,9,8,0,36.78,-119.42,USA
C1117,Individual,Female,Mexico,Mexico City,Personal Use,5,Yes,Website,70.85284052019165,65+,4,1149629.49,287407.3725,280.3384349684571,1047.99,0.25,4,2024-02-01,2025-09-01,19.0,International,0,0,0,1,S3,International Buyers,S3 - International Buyers,S3,1,0.03829174900662928,-0.897611333444611,1.1501613901139813,1,1,1,2,6,23,0,19.43,-99.13,MEX
C1118,Corporate,Male,UK,Scotland,Investment,2,Yes,Website,56.681724845995895,55-64,3,859368.99,286456.33,290.7041020975858,983.3166666666666,0.0,3,2024-02-01,2024-09-01,7.0,International,0,0,1,1,S3,International Buyers,S3 - International Buyers,S1,0,0.07075908977507465,-1.2171027211466527,1.1428723244238208,0,0,1,2,8,43,1,56.49,-4.2,GBR
C1119,Individual,Male,USA,Oregon,Personal Use,1,Yes,Website,84.79945242984257,65+,3,938703.6599999999,312901.22,327.5590450489572,949.9033333333333,0.0,3,2024-06-01,2025-01-01,7.0,Oregon,1,0,0,1,S4,Domestic Financed Home Buyers,S4 - Domestic Financed Home Buyers,S4,1,0.21387909180349718,-0.762303780566296,0.24601448665939982,1,1,1,2,9,37,1,43.8,-120.55,USA
C1120,Individual,Female,USA,Arizona,Personal Use,1,No,Website,46.46132785763176,45-54,4,1371211.29,342802.8225,312.88671385451624,1123.6174999999998,0.0,4,2024-06-01,2025-02-01,8.0,Arizona,1,0,0,0,S1,Domestic Cash Home Buyers,S1 - Domestic Cash Home Buyers,S1,1,0.2150251043483646,0.6213699336321463,0.33919416827020277,1,1,0,2,9,1,0,34.05,-111.09,USA
C1121,Individual,Female,USA,California,Personal Use,1,No,Client,40.580424366872,35-44,3,1014661.78,338220.5933333333,291.2511892427533,1124.5,0.3333333333333333,3,2024-05-01,2024-12-01,7.0,California,1,0,0,0,S1,Domestic Cash Home Buyers,S1 - Domestic Cash Home Buyers,S1,1,0.19941039769203822,0.6506935427272531,-0.4929387199432656,1,1,0,1,9,8,0,36.78,-119.42,USA
C1122,Individual,Female,USA,California,Personal Use,4,No,Website,83.24161533196441,65+,4,1558949.2,389737.3,318.8516883734127,1208.8775,0.0,4,2024-01-01,2025-11-01,22.0,California,1,0,0,0,S1,Domestic Cash Home Buyers,S1 - Domestic Cash Home Buyers,S1,1,0.27860873591964574,0.6824575682851202,0.06213310468166566,1,1,0,2,9,8,0,36.78,-119.42,USA
C1123,Individual,Male,USA,Virginia,Personal Use,5,No,Agency,74.80903490759754,65+,3,1241771.44,413923.8133333333,323.27364041661014,1283.7066666666667,0.0,3,2024-02-01,2025-12-01,22.0,Virginia,1,0,0,0,S1,Domestic Cash Home Buyers,S1 - Domestic Cash Home Buyers,S1,1,0.19981452472230102,0.6138100016713328,-0.6683039263014421,1,1,0,0,9,50,1,37.43,-78.66,USA
C1124,Individual,Female,USA,Oregon,Investment,5,Yes,Website,49.90554414784394,45-54,4,1272190.01,318047.5025,306.10616888588527,1040.8899999999999,0.0,4,2024-05-01,2025-03-01,10.0,Oregon,1,0,1,1,S2,Domestic Investors,S2 - Domestic Investors,S2,1,0.08074543872144699,-1.0555469564034443,0.1764029815627666,1,0,1,2,9,37,0,43.8,-120.55,USA
C1125,Individual,Male,USA,Oregon,Personal Use,3,No,Agency,84.90622861054072,65+,3,1186907.08,395635.69333333336,307.51701187478665,1332.34,0.6666666666666666,3,2024-10-01,2025-09-01,11.0,Oregon,1,0,0,0,S1,Domestic Cash Home Buyers,S1 - Domestic Cash Home Buyers,S1,1,0.18580435624150632,0.5938164633612046,-0.6820759305714579,1,1,0,0,9,37,1,43.8,-120.55,USA
C1126,Corporate,Male,USA,Virginia,Personal Use,1,Yes,Website,42.87200547570158,35-44,3,893488.2,297829.39999999997,292.2085361059286,1015.9399999999999,0.3333333333333333,3,2024-03-01,2024-07-01,4.0,Virginia,1,0,0,1,S4,Domestic Financed Home Buyers,S4 - Domestic Financed Home Buyers,S1,0,0.14730414531687547,-0.7753359204411633,0.24667763515043634,0,1,1,2,9,50,1,37.43,-78.66,USA
C1127,Individual,Female,UK,England,Investment,1,No,Website,82.54620123203286,65+,3,838728.4,279576.13333333336,300.49428607077675,932.37,0.3333333333333333,3,2024-01-01,2025-10-01,21.0,International,0,0,1,0,S3,International Buyers,S3 - International Buyers,S3,1,0.10155459443206699,0.18610538554565487,1.2371734815744815,1,0,0,2,8,12,0,52.36,-1.17,GBR
C1128,Individual,Male,USA,California,Investment,1,No,Website,42.072553045859,35-44,3,1186634.53,395544.8433333333,296.58207301336256,1330.8533333333332,0.0,3,2024-06-01,2025-07-01,13.0,California,1,0,1,0,S2,Domestic Investors,S2 - Domestic Investors,S2,1,0.15733244321150275,0.3876886864663512,-0.007621472435269672,1,0,0,2,9,8,1,36.78,-119.42,USA
C1129,Individual,Female,USA,Colorado,Investment,5,No,Agency,80.32580424366871,65+,4,1463125.26,365781.315,289.99242072016574,1219.4375,0.0,4,2024-01-01,2025-04-01,15.0,Colorado,1,0,1,0,S2,Domestic Investors,S2 - Domestic Investors,S2,1,0.1224967387495293,0.3203535479193808,-0.7636204878589075,1,0,0,0,9,11,0,39.55,-105.78,USA
C1130,Individual,Female,USA,Arizona,Personal Use,5,No,Website,38.836413415468854,35-44,4,1326217.01,331554.2525,321.0255612779805,1009.23,0.5,4,2024-05-01,2025-10-01,17.0,Arizona,1,0,0,0,S1,Domestic Cash Home Buyers,S1 - Domestic Cash Home Buyers,S1,1,0.2138833887225822,0.6178846490149852,0.3396161094236245,1,1,0,2,9,1,0,34.05,-111.09,USA
C1131,Individual,Female,USA,California,Investment,3,No,Website,41.59342915811088,35-44,3,1210500.79,403500.26333333337,304.22771450311956,1317.7333333333333,0.0,3,2024-03-01,2024-10-01,7.0,California,1,0,1,0,S2,Domestic Investors,S2 - Domestic Investors,S2,1,0.1667251937630624,0.38736021573851603,-0.006703188923237069,1,0,0,2,9,8,0,36.78,-119.42,USA
C1132,Individual,Male,USA,New York,Personal Use,2,Yes,Website,43.94250513347023,35-44,3,1383901.27,461300.42333333334,316.1775561422482,1448.82,0.0,3,2025-04-01,2025-08-01,4.0,New York,1,0,0,1,S4,Domestic Financed Home Buyers,S4 - Domestic Financed Home Buyers,S4,1,0.21255797723565414,-0.755106091758561,0.26763491399037526,1,1,1,2,9,27,1,43.0,-75.0,USA
C1133,Individual,Male,USA,Oregon,Investment,3,No,Website,32.941820670773446,<35,4,1427019.92,356754.98,300.5105741068888,1210.7375000000002,0.0,4,2024-08-01,2025-11-01,15.0,Oregon,1,0,1,0,S2,Domestic Investors,S2 - Domestic Investors,S2,1,0.13679705673152465,0.3152920632532475,0.2637261807565078,1,0,0,2,9,37,1,43.8,-120.55,USA
C1134,Individual,Female,USA,California,Investment,1,No,Website,82.2258726899384,65+,4,1088583.78,272145.945,305.8142695003933,905.0375,0.5,4,2024-06-01,2025-12-01,18.0,California,1,0,1,0,S2,Domestic Investors,S2 - Domestic Investors,S2,1,0.14551229938198054,0.39597978719965005,-0.013822594551213152,1,0,0,2,9,8,0,36.78,-119.42,USA
C1135,Individual,Female,Russia,Moscow Oblast,Investment,5,Yes,Client,26.275154004106778,<35,3,1186082.75,395360.9166666667,310.18037672015083,1303.4733333333334,0.0,3,2024-04-01,2024-10-01,6.0,International,0,0,1,1,S3,International Buyers,S3 - International Buyers,S3,1,0.052831487666716005,-1.2067451804255709,0.5283338774293191,1,0,1,1,7,24,0,55.34,38.29,RUS
C1136,Individual,Female,USA,California,Personal Use,3,Yes,Agency,60.67898699520876,55-64,3,1016844.64,338948.2133333333,333.70262237392313,1023.8800000000001,0.3333333333333333,3,2024-03-01,2025-10-01,19.0,California,1,0,0,1,S4,Domestic Financed Home Buyers,S4 - Domestic Financed Home Buyers,S4,1,0.2557246298094195,-0.7155386500624584,-1.0378156387465098,1,1,1,0,9,8,0,36.78,-119.42,USA
C1137,Individual,Female,USA,Nevada,Personal Use,4,Yes,Agency,39.01984941820671,35-44,3,1114902.43,371634.1433333333,324.2515926101251,1140.1733333333334,0.0,3,2024-02-01,2025-10-01,20.0,Nevada,1,0,0,1,S4,Domestic Financed Home Buyers,S4 - Domestic Financed Home Buyers,S4,1,0.20137504292355654,-0.7837819207626918,-0.7695483881618612,1,1,1,0,9,25,0,38.8,-116.42,USA
C1138,Individual,Male,USA,Oregon,Personal Use,1,No,Website,61.35249828884326,55-64,3,840602.9199999999,280200.9733333333,295.5658414604464,952.0733333333334,0.0,3,2024-02-01,2024-03-01,1.0,Oregon,1,0,0,0,S1,Domestic Cash Home Buyers,S1 - Domestic Cash Home Buyers,S1,1,0.2054850787044101,0.6064448769880477,0.33420740973567764,1,1,0,2,9,37,1,43.8,-120.55,USA
C1139,Individual,Female,USA,California,Personal Use,4,Yes,Client,29.828884325804243,<35,3,1297382.59,432460.86333333334,309.4276922307376,1439.256666666667,0.3333333333333333,3,2024-08-01,2025-08-01,12.0,California,1,0,0,1,S4,Domestic Financed Home Buyers,S4 - Domestic Financed Home Buyers,S1,0,0.20568673699737125,-0.7263339917304587,-0.5773972391695983,1,1,1,1,9,8,0,36.78,-119.42,USA
C1140,Individual,Male,USA,Florida,Personal Use,1,Yes,Website,49.50034223134839,45-54,3,1275809.71,425269.9033333333,330.9722053529248,1277.2733333333333,0.3333333333333333,3,2025-01-01,2025-12-01,11.0,Florida,1,0,0,1,S4,Domestic Financed Home Buyers,S4 - Domestic Financed Home Buyers,S4,1,0.2027675629992786,-0.7484641067526243,0.260906985801895,1,1,1,2,9,14,1,27.66,-81.52,USA
C1141,Individual,Female,USA,Arizona,Investment,3,No,Website,25.930184804928132,<35,3,990242.33,330080.7766666667,303.3971991818051,1101.55,0.0,3,2024-02-01,2025-12-01,22.0,Arizona,1,0,1,0,S2,Domestic Investors,S2 - Domestic Investors,S2,1,0.1304664420657184,0.33081160997676257,0.2701381825956682,1,0,0,2,9,1,0,34.05,-111.09,USA
C1142,Individual,Female,USA,Colorado,Personal Use,2,Yes,Agency,77.80971937029432,65+,4,1492680.13,373170.0325,305.6875216980184,1222.37,0.0,4,2024-05-01,2024-12-01,7.0,Colorado,1,0,0,1,S4,Domestic Financed Home Buyers,S4 - Domestic Financed Home Buyers,S4,1,0.2094648246447645,-0.7693515633371094,-0.779183351854773,1,1,1,0,9,11,0,39.55,-105.78,USA
C1143,Individual,Male,USA,Arizona,Personal Use,2,Yes,Website,31.307323750855577,<35,3,1108329.67,369443.2233333333,279.2478375354422,1343.8166666666666,0.3333333333333333,3,2024-06-01,2025-10-01,16.0,Arizona,1,0,0,1,S4,Domestic Financed Home Buyers,S4 - Domestic Financed Home Buyers,S4,1,0.21519644479867112,-0.7579026350337577,0.25393721852266476,1,1,1,2,9,1,1,34.05,-111.09,USA
C1144,Individual,Female,USA,Georgia,Investment,4,No,Client,47.14031485284052,45-54,4,1244666.12,311166.53,302.4560159525921,1027.0725,0.0,4,2024-04-01,2024-09-01,5.0,US - Other,1,0,1,0,S2,Domestic Investors,S2 - Domestic Investors,S1,0,0.10896470157663131,0.3121893407520559,-0.2838171277083309,1,0,0,1,9,15,0,32.16,-82.9,USA
C1145,Individual,Male,USA,Nevada,Personal Use,5,No,Website,32.7419575633128,<35,3,1118850.31,372950.10333333333,290.8141502077893,1267.4066666666668,0.0,3,2024-05-01,2025-09-01,16.0,Nevada,1,0,0,0,S1,Domestic Cash Home Buyers,S1 - Domestic Cash Home Buyers,S1,1,0.21509151046656147,0.605984962931654,0.3320988057844919,1,1,0,2,9,25,1,38.8,-116.42,USA
C1146,Individual,Male,USA,California,Investment,2,No,Website,34.80082135523614,<35,3,1037824.43,345941.4766666667,301.5674926151485,1136.0866666666668,0.3333333333333333,3,2024-10-01,2025-10-01,12.0,California,1,0,1,0,S2,Domestic Investors,S2 - Domestic Investors,S2,1,0.16309188173819572,0.3848940575628626,-0.008107611641794077,1,0,0,2,9,8,1,36.78,-119.42,USA
C1147,Individual,Female,USA,Utah,Personal Use,3,No,Website,47.89048596851472,45-54,3,905314.84,301771.61333333334,283.68967137156125,1010.5300000000001,0.0,3,2024-09-01,2025-09-01,12.0,Utah,1,0,0,0,S1,Domestic Cash Home Buyers,S1 - Domestic Cash Home Buyers,S1,1,0.22775615742346017,0.6218236459924495,0.34229114814054057,1,1,0,2,9,48,0,39.32,-111.09,USA
C1148,Individual,Male,Australia,New South Wales,Personal Use,1,Yes,Agency,34.46406570841889,<35,3,1083677.57,361225.8566666667,294.26408327270445,1221.3833333333334,0.0,3,2024-09-01,2025-01-01,4.0,International,0,0,0,1,S3,International Buyers,S3 - International Buyers,S3,1,0.03083307186267432,-0.9128771118185102,0.14012140747866975,1,1,1,0,0,26,1,-31.25,146.92,AUS
C1149,Individual,Female,Russia,Tatarstan,Personal Use,3,No,Agency,45.82067077344285,45-54,4,1277449.99,319362.4975,304.88114561528886,1053.27,0.0,4,2024-06-01,2025-03-01,9.0,International,0,0,0,0,S3,International Buyers,S3 - International Buyers,S3,1,0.07899148740089117,0.46139057178644177,0.22631695600733892,1,1,0,0,7,46,0,55.18,50.73,RUS
C1150,Individual,Female,USA,Nevada,Investment,4,No,Agency,33.14442162902122,<35,3,1476970.3,492323.43333333335,318.31597010486763,1550.1266666666668,0.0,3,2024-02-01,2025-11-01,21.0,Nevada,1,0,1,0,S2,Domestic Investors,S2 - Domestic Investors,S2,1,0.1295696081521315,0.3047157833383372,-0.7541819851372864,1,0,0,0,9,25,0,38.8,-116.42,USA
C1151,Individual,Male,USA,Arizona,Investment,2,No,Website,62.04791238877481,55-64,4,1760000.3399999999,440000.08499999996,323.3665425556313,1350.2175,0.0,4,2024-06-01,2024-12-01,6.0,Arizona,1,0,1,0,S2,Domestic Investors,S2 - Domestic Investors,S2,1,0.1301338091568907,0.34033087828768654,0.2666686930223711,1,0,0,2,9,1,1,34.05,-111.09,USA
C1152,Individual,Male,USA,Georgia,Personal Use,1,No,Website,48.290212183436005,45-54,4,1654928.32,413732.08,305.277426135718,1374.585,0.0,4,2024-03-01,2025-05-01,14.0,US - Other,1,0,0,0,S1,Domestic Cash Home Buyers,S1 - Domestic Cash Home Buyers,S1,1,0.21108928170259417,0.6187922853697152,0.3441041950590118,1,1,0,2,9,15,1,32.16,-82.9,USA
C1153,Individual,Male,USA,California,Personal Use,1,No,Website,34.29705681040383,<35,3,1007630.0,335876.6666666667,284.8708308993425,1170.3533333333332,0.3333333333333333,3,2024-02-01,2025-09-01,19.0,California,1,0,0,0,S1,Domestic Cash Home Buyers,S1 - Domestic Cash Home Buyers,S1,1,0.261221275600991,0.6698113238927312,0.0638336567392862,1,1,0,2,9,8,1,36.78,-119.42,USA
C1154,Individual,Male,USA,Utah,Personal Use,5,Yes,Agency,69.47022587268994,65+,4,1373889.96,343472.49,296.23350884925514,1135.325,0.0,4,2024-04-01,2025-10-01,18.0,Utah,1,0,0,1,S4,Domestic Financed Home Buyers,S4 - Domestic Financed Home Buyers,S4,1,0.1945421732260049,-0.7640546866979947,-0.7600494318327247,1,1,1,0,9,48,1,39.32,-111.09,USA
C1155,Individual,Male,USA,California,Personal Use,5,No,Website,48.82956878850103,45-54,3,1577625.0,525875.0,314.40356525425926,1679.1066666666666,0.3333333333333333,3,2024-06-01,2025-11-01,17.0,California,1,0,0,0,S1,Domestic Cash Home Buyers,S1 - Domestic Cash Home Buyers,S1,1,0.2653988809816053,0.6733900511471331,0.06539580394505906,1,1,0,2,9,8,1,36.78,-119.42,USA
C1156,Individual,Female,USA,Virginia,Personal Use,4,No,Agency,69.62628336755647,65+,3,859956.66,286652.22000000003,287.8408123810682,1008.13,0.0,3,2024-05-01,2025-11-01,18.0,Virginia,1,0,0,0,S1,Domestic Cash Home Buyers,S1 - Domestic Cash Home Buyers,S1,1,0.20726947752613084,0.6121947098200029,-0.669049744058416,1,1,0,0,9,50,0,37.43,-78.66,USA
C1157,Individual,Male,Canada,Alberta,Investment,2,No,Website,81.160848733744,65+,4,894080.38,223520.095,310.20801691089594,716.4525,0.0,4,2024-02-01,2025-09-01,19.0,International,0,0,1,0,S3,International Buyers,S3 - International Buyers,S3,1,0.09966251965037015,0.18601206813792354,1.2025929908635307,1,0,0,2,2,0,1,53.93,-116.58,CAN
C1158,Individual,Female,USA,California,Investment,2,No,Website,70.62012320328542,65+,3,941360.29,313786.76333333337,311.26917145987926,972.0533333333333,0.3333333333333333,3,2024-04-01,2025-05-01,13.0,California,1,0,1,0,S2,Domestic Investors,S2 - Domestic Investors,S2,1,0.16421463490819152,0.3932455754714144,-0.010601874705082781,1,0,0,2,9,8,0,36.78,-119.42,USA
C1159,Individual,Male,USA,Nevada,Investment,1,Yes,Website,85.77138945927447,65+,3,1170550.92,390183.63999999996,334.37478955160805,1175.6833333333334,0.3333333333333333,3,2024-06-01,2025-09-01,15.0,Nevada,1,0,1,1,S2,Domestic Investors,S2 - Domestic Investors,S2,1,0.07361844631119988,-1.0410812728925498,0.1666388288258417,1,0,1,2,9,25,1,38.8,-116.42,USA
C1160,Individual,Male,USA,Florida,Personal Use,2,Yes,Website,45.1088295687885,45-54,4,1359425.8599999999,339856.46499999997,319.87916910180417,1101.9875,0.25,4,2024-06-01,2025-01-01,7.0,Florida,1,0,0,1,S4,Domestic Financed Home Buyers,S4 - Domestic Financed Home Buyers,S4,1,0.2126991523335749,-0.7493021184152874,0.26028608756767213,1,1,1,2,9,14,1,27.66,-81.52,USA
C1161,Individual,Male,Canada,Alberta,Investment,3,Yes,Website,31.88227241615332,<35,4,2022416.31,505604.0775,337.438142645512,1486.3274999999999,0.25,4,2024-01-01,2024-11-01,10.0,International,0,0,1,1,S3,International Buyers,S3 - International Buyers,S3,1,0.0901302578136835,-1.1996851060275093,1.1199384178042577,1,0,1,2,2,0,1,53.93,-116.58,CAN
C1162,Individual,Male,USA,California,Investment,2,No,Website,63.931553730321696,55-64,4,1116223.63,279055.9075,322.6787424380419,872.6800000000001,0.0,4,2024-02-01,2025-04-01,14.0,California,1,0,1,0,S2,Domestic Investors,S2 - Domestic Investors,S2,1,0.1662133994223358,0.39270632606621075,-0.010451149785621783,1,0,0,2,9,8,1,36.78,-119.42,USA
C1163,Individual,Male,USA,California,Personal Use,3,Yes,Website,27.1813826146475,<35,4,1202709.18,300677.295,274.5996436629596,1059.8375,0.5,4,2024-03-01,2025-07-01,16.0,California,1,0,0,1,S4,Domestic Financed Home Buyers,S4 - Domestic Financed Home Buyers,S4,1,0.2611463781231451,-0.7066666985715864,-0.023711458279952802,1,1,1,2,9,8,1,36.78,-119.42,USA
C1164,Individual,Female,Belgium,Wallonia,Personal Use,3,Yes,Agency,57.72210814510609,55-64,4,1315287.03,328821.7575,279.92191536959746,1169.615,0.5,4,2024-07-01,2025-12-01,17.0,International,0,0,0,1,S3,International Buyers,S3 - International Buyers,S3,1,0.031742711951867404,-0.9056238905713592,0.14319489980095085,1,1,1,0,1,52,0,50.41,4.44,BEL
C1165,Individual,Female,Russia,Moscow Oblast,Personal Use,1,No,Website,31.263518138261464,<35,3,970705.3999999999,323568.4666666666,302.49355231312893,1079.9266666666665,0.0,3,2025-03-01,2025-12-01,9.0,International,0,0,0,0,S3,International Buyers,S3 - International Buyers,S3,1,0.09303468788787655,0.47467335986116915,1.2415858447859487,1,1,0,2,7,24,0,55.34,38.29,RUS
C1166,Individual,Male,USA,New York,Investment,1,No,Website,34.12731006160164,<35,4,1163601.79,290900.4475,311.1239477513616,939.4875,0.0,4,2024-02-01,2024-11-01,9.0,New York,1,0,1,0,S2,Domestic Investors,S2 - Domestic Investors,S2,1,0.11734700195293574,0.3319946906311965,0.28028890005780155,1,0,0,2,9,27,1,43.0,-75.0,USA
C1167,Individual,Male,UK,Scotland,Personal Use,3,No,Website,58.03148528405202,55-64,3,1163104.83,387701.61000000004,322.91920266086953,1193.7733333333333,0.3333333333333333,3,2024-01-01,2025-08-01,19.0,International,0,0,0,0,S3,International Buyers,S3 - International Buyers,S3,1,0.13211566220725968,0.46546351824319193,1.3125837836415093,1,1,0,2,8,43,1,56.49,-4.2,GBR
C1168,Individual,Female,Germany,Hamburg,Personal Use,2,Yes,Agency,27.017111567419576,<35,4,1081069.19,270267.2975,303.7050205160196,901.245,0.0,4,2024-01-01,2024-12-01,11.0,International,0,0,0,1,S3,International Buyers,S3 - International Buyers,S3,1,0.039410956568125405,-0.9283259977025893,0.16209821703005156,1,1,1,0,5,16,0,53.55,9.99,DEU
C1169,Individual,Male,Russia,Saint Petersburg,Personal Use,5,Yes,Agency,31.98631074606434,<35,4,900300.22,225075.055,272.46330534254247,832.615,0.25,4,2024-02-01,2025-02-01,12.0,International,0,0,0,1,S3,International Buyers,S3 - International Buyers,S3,1,0.031289489854268764,-0.9176444835561972,0.13971130682635124,1,1,1,0,7,42,1,59.93,30.34,RUS
C1170,Individual,Female,USA,Nevada,Personal Use,1,Yes,Website,35.89048596851472,35-44,4,1165955.62,291488.905,298.4031524399469,1009.9325,0.25,4,2024-03-01,2024-12-01,9.0,Nevada,1,0,0,1,S4,Domestic Financed Home Buyers,S4 - Domestic Financed Home Buyers,S4,1,0.21745320229418655,-0.7677127874704549,0.24080549320325684,1,1,1,2,9,25,0,38.8,-116.42,USA
C1171,Individual,Female,USA,California,Investment,4,Yes,Website,41.360711841204655,35-44,4,1561809.25,390452.3125,296.6143175015088,1276.9875,0.0,4,2024-04-01,2025-11-01,19.0,California,1,0,1,1,S2,Domestic Investors,S2 - Domestic Investors,S2,1,0.10035355746601586,-0.9868755351910019,-0.0944091495060358,1,0,1,2,9,8,0,36.78,-119.42,USA
C1172,Individual,Female,USA,Nevada,Personal Use,5,No,Website,83.15400410677618,65+,4,1240274.79,310068.6975,308.84872209858736,990.4475,0.25,4,2024-01-01,2025-05-01,16.0,Nevada,1,0,0,0,S1,Domestic Cash Home Buyers,S1 - Domestic Cash Home Buyers,S1,1,0.21400209425575026,0.6175424074806466,0.32642887645056395,1,1,0,2,9,25,0,38.8,-116.42,USA
C1173,Individual,Female,Canada,Manitoba,Investment,1,No,Website,41.16084873374401,35-44,4,1261072.17,315268.0425,308.0241842217684,1014.9825,0.0,4,2024-07-01,2025-08-01,13.0,International,0,0,1,0,S3,International Buyers,S3 - International Buyers,S3,1,0.1001323205415118,0.1771323384088565,1.2053718546747494,1,0,0,2,2,22,0,53.76,-98.81,CAN
C1174,Individual,Male,USA,Nevada,Personal Use,2,No,Agency,43.488021902806295,35-44,4,1414798.99,353699.7475,284.4852213227559,1244.8049999999998,0.25,4,2025-02-01,2025-10-01,8.0,Nevada,1,0,0,0,S1,Domestic Cash Home Buyers,S1 - Domestic Cash Home Buyers,S1,1,0.20807073351449887,0.5917765158430566,-0.685981651439054,1,1,0,0,9,25,1,38.8,-116.42,USA
C1175,Individual,Female,USA,California,Personal Use,2,No,Website,66.26146475017111,65+,4,1766232.62,441558.155,298.57039201485236,1449.3775,0.0,4,2024-02-01,2025-10-01,20.0,California,1,0,0,0,S1,Domestic Cash Home Buyers,S1 - Domestic Cash Home Buyers,S1,1,0.28406293929032506,0.6788498423292699,0.06260404763575933,1,1,0,2,9,8,0,36.78,-119.42,USA
C1176,Individual,Female,USA,California,Investment,4,Yes,Agency,50.57905544147844,45-54,3,1003328.89,334442.9633333333,293.1328929065208,1170.3533333333332,0.6666666666666666,3,2024-01-01,2024-10-01,9.0,California,1,0,1,1,S2,Domestic Investors,S2 - Domestic Investors,S2,1,0.0877087377398493,-1.0037926236226162,-1.1102905249506072,1,0,1,0,9,8,0,36.78,-119.42,USA
C1177,Individual,Male,USA,California,Investment,2,No,Agency,27.32101300479124,<35,4,1047224.2699999999,261806.06749999998,326.498763844369,816.1600000000001,0.5,4,2024-02-01,2024-08-01,6.0,California,1,0,1,0,S2,Domestic Investors,S2 - Domestic Investors,S2,1,0.14574959459106787,0.36588247952599523,-1.0238466801253716,1,0,0,0,9,8,1,36.78,-119.42,USA
C1178,Individual,Female,USA,California,Personal Use,1,No,Agency,75.46064339493498,65+,3,744651.07,248217.02333333332,303.42108571012227,801.46,0.0,3,2024-05-01,2025-01-01,8.0,California,1,0,0,0,S1,Domestic Cash Home Buyers,S1 - Domestic Cash Home Buyers,S1,1,0.23251117027258209,0.6629964560664225,-0.9521657518338784,1,1,0,0,9,8,0,36.78,-119.42,USA
C1179,Individual,Female,USA,California,Personal Use,4,No,Agency,34.8911704312115,<35,3,848152.02,282717.34,279.8786312107401,1045.8666666666668,0.0,3,2024-08-01,2024-11-01,3.0,California,1,0,0,0,S1,Domestic Cash Home Buyers,S1 - Domestic Cash Home Buyers,S1,1,0.2495896438462315,0.653200827144705,-0.9480280753546619,1,1,0,0,9,8,0,36.78,-119.42,USA
C1180,Individual,Female,Belgium,Brussels,Personal Use,2,Yes,Website,30.47501711156742,<35,4,1111089.24,277772.31,272.55931153295217,1050.5725,0.25,4,2024-11-01,2025-12-01,13.0,International,0,0,0,1,S3,International Buyers,S3 - International Buyers,S3,1,0.04136787190189175,-0.8947040345951287,1.159028032233307,1,1,1,2,1,7,0,50.85,4.35,BEL
C1181,Individual,Female,USA,Nevada,Investment,5,No,Website,69.7741273100616,65+,3,743723.3099999999,247907.77,260.87602996615857,939.3299999999999,0.0,3,2025-02-01,2025-06-01,3.9,Nevada,1,0,1,0,S2,Domestic Investors,S2 - Domestic Investors,S2,1,0.12922928212550777,0.32923731577634646,0.2565840970073271,1,0,0,2,9,25,0,38.8,-116.42,USA
C1182,Individual,Male,Germany,Bavaria,Investment,3,Yes,Website,64.80766598220397,55-64,4,1522183.38,380545.845,298.7934167813669,1269.065,0.0,4,2024-02-01,2025-07-01,17.0,International,0,0,1,1,S3,International Buyers,S3 - International Buyers,S3,1,0.08143894946634705,-1.187062201496118,1.1022369422893195,1,0,1,2,5,3,1,48.79,11.5,DEU
C1183,Individual,Male,USA,Arizona,Investment,1,No,Website,32.12867898699521,<35,4,1364593.88,341148.47,309.3699818243346,1088.3825,0.0,4,2024-06-01,2025-11-01,17.0,Arizona,1,0,1,0,S2,Domestic Investors,S2 - Domestic Investors,S2,1,0.12563247787204754,0.3330112073251517,0.267726737716287,1,0,0,2,9,1,1,34.05,-111.09,USA
C1184,Individual,Male,France,Ile-de-France,Personal Use,2,No,Website,72.71457905544148,65+,3,500255.63,166751.87666666668,271.22767547077206,624.2366666666667,0.3333333333333333,3,2024-03-01,2025-08-01,17.0,International,0,0,0,0,S3,International Buyers,S3 - International Buyers,S3,1,0.09560110171818263,0.47196533077406894,1.257658393128714,1,1,0,2,4,18,1,48.85,2.35,FRA
C1185,Individual,Male,USA,California,Personal Use,3,No,Website,25.51129363449692,<35,4,1218570.99,304642.7475,299.6790493624279,1029.9125,0.0,4,2024-07-01,2025-06-01,11.0,California,1,0,0,0,S1,Domestic Cash Home Buyers,S1 - Domestic Cash Home Buyers,S1,1,0.27760786781534547,0.6685599403852336,0.06500708945205291,1,1,0,2,9,8,1,36.78,-119.42,USA
C1186,Individual,Female,USA,Nevada,Personal Use,3,Yes,Website,47.51266255989049,45-54,3,1141153.96,380384.6533333333,305.3714238326145,1221.6766666666665,0.3333333333333333,3,2024-03-01,2025-01-01,10.1,Nevada,1,0,0,1,S4,Domestic Financed Home Buyers,S4 - Domestic Financed Home Buyers,S4,1,0.22866531265386322,-0.7654672993583824,0.24231051624535815,1,1,1,2,9,25,0,38.8,-116.42,USA
C1187,Individual,Female,USA,Nevada,Personal Use,4,No,Website,63.78918548939083,55-64,3,1097539.23,365846.41,337.616288257039,1092.5066666666667,0.0,3,2024-03-01,2025-03-01,12.0,Nevada,1,0,0,0,S1,Domestic Cash Home Buyers,S1 - Domestic Cash Home Buyers,S1,1,0.22877113920555578,0.6134355332329908,0.32962756963909734,1,1,0,2,9,25,0,38.8,-116.42,USA
C1188,Individual,Male,Canada,Alberta,Personal Use,1,No,Client,30.16563997262149,<35,4,1437535.25,359383.8125,300.65439754483594,1190.4075,0.5,4,2024-02-01,2025-11-01,21.0,International,0,0,0,0,S3,International Buyers,S3 - International Buyers,S3,1,0.08874480872567496,0.43790119209384565,0.720611336389201,1,1,0,1,2,0,1,53.93,-116.58,CAN
C1189,Individual,Male,USA,Florida,Personal Use,2,Yes,Client,62.940451745379875,55-64,4,1180295.09,295073.7725,300.4820655775108,989.2175,0.5,4,2024-01-01,2025-04-01,15.0,Florida,1,0,0,1,S4,Domestic Financed Home Buyers,S4 - Domestic Financed Home Buyers,S1,0,0.17472075364813613,-0.7664627878768228,-0.2983568051933193,1,1,1,1,9,14,1,27.66,-81.52,USA
C1190,Individual,Female,USA,Texas,Personal Use,4,No,Client,79.40862422997947,65+,4,1358669.02,339667.255,305.30990759703985,1115.61,0.0,4,2024-04-01,2025-09-01,17.0,Texas,1,0,0,0,S1,Domestic Cash Home Buyers,S1 - Domestic Cash Home Buyers,S1,1,0.1748349275811927,0.6122708158658341,-0.20886209044339876,1,1,0,1,9,47,0,31.97,-99.9,USA
C1191,Individual,Female,USA,California,Investment,3,No,Website,75.70704996577686,65+,3,1095538.81,365179.60333333333,273.7011135282778,1357.1933333333334,0.3333333333333333,3,2024-04-01,2025-09-01,17.0,California,1,0,1,0,S2,Domestic Investors,S2 - Domestic Investors,S2,1,0.16312197068644127,0.39453951501530554,-0.010234845496064127,1,0,0,2,9,8,0,36.78,-119.42,USA
C1192,Individual,Male,USA,Florida,Personal Use,5,No,Website,25.987679671457904,<35,4,1111237.94,277809.485,296.25843363984995,941.135,0.5,4,2024-06-01,2025-11-01,17.0,Florida,1,0,0,0,S1,Domestic Cash Home Buyers,S1 - Domestic Cash Home Buyers,S1,1,0.2069168891030965,0.6194076456150011,0.34845569258115616,1,1,0,2,9,14,1,27.66,-81.52,USA
C1193,Individual,Female,UK,England,Personal Use,1,No,Website,50.69952087611225,45-54,4,946796.24,236699.06,323.97836460390846,716.4525,0.5,4,2024-02-01,2025-02-01,12.0,International,0,0,0,0,S3,International Buyers,S3 - International Buyers,S3,1,0.11948651187620281,0.46334613459264623,1.3095373748188985,1,1,0,2,8,12,0,52.36,-1.17,GBR
C1194,Individual,Female,USA,Colorado,Personal Use,1,No,Website,82.54072553045859,65+,3,1084957.53,361652.51,291.0273787399834,1263.8633333333335,0.3333333333333333,3,2024-11-01,2025-12-01,13.0,Colorado,1,0,0,0,S1,Domestic Cash Home Buyers,S1 - Domestic Cash Home Buyers,S1,1,0.20734135558251332,0.62201001710721,0.320909971911746,1,1,0,2,9,11,0,39.55,-105.78,USA
C1195,Individual,Female,USA,California,Personal Use,4,Yes,Agency,35.56741957563313,35-44,4,1118238.91,279559.7275,314.13221148158135,910.925,0.25,4,2024-07-01,2025-07-01,12.0,California,1,0,0,1,S4,Domestic Financed Home Buyers,S4 - Domestic Financed Home Buyers,S4,1,0.2445625803860918,-0.7212421041269023,-1.0370380736330242,1,1,1,0,9,8,0,36.78,-119.42,USA
C1196,Individual,Male,USA,Nevada,Personal Use,2,No,Agency,70.32717316906229,65+,4,1731153.76,432788.44,318.69792285710173,1356.32,0.0,4,2024-03-01,2025-11-01,20.0,Nevada,1,0,0,0,S1,Domestic Cash Home Buyers,S1 - Domestic Cash Home Buyers,S1,1,0.20616088868447177,0.5989885527229746,-0.6865020902313759,1,1,0,0,9,25,1,38.8,-116.42,USA
C1197,Individual,Female,USA,Arizona,Personal Use,4,No,Website,66.72689938398358,65+,3,1439595.57,479865.19,324.20515294107616,1471.4466666666667,0.0,3,2024-08-01,2024-09-01,1.0,Arizona,1,0,0,0,S1,Domestic Cash Home Buyers,S1 - Domestic Cash Home Buyers,S1,1,0.22465931382655804,0.625830405260015,0.3409763724867435,1,1,0,2,9,1,0,34.05,-111.09,USA
C1198,Individual,Female,USA,New York,Personal Use,1,No,Agency,65.9438740588638,65+,3,1415391.5899999999,471797.1966666666,306.25621223553867,1493.243333333333,0.3333333333333333,3,2024-04-01,2025-04-01,12.0,New York,1,0,0,0,S1,Domestic Cash Home Buyers,S1 - Domestic Cash Home Buyers,S1,1,0.19201988898783542,0.6070367385227786,-0.6623859007213244,1,1,0,0,9,27,0,43.0,-75.0,USA
C1199,Individual,Male,USA,Colorado,Personal Use,2,No,Website,82.8309377138946,65+,4,1013002.89,253250.7225,278.0399550907613,910.2925,0.25,4,2024-06-01,2025-04-01,10.0,Colorado,1,0,0,0,S1,Domestic Cash Home Buyers,S1 - Domestic Cash Home Buyers,S1,1,0.21572651820188696,0.622098360114413,0.31975007205002015,1,1,0,2,9,11,1,39.55,-105.78,USA
C1200,Individual,Male,USA,Utah,Personal Use,4,No,Agency,56.158795345653665,55-64,4,1789601.3299999998,447400.33249999996,312.64281043058384,1422.9925,0.25,4,2024-02-01,2025-10-01,20.0,Utah,1,0,0,0,S1,Domestic Cash Home Buyers,S1 - Domestic Cash Home Buyers,S1,1,0.20415712978524853,0.6071615995362238,-0.6731280827764334,1,1,0,0,9,48,1,39.32,-111.09,USA
C1201,Individual,Male,USA,Oregon,Investment,1,Yes,Website,25.776865160848732,<35,4,1063833.91,265958.4775,302.40453661508013,896.2525,0.0,4,2024-02-01,2025-09-01,19.0,Oregon,1,0,1,1,S2,Domestic Investors,S2 - Domestic Investors,S2,1,0.07456169842824747,-1.0610262587456318,0.1759432853295674,1,0,1,2,9,37,1,43.8,-120.55,USA
C1202,Corporate,Male,Canada,Quebec,Investment,5,Yes,Website,40.64613278576318,35-44,4,1527115.1600000001,381778.79000000004,300.663913665422,1263.775,0.0,4,2024-07-01,2025-08-01,13.0,International,0,0,1,1,S3,International Buyers,S3 - International Buyers,S1,0,0.06509578890751185,-1.2209671768086139,1.1098605725223747,0,0,1,2,2,40,1,52.94,-73.55,CAN
C1203,Individual,Female,USA,Arizona,Personal Use,2,Yes,Website,63.950718685831625,55-64,3,1083378.55,361126.18333333335,272.44314560657284,1329.57,0.3333333333333333,3,2024-04-01,2024-10-01,6.0,Arizona,1,0,0,1,S4,Domestic Financed Home Buyers,S4 - Domestic Financed Home Buyers,S4,1,0.22232951781408897,-0.7502000475195163,0.25178213334575755,1,1,1,2,9,1,0,34.05,-111.09,USA
C1204,Individual,Male,Mexico,Puebla,Investment,2,Yes,Website,33.74401095140315,<35,3,1231356.24,410452.08,320.69687146949735,1280.28,0.0,3,2024-08-01,2025-03-01,7.0,International,0,0,1,1,S3,International Buyers,S3 - International Buyers,S3,1,0.07222884147880906,-1.1903716416359678,1.0816112839504894,1,0,1,2,6,39,1,19.04,-98.21,MEX
C1205,Individual,Male,Belgium,Flanders,Personal Use,4,No,Website,66.63107460643396,65+,3,968123.38,322707.79333333333,298.88923322687873,1076.69,0.0,3,2024-03-01,2025-12-01,21.0,International,0,0,0,0,S3,International Buyers,S3 - International Buyers,S3,1,0.09862919349887611,0.48841497717195487,1.2467515018683664,1,1,0,2,1,13,1,51.05,4.48,BEL
C1206,Individual,Female,USA,California,Investment,5,No,Website,68.06023271731691,65+,3,941726.19,313908.73,286.47864012438447,1140.3999999999999,0.0,3,2024-05-01,2025-10-01,17.0,California,1,0,1,0,S2,Domestic Investors,S2 - Domestic Investors,S2,1,0.15256972340583372,0.39304083371609083,-0.00801390243949307,1,0,0,2,9,8,0,36.78,-119.42,USA
C1207,Individual,Female,USA,Texas,Personal Use,5,Yes,Agency,52.186173853524984,45-54,4,1084392.98,271098.245,271.7832969908455,1010.095,0.25,4,2024-02-01,2025-09-01,19.0,Texas,1,0,0,1,S4,Domestic Financed Home Buyers,S4 - Domestic Financed Home Buyers,S4,1,0.18981381296297217,-0.7659406262195017,-0.7523638312378602,1,1,1,0,9,47,0,31.97,-99.9,USA
C1208,Individual,Male,USA,Colorado,Personal Use,1,No,Website,48.09308692676249,45-54,3,1277019.82,425673.2733333334,287.0008175123508,1477.03,0.3333333333333333,3,2024-10-01,2025-07-01,9.0,Colorado,1,0,0,0,S1,Domestic Cash Home Buyers,S1 - Domestic Cash Home Buyers,S1,1,0.2117531514095252,0.6140740628594705,0.3234321545692177,1,1,0,2,9,11,1,39.55,-105.78,USA
C1209,Individual,Female,USA,California,Personal Use,4,Yes,Website,47.501711156741955,45-54,4,1201633.01,300408.2525,280.06599653702597,1123.3175,0.0,4,2024-10-01,2025-09-01,11.0,California,1,0,0,1,S4,Domestic Financed Home Buyers,S4 - Domestic Financed Home Buyers,S4,1,0.2848821321540073,-0.700827248810746,-0.022887591282958808,1,1,1,2,9,8,0,36.78,-119.42,USA
C1210,Individual,Male,USA,California,Investment,1,No,Website,34.57631759069131,<35,4,1146800.83,286700.2075,324.2114273058785,897.47,0.25,4,2024-06-01,2025-03-01,9.0,California,1,0,1,0,S2,Domestic Investors,S2 - Domestic Investors,S2,1,0.15621173517092019,0.3853361880506983,-0.009785236157983324,1,0,0,2,9,8,1,36.78,-119.42,USA
C1211,Individual,Female,Canada,British Columbia,Personal Use,5,Yes,Website,29.475701574264203,<35,4,1447927.02,361981.755,312.40734862089477,1167.105,0.0,4,2024-03-01,2025-10-01,19.0,International,0,0,0,1,S3,International Buyers,S3 - International Buyers,S3,1,0.06118430271115175,-0.9154304021205648,1.1935947896487566,1,1,1,2,2,5,0,53.73,-127.65,CAN
C1212,Individual,Male,USA,California,Personal Use,1,No,Agency,68.47364818617385,65+,4,1052290.76,263072.69,290.03223699889367,904.0100000000001,0.0,4,2024-06-01,2024-12-01,6.0,California,1,0,0,0,S1,Domestic Cash Home Buyers,S1 - Domestic Cash Home Buyers,S1,1,0.2381812991498003,0.6618643440915855,-0.9528265283027999,1,1,0,0,9,8,1,36.78,-119.42,USA
C1213,Individual,Female,Canada,Manitoba,Personal Use,5,No,Website,32.40246406570842,<35,3,829461.56,276487.1866666667,307.65103559137043,899.9899999999999,0.0,3,2024-03-01,2025-08-01,17.0,International,0,0,0,0,S3,International Buyers,S3 - International Buyers,S3,1,0.11237348947509992,0.4589039004913123,1.2810126273088538,1,1,0,2,2,22,0,53.76,-98.81,CAN
C1214,Individual,Female,USA,Florida,Personal Use,1,No,Agency,25.39082819986311,<35,4,1725018.4100000001,431254.60250000004,295.9589018647372,1446.1125,0.0,4,2024-07-01,2025-11-01,16.0,Florida,1,0,0,0,S1,Domestic Cash Home Buyers,S1 - Domestic Cash Home Buyers,S1,1,0.18852516122878096,0.6045935846269253,-0.664645683869306,1,1,0,0,9,14,0,27.66,-81.52,USA
C1215,Individual,Male,USA,California,Personal Use,3,No,Website,31.43874058863792,<35,3,1140423.3800000001,380141.1266666667,334.31623160665356,1104.51,0.6666666666666666,3,2024-08-01,2024-12-01,4.0,California,1,0,0,0,S1,Domestic Cash Home Buyers,S1 - Domestic Cash Home Buyers,S1,1,0.26086272871147403,0.6682979620633549,0.0639475461969018,1,1,0,2,9,8,1,36.78,-119.42,USA
C1216,Individual,Female,France,Normandy,Personal Use,4,No,Website,28.476386036960985,<35,3,1191384.37,397128.12333333335,268.94886008799637,1464.8466666666666,0.0,3,2024-02-01,2025-12-01,22.0,International,0,0,0,0,S3,International Buyers,S3 - International Buyers,S3,1,0.10190446500550698,0.46320783515662395,1.2640680543327443,1,1,0,2,4,28,0,49.18,-0.37,FRA
C1217,Individual,Male,USA,California,Investment,4,Yes,Website,28.985626283367555,<35,3,1007204.78,335734.9266666667,284.3015209635757,1186.4366666666667,0.0,3,2024-11-01,2025-09-01,10.0,California,1,0,1,1,S2,Domestic Investors,S2 - Domestic Investors,S2,1,0.0985234362479238,-0.9904593706277152,-0.09265991795835127,1,0,1,2,9,8,1,36.78,-119.42,USA
C1218,Individual,Female,USA,California,Personal Use,1,Yes,Website,84.0082135523614,65+,4,1308613.5699999998,327153.39249999996,294.14095893216097,1121.525,0.0,4,2024-04-01,2025-09-01,17.0,California,1,0,0,1,S4,Domestic Financed Home Buyers,S4 - Domestic Financed Home Buyers,S4,1,0.26009507108440755,-0.6916960224668507,-0.0263776418927415,1,1,1,2,9,8,0,36.78,-119.42,USA
C1219,Individual,Female,USA,Arizona,Personal Use,1,Yes,Website,42.06981519507187,35-44,3,867409.27,289136.42333333334,272.8212370768839,1074.6233333333332,0.0,3,2024-05-01,2025-05-01,12.0,Arizona,1,0,0,1,S4,Domestic Financed Home Buyers,S4 - Domestic Financed Home Buyers,S4,1,0.21311547795040928,-0.7548057368096464,0.2535207310886866,1,1,1,2,9,1,0,34.05,-111.09,USA
C1220,Individual,Female,USA,Colorado,Investment,4,Yes,Website,58.313483915126625,55-64,4,1471199.75,367799.9375,291.9967395985485,1254.045,0.25,4,2024-01-01,2025-09-01,20.0,Colorado,1,0,1,1,S2,Domestic Investors,S2 - Domestic Investors,S2,1,0.08065162857350125,-1.0428493542314137,0.16359748117652018,1,0,1,2,9,11,0,39.55,-105.78,USA
C1221,Individual,Female,USA,Nevada,Investment,2,No,Agency,41.607118412046546,35-44,3,1354868.93,451622.9766666666,289.2757491815252,1565.3233333333335,0.0,3,2024-05-01,2025-07-01,14.0,Nevada,1,0,1,0,S2,Domestic Investors,S2 - Domestic Investors,S2,1,0.13189676269513811,0.30684389498039516,-0.7557358492971744,1,0,0,0,9,25,0,38.8,-116.42,USA
C1222,Individual,Male,USA,Utah,Personal Use,4,No,Website,56.98015058179329,55-64,3,1319349.8599999999,439783.2866666666,309.677366079583,1362.3833333333334,0.0,3,2024-01-01,2024-10-01,9.0,Utah,1,0,0,0,S1,Domestic Cash Home Buyers,S1 - Domestic Cash Home Buyers,S1,1,0.22536400185483793,0.62437732667905,0.34280031538915207,1,1,0,2,9,48,1,39.32,-111.09,USA
C1223,Individual,Female,USA,Washington,Personal Use,4,No,Website,73.28678986995209,65+,3,1072582.78,357527.5933333333,262.54150288793767,1369.7300000000002,0.0,3,2024-10-01,2025-05-01,7.0,Washington,1,0,0,0,S1,Domestic Cash Home Buyers,S1 - Domestic Cash Home Buyers,S1,1,0.22526622556252118,0.6216784614928907,0.34738807232579294,1,1,0,2,9,53,0,47.75,-120.74,USA
C1224,Individual,Male,USA,New York,Investment,5,Yes,Client,83.55099247091033,65+,3,827238.27,275746.09,295.6907716496717,964.2666666666665,0.0,3,2024-01-01,2024-04-01,3.0,New York,1,0,1,1,S2,Domestic Investors,S2 - Domestic Investors,S1,0,0.05862913262928747,-1.0523702157158166,-0.36333637847020844,1,0,1,1,9,27,1,43.0,-75.0,USA
C1225,Individual,Male,USA,Oregon,Personal Use,2,No,Website,35.14031485284052,35-44,3,1122587.7,374195.89999999997,310.7464336420492,1168.3366666666668,0.3333333333333333,3,2025-02-01,2025-09-01,7.0,Oregon,1,0,0,0,S1,Domestic Cash Home Buyers,S1 - Domestic Cash Home Buyers,S1,1,0.21186373769203024,0.5997486774647967,0.3357034704580032,1,1,0,2,9,37,1,43.8,-120.55,USA
C1226,Individual,Male,USA,Utah,Personal Use,4,No,Website,36.668035592060235,35-44,3,972596.1300000001,324198.71,305.26025301274785,1082.8966666666668,0.0,3,2024-07-01,2024-10-01,3.0,Utah,1,0,0,0,S1,Domestic Cash Home Buyers,S1 - Domestic Cash Home Buyers,S1,1,0.223035005544861,0.6191427193719936,0.34357185868806156,1,1,0,2,9,48,1,39.32,-111.09,USA
C1227,Individual,Male,USA,Colorado,Personal Use,3,Yes,Agency,38.80355920602327,35-44,4,2151534.73,537883.6825,321.7925599318375,1676.3825,0.0,4,2024-07-01,2024-12-01,5.0,Colorado,1,0,0,1,S4,Domestic Financed Home Buyers,S4 - Domestic Financed Home Buyers,S4,1,0.20593755179467962,-0.7782083238048878,-0.775578450072238,1,1,1,0,9,11,1,39.55,-105.78,USA
C1228,Individual,Male,USA,California,Personal Use,2,No,Website,71.48528405201917,65+,3,1058718.77,352906.25666666665,322.2225104865599,1124.5,0.0,3,2024-06-01,2025-02-01,8.0,California,1,0,0,0,S1,Domestic Cash Home Buyers,S1 - Domestic Cash Home Buyers,S1,1,0.28331812643638415,0.679334439805209,0.06308283011314941,1,1,0,2,9,8,1,36.78,-119.42,USA
C1229,Individual,Female,UK,Scotland,Personal Use,1,Yes,Website,31.16221765913758,<35,3,1185126.78,395042.26,298.8370474176625,1303.4733333333334,0.0,3,2024-04-01,2024-07-01,3.0,International,0,0,0,1,S3,International Buyers,S3 - International Buyers,S3,1,0.06791100920157131,-0.9143257312992814,1.2277787298123706,1,1,1,2,8,43,0,56.49,-4.2,GBR
C1230,Individual,Male,USA,California,Personal Use,5,No,Client,40.865160848733744,35-44,3,759973.15,253324.38333333333,322.55301374799575,801.46,0.6666666666666666,3,2024-03-01,2025-10-01,19.0,California,1,0,0,0,S1,Domestic Cash Home Buyers,S1 - Domestic Cash Home Buyers,S1,1,0.1915035190626358,0.6491108523438551,-0.4929134207764811,1,1,0,1,9,8,1,36.78,-119.42,USA
C1231,Individual,Female,USA,California,Personal Use,2,No,Agency,71.06091718001369,65+,3,859705.1699999999,286568.38999999996,305.7026506482377,922.6666666666666,0.6666666666666666,3,2024-07-01,2025-08-01,13.0,California,1,0,0,0,S1,Domestic Cash Home Buyers,S1 - Domestic Cash Home Buyers,S1,1,0.23338554289806135,0.6605016588260118,-0.9534863012371084,1,1,0,0,9,8,0,36.78,-119.42,USA
C1232,Individual,Female,Canada,British Columbia,Personal Use,3,No,Website,36.271047227926076,35-44,4,1527373.03,381843.2575,326.2271674324686,1173.8125,0.0,4,2024-10-01,2025-09-01,11.0,International,0,0,0,0,S3,International Buyers,S3 - International Buyers,S3,1,0.11996910810690403,0.46095274540983594,1.2792693836283147,1,1,0,2,2,5,0,53.73,-127.65,CAN
C1233,Individual,Male,USA,Utah,Personal Use,4,No,Website,46.40657084188912,45-54,3,936287.8,312095.93333333335,289.2080400743226,1078.7866666666666,0.0,3,2024-02-01,2025-09-01,19.0,Utah,1,0,0,0,S1,Domestic Cash Home Buyers,S1 - Domestic Cash Home Buyers,S1,1,0.22592284045172728,0.6213973753025763,0.34287315689700365,1,1,0,2,9,48,1,39.32,-111.09,USA
C1234,Individual,Female,USA,Colorado,Investment,1,No,Website,68.94455852156058,65+,4,1463190.28,365797.57,290.0384746664327,1278.045,0.0,4,2024-01-01,2025-12-01,23.0,Colorado,1,0,1,0,S2,Domestic Investors,S2 - Domestic Investors,S2,1,0.12544873376382193,0.3350560939338257,0.24935061651779922,1,0,0,2,9,11,0,39.55,-105.78,USA
C1235,Individual,Male,USA,Arizona,Personal Use,2,No,Website,68.5968514715948,65+,4,1271344.1099999999,317836.02749999997,307.73330345087203,1025.3225,0.25,4,2024-01-01,2025-02-01,13.0,Arizona,1,0,0,0,S1,Domestic Cash Home Buyers,S1 - Domestic Cash Home Buyers,S1,1,0.22541329302844212,0.6258147443538848,0.3371933433343438,1,1,0,2,9,1,1,34.05,-111.09,USA
C1236,Individual,Male,USA,Arizona,Personal Use,4,Yes,Website,53.35249828884326,45-54,4,1747766.02,436941.505,312.92944946642984,1415.4825,0.0,4,2024-04-01,2024-09-01,5.0,Arizona,1,0,0,1,S4,Domestic Financed Home Buyers,S4 - Domestic Financed Home Buyers,S4,1,0.2195534568219685,-0.7514819229692846,0.25358723510147957,1,1,1,2,9,1,1,34.05,-111.09,USA
C1237,Individual,Female,UK,Wales,Investment,4,Yes,Website,82.26694045174538,65+,3,688233.74,229411.24666666667,288.7713371436331,775.5666666666666,0.3333333333333333,3,2024-09-01,2025-05-01,8.0,International,0,0,1,1,S3,International Buyers,S3 - International Buyers,S3,1,0.09141080299764603,-1.1890549996511628,1.1512450820065108,1,0,1,2,8,51,0,52.13,-3.78,GBR
C1238,Individual,Male,USA,Nevada,Personal Use,1,Yes,Agency,79.69336071184121,65+,4,1648873.57,412218.3925,311.8664599780692,1343.6575,0.0,4,2024-07-01,2025-06-01,11.0,Nevada,1,0,0,1,S4,Domestic Financed Home Buyers,S4 - Domestic Financed Home Buyers,S4,1,0.19568232125488752,-0.7731951743406357,-0.774492680029405,1,1,1,0,9,25,1,38.8,-116.42,USA
C1239,Individual,Female,USA,Oregon,Personal Use,3,No,Agency,72.8952772073922,65+,4,1457041.08,364260.27,323.4770957834436,1114.2125,0.0,4,2024-01-01,2025-09-01,20.0,Oregon,1,0,0,0,S1,Domestic Cash Home Buyers,S1 - Domestic Cash Home Buyers,S1,1,0.20052673701848053,0.5928292068843453,-0.6803746754993003,1,1,0,0,9,37,0,43.8,-120.55,USA
C1240,Individual,Female,USA,Nevada,Investment,4,Yes,Website,41.13347022587269,35-44,3,1018594.4400000001,339531.48000000004,303.2518202383132,1104.51,0.3333333333333333,3,2024-04-01,2025-02-01,10.1,Nevada,1,0,1,1,S2,Domestic Investors,S2 - Domestic Investors,S2,1,0.08856126773845631,-1.052213479788177,0.17055964046576216,1,0,1,2,9,25,0,38.8,-116.42,USA
C1241,Individual,Female,USA,California,Personal Use,1,No,Agency,52.3668720054757,45-54,4,1157084.5899999999,289271.14749999996,307.65926372693644,948.835,0.0,4,2024-04-01,2024-11-01,7.0,California,1,0,0,0,S1,Domestic Cash Home Buyers,S1 - Domestic Cash Home Buyers,S1,1,0.24248993177263795,0.6581796300962366,-0.951613808135773,1,1,0,0,9,8,0,36.78,-119.42,USA
C1242,Individual,Male,USA,California,Personal Use,3,Yes,Website,64.2737850787132,55-64,3,1055842.78,351947.5933333333,310.2434888894541,1138.4233333333334,0.0,3,2024-03-01,2024-12-01,9.0,California,1,0,0,1,S4,Domestic Financed Home Buyers,S4 - Domestic Financed Home Buyers,S4,1,0.2914234719721347,-0.6969558662939368,-0.022900193591165352,1,1,1,2,9,8,1,36.78,-119.42,USA
C1243,Individual,Male,USA,Colorado,Personal Use,1,No,Website,77.24024640657085,65+,4,1419502.04,354875.51,283.8858539511572,1246.6175,0.0,4,2024-06-01,2025-06-01,12.0,Colorado,1,0,0,0,S1,Domestic Cash Home Buyers,S1 - Domestic Cash Home Buyers,S1,1,0.2107399584502963,0.6219358401571444,0.32114635806726255,1,1,0,2,9,11,1,39.55,-105.78,USA
C1244,Individual,Male,USA,Utah,Investment,5,Yes,Website,33.55783709787816,<35,3,1438309.93,479436.6433333333,319.29948078252545,1513.17,0.6666666666666666,3,2024-03-01,2025-03-01,12.0,Utah,1,0,1,1,S2,Domestic Investors,S2 - Domestic Investors,S2,1,0.07326158668721199,-1.0421167372794606,0.18335127649351307,1,0,1,2,9,48,1,39.32,-111.09,USA
C1245,Individual,Male,USA,California,Personal Use,3,Yes,Agency,62.888432580424364,55-64,3,1422519.51,474173.17,312.9667282878813,1529.4633333333334,0.0,3,2024-01-01,2025-10-01,21.0,California,1,0,0,1,S4,Domestic Financed Home Buyers,S4 - Domestic Financed Home Buyers,S4,1,0.250302983574665,-0.7137854138366038,-1.0362157362767552,1,1,1,0,9,8,1,36.78,-119.42,USA
C1246,Individual,Female,Canada,Alberta,Personal Use,2,No,Agency,82.64476386036961,65+,3,859984.47,286661.49,292.4466463907468,980.8699999999999,0.3333333333333333,3,2024-04-01,2025-03-01,11.0,International,0,0,0,0,S3,International Buyers,S3 - International Buyers,S3,1,0.09617986021124152,0.45354249302873745,0.26146400737060665,1,1,0,0,2,0,0,53.93,-116.58,CAN
C1247,Individual,Female,USA,Nevada,Investment,2,No,Website,68.72826830937714,65+,4,1774416.3199999998,443604.07999999996,300.7467525478454,1489.73,0.0,4,2024-01-01,2025-04-01,15.0,Nevada,1,0,1,0,S2,Domestic Investors,S2 - Domestic Investors,S2,1,0.13397637658495282,0.3306016360419722,0.25519558153463684,1,0,0,2,9,25,0,38.8,-116.42,USA
C1248,Individual,Female,USA,Arizona,Personal Use,3,No,Agency,49.492128678986994,45-54,3,786895.89,262298.63,292.3046935159251,899.62,0.0,3,2024-08-01,2025-02-01,6.0,Arizona,1,0,0,0,S1,Domestic Cash Home Buyers,S1 - Domestic Cash Home Buyers,S1,1,0.20775782106636206,0.6041181462192955,-0.6733482678108533,1,1,0,0,9,1,0,34.05,-111.09,USA
C1249,Individual,Female,USA,California,Investment,1,No,Website,54.46680355920602,45-54,4,1289938.6400000001,322484.66000000003,292.20520145045657,1146.0149999999999,0.5,4,2024-08-01,2025-10-01,14.0,California,1,0,1,0,S2,Domestic Investors,S2 - Domestic Investors,S2,1,0.15475384140256312,0.3896378518229892,-0.011721650924701343,1,0,0,2,9,8,0,36.78,-119.42,USA
C1250,Individual,Male,USA,Nevada,Personal Use,5,No,Agency,75.7015742642026,65+,3,1582661.61,527553.87,318.0400190315169,1674.54,0.3333333333333333,3,2024-05-01,2025-01-01,8.0,Nevada,1,0,0,0,S1,Domestic Cash Home Buyers,S1 - Domestic Cash Home Buyers,S1,1,0.19514970284440344,0.5989643764652801,-0.6851461068433404,1,1,0,0,9,25,1,38.8,-116.42,USA
C1251,Individual,Male,USA,Texas,Investment,5,No,Website,50.16563997262149,45-54,4,1246714.37,311678.5925,325.50986668573245,967.0,0.5,4,2024-07-01,2025-07-01,12.0,Texas,1,0,1,0,S2,Domestic Investors,S2 - Domestic Investors,S2,1,0.12283868760134911,0.33961441820699106,0.27557925699420627,1,0,0,2,9,47,1,31.97,-99.9,USA
C1252,Individual,Female,USA,Arizona,Personal Use,3,Yes,Website,63.841204654346335,55-64,3,1137673.55,379224.51666666666,314.4196861801559,1221.6766666666665,0.0,3,2024-10-01,2025-10-01,12.0,Arizona,1,0,0,1,S4,Domestic Financed Home Buyers,S4 - Domestic Financed Home Buyers,S4,1,0.22557548258151344,-0.7495145525245754,0.25344624503456054,1,1,1,2,9,1,0,34.05,-111.09,USA
C1253,Individual,Male,USA,California,Personal Use,2,No,Agency,34.26967830253251,<35,3,767162.2200000001,255720.74000000002,305.13823588122506,814.3533333333334,0.3333333333333333,3,2024-05-01,2025-01-01,8.0,California,1,0,0,0,S1,Domestic Cash Home Buyers,S1 - Domestic Cash Home Buyers,S1,1,0.24445402674249855,0.6523921584642269,-0.9501625277254069,1,1,0,0,9,8,1,36.78,-119.42,USA
C1254,Individual,Male,USA,California,Personal Use,5,Yes,Agency,69.74127310061601,65+,4,1604050.8800000001,401012.72000000003,312.472453631792,1279.9,0.0,4,2024-07-01,2025-04-01,9.0,California,1,0,0,1,S4,Domestic Financed Home Buyers,S4 - Domestic Financed Home Buyers,S4,1,0.23586663867253294,-0.7121934617521508,-1.0373240522487548,1,1,1,0,9,8,1,36.78,-119.42,USA
C1255,Individual,Male,USA,California,Personal Use,3,No,Agency,26.2943189596167,<35,4,1105130.19,276282.5475,298.30365394936996,942.035,0.25,4,2024-03-01,2025-05-01,14.0,California,1,0,0,0,S1,Domestic Cash Home Buyers,S1 - Domestic Cash Home Buyers,S1,1,0.24781166864763557,0.6511224626430052,-0.9500131701164589,1,1,0,0,9,8,1,36.78,-119.42,USA
C1256,Corporate,Female,USA,California,Investment,4,No,Agency,53.86721423682409,45-54,3,1227293.02,409097.67333333334,305.6422156779153,1357.1933333333334,0.3333333333333333,3,2025-04-01,2025-10-01,6.0,California,1,0,1,0,S2,Domestic Investors,S2 - Domestic Investors,S1,0,0.10434801655394514,0.3491862114588575,-1.0328474062131399,0,0,0,0,9,8,0,36.78,-119.42,USA
C1257,Individual,Male,USA,California,Personal Use,5,Yes,Agency,34.026009582477755,<35,3,850550.13,283516.71,324.03085908911993,893.3766666666667,0.0,3,2024-03-01,2025-09-01,18.0,California,1,0,0,1,S4,Domestic Financed Home Buyers,S4 - Domestic Financed Home Buyers,S4,1,0.22890138852307126,-0.721578184679366,-1.034412285356089,1,1,1,0,9,8,1,36.78,-119.42,USA
C1258,Individual,Female,USA,Nevada,Personal Use,1,No,Website,56.525667351129364,55-64,4,1015636.19,253909.0475,308.3410129428896,821.355,0.25,4,2024-08-01,2025-04-01,8.0,Nevada,1,0,0,0,S1,Domestic Cash Home Buyers,S1 - Domestic Cash Home Buyers,S1,1,0.21356673295834477,0.6114418567271347,0.32609369422077394,1,1,0,2,9,25,0,38.8,-116.42,USA
C1259,Individual,Male,USA,California,Investment,3,Yes,Agency,54.86379192334018,45-54,4,1256766.51,314191.6275,313.1328719668483,1004.1575,0.25,4,2024-05-01,2025-12-01,19.0,California,1,0,1,1,S2,Domestic Investors,S2 - Domestic Investors,S2,1,0.09383142084828947,-1.0013435733733478,-1.110892608012897,1,0,1,0,9,8,1,36.78,-119.42,USA
C1260,Individual,Female,USA,California,Personal Use,2,No,Agency,33.35249828884326,<35,4,1633449.34,408362.335,292.1552017186309,1423.1725,0.25,4,2024-08-01,2025-12-01,16.0,California,1,0,0,0,S1,Domestic Cash Home Buyers,S1 - Domestic Cash Home Buyers,S1,1,0.24975403301794907,0.6534568939424554,-0.9501989310004444,1,1,0,0,9,8,0,36.78,-119.42,USA
C1261,Individual,Male,USA,Utah,Personal Use,3,No,Client,49.32511978097194,45-54,3,1491163.72,497054.5733333333,329.50647394430507,1504.28,0.0,3,2025-02-01,2025-08-01,5.9,Utah,1,0,0,0,S1,Domestic Cash Home Buyers,S1 - Domestic Cash Home Buyers,S1,1,0.17691291179297883,0.6022382580365289,-0.21328901656251098,1,1,0,1,9,48,1,39.32,-111.09,USA
C1262,Individual,Female,USA,California,Investment,4,No,Agency,75.14031485284052,65+,3,961425.37,320475.12333333335,291.4970216024968,1077.3233333333335,0.0,3,2024-01-01,2025-02-01,13.0,California,1,0,1,0,S2,Domestic Investors,S2 - Domestic Investors,S2,1,0.1495843351012892,0.3779542433702671,-1.022798659839723,1,0,0,0,9,8,0,36.78,-119.42,USA
C1263,Individual,Male,USA,California,Investment,3,No,Agency,74.12183436002738,65+,4,1975384.2000000002,493846.05000000005,306.38051030033876,1602.67,0.0,4,2024-01-01,2025-10-01,21.0,California,1,0,1,0,S2,Domestic Investors,S2 - Domestic Investors,S2,1,0.14800956362358866,0.37887563528628515,-1.023603950600494,1,0,0,0,9,8,1,36.78,-119.42,USA
C1264,Individual,Female,USA,California,Investment,1,No,Agency,26.069815195071868,<35,3,1287173.46,429057.82,305.40494135681024,1452.2633333333333,0.3333333333333333,3,2024-01-01,2024-10-01,9.0,California,1,0,1,0,S2,Domestic Investors,S2 - Domestic Investors,S2,1,0.1411476044363361,0.36633080664471324,-1.021520906610509,1,0,0,0,9,8,0,36.78,-119.42,USA
C1265,Individual,Male,USA,Washington,Personal Use,1,Yes,Agency,82.77344284736482,65+,3,1070432.96,356810.98666666663,269.3053599047053,1325.71,0.0,3,2024-04-01,2025-08-01,16.0,Washington,1,0,0,1,S4,Domestic Financed Home Buyers,S4 - Domestic Financed Home Buyers,S4,1,0.1916561454888051,-0.7670835444148849,-0.7553159518373476,1,1,1,0,9,53,1,47.75,-120.74,USA
C1266,Individual,Male,UK,England,Personal Use,2,No,Website,73.53045859000684,65+,4,1204291.73,301072.9325,273.05266723833233,1101.9875,0.0,4,2024-04-01,2025-10-01,18.0,International,0,0,0,0,S3,International Buyers,S3 - International Buyers,S3,1,0.12666192098493828,0.470114671708636,1.310629516322184,1,1,0,2,8,12,1,52.36,-1.17,GBR
C1267,Individual,Female,USA,Colorado,Personal Use,3,Yes,Website,60.733744010951405,55-64,3,1399933.8800000001,466644.6266666667,303.8631917164992,1529.4633333333334,0.0,3,2024-01-01,2024-12-01,11.0,Colorado,1,0,0,1,S4,Domestic Financed Home Buyers,S4 - Domestic Financed Home Buyers,S4,1,0.22535207187495598,-0.7567380013348093,0.2379018218786365,1,1,1,2,9,11,0,39.55,-105.78,USA
C1268,Individual,Female,UK,Northern Ireland,Investment,1,Yes,Website,30.250513347022586,<35,3,968928.25,322976.0833333333,324.3330013936697,1003.3133333333334,0.0,3,2024-01-01,2025-01-01,12.0,International,0,0,1,1,S3,International Buyers,S3 - International Buyers,S3,1,0.09176231309737717,-1.1997767963966066,1.1550911639493768,1,0,1,2,8,31,0,54.79,-6.49,GBR
C1269,Individual,Male,USA,California,Personal Use,5,No,Website,61.256673511293634,55-64,3,1046535.0,348845.0,300.8931992785535,1169.0466666666669,0.0,3,2024-04-01,2025-11-01,19.0,California,1,0,0,0,S1,Domestic Cash Home Buyers,S1 - Domestic Cash Home Buyers,S1,1,0.27790458317547684,0.676531201787907,0.06500229376366295,1,1,0,2,9,8,1,36.78,-119.42,USA
C1270,Individual,Female,USA,Texas,Personal Use,4,No,Agency,47.20328542094456,45-54,3,1310435.53,436811.8433333333,297.1370165750943,1465.92,0.0,3,2024-05-01,2025-01-01,8.0,Texas,1,0,0,0,S1,Domestic Cash Home Buyers,S1 - Domestic Cash Home Buyers,S1,1,0.20142241453356421,0.6082480073038801,-0.6626694990700714,1,1,0,0,9,47,0,31.97,-99.9,USA
C1271,Individual,Male,USA,California,Personal Use,2,Yes,Agency,33.30595482546201,<35,4,1296911.85,324227.9625,301.85823978883417,1040.5175,0.25,4,2024-09-01,2025-06-01,9.0,California,1,0,0,1,S4,Domestic Financed Home Buyers,S4 - Domestic Financed Home Buyers,S4,1,0.24559210516447094,-0.7213301881960046,-1.037478774259376,1,1,1,0,9,8,1,36.78,-119.42,USA
C1272,Individual,Male,France,Occitanie,Personal Use,1,Yes,Website,84.63518138261465,65+,3,778830.7999999999,259610.26666666663,289.1932404531524,899.62,0.0,3,2024-06-01,2025-04-01,10.0,International,0,0,0,1,S3,International Buyers,S3 - International Buyers,S3,1,0.04029691668499482,-0.8981679646618879,1.1715231190950426,1,1,1,2,4,34,1,43.89,3.28,FRA
C1273,Individual,Male,Canada,Alberta,Personal Use,5,No,Website,57.634496919917865,55-64,3,1462080.32,487360.1066666667,303.63608223036954,1592.1233333333332,0.0,3,2024-02-01,2025-12-01,22.0,International,0,0,0,0,S3,International Buyers,S3 - International Buyers,S3,1,0.1115803449380475,0.46566674245904277,1.2803898009256895,1,1,0,2,2,0,1,53.93,-116.58,CAN
C1274,Individual,Female,USA,California,Investment,1,Yes,Website,46.48049281314169,45-54,3,1038831.8500000001,346277.2833333334,299.1460353623706,1193.7733333333333,0.0,3,2024-01-01,2025-11-01,22.0,California,1,0,1,1,S2,Domestic Investors,S2 - Domestic Investors,S2,1,0.09445903722466946,-0.9859077818196871,-0.0950155288027843,1,0,1,2,9,8,0,36.78,-119.42,USA
C1275,Individual,Female,USA,Georgia,Investment,1,No,Website,56.84325804243669,55-64,4,1737593.0,434398.25,329.1616939102863,1312.8225,0.25,4,2024-01-01,2025-10-01,21.0,US - Other,1,0,1,0,S2,Domestic Investors,S2 - Domestic Investors,S2,1,0.12026935141053792,0.3353562204702128,0.2703920580289352,1,0,0,2,9,15,0,32.16,-82.9,USA
C1276,Individual,Male,Australia,Victoria,Personal Use,1,Yes,Agency,85.81245722108144,65+,3,1635917.97,545305.99,310.85377441242235,1754.9366666666667,0.6666666666666666,3,2024-07-01,2025-03-01,8.0,International,0,0,0,1,S3,International Buyers,S3 - International Buyers,S3,1,0.023959016218562963,-0.9016711708620786,0.1352425255045785,1,1,1,0,0,49,1,-36.85,144.28,AUS
C1277,Individual,Female,USA,California,Investment,2,No,Agency,44.7501711156742,35-44,3,1270250.68,423416.8933333333,341.3806389579295,1267.4066666666668,0.3333333333333333,3,2024-12-01,2025-12-01,12.0,California,1,0,1,0,S2,Domestic Investors,S2 - Domestic Investors,S2,1,0.15358489489028698,0.37061711066854613,-1.02232867394472,1,0,0,0,9,8,0,36.78,-119.42,USA
C1278,Individual,Male,USA,Utah,Personal Use,4,No,Website,28.435318275154003,<35,3,685587.81,228529.27000000002,288.96790493337113,791.0400000000001,0.0,3,2024-05-01,2025-05-01,12.0,Utah,1,0,0,0,S1,Domestic Cash Home Buyers,S1 - Domestic Cash Home Buyers,S1,1,0.2134235273123834,0.6167080781110039,0.3434810787689157,1,1,0,2,9,48,1,39.32,-111.09,USA
C1279,Individual,Male,USA,California,Personal Use,4,Yes,Website,82.22039698836413,65+,3,1278123.59,426041.1966666667,313.1094319023571,1366.5633333333335,0.0,3,2024-05-01,2025-07-01,14.0,California,1,0,0,1,S4,Domestic Financed Home Buyers,S4 - Domestic Financed Home Buyers,S4,1,0.27050722423519685,-0.6925606056244051,-0.02329586805925188,1,1,1,2,9,8,1,36.78,-119.42,USA
C1280,Individual,Male,USA,Texas,Personal Use,2,Yes,Website,72.2819986310746,65+,3,1295836.68,431945.56,305.86676104336146,1445.2933333333333,0.0,3,2024-07-01,2025-06-01,11.0,Texas,1,0,0,1,S4,Domestic Financed Home Buyers,S4 - Domestic Financed Home Buyers,S4,1,0.2149991929724765,-0.7431258607818927,0.2619004347384809,1,1,1,2,9,47,1,31.97,-99.9,USA
C1281,Individual,Female,Canada,Manitoba,Investment,2,Yes,Website,27.55373032169747,<35,3,889312.14,296437.38,318.30616978040996,899.9899999999999,0.0,3,2024-02-01,2025-10-01,20.0,International,0,0,1,1,S3,International Buyers,S3 - International Buyers,S3,1,0.09000446874612798,-1.201197585614031,1.1209151354640956,1,0,1,2,2,22,0,53.76,-98.81,CAN
C1282,Individual,Female,USA,Colorado,Investment,3,Yes,Agency,29.620807665982205,<35,4,1302998.6,325749.65,289.6247087677826,1155.47,0.0,4,2024-03-01,2025-09-01,18.0,Colorado,1,0,1,1,S2,Domestic Investors,S2 - Domestic Investors,S2,1,0.07637456098372626,-1.0660344580554384,-0.8482658101406191,1,0,1,0,9,11,0,39.55,-105.78,USA
C1283,Individual,Female,USA,New York,Personal Use,3,No,Agency,80.145106091718,65+,4,1479050.94,369762.735,301.009826635721,1185.59,0.5,4,2024-01-01,2025-05-01,16.0,New York,1,0,0,0,S1,Domestic Cash Home Buyers,S1 - Domestic Cash Home Buyers,S1,1,0.1985020380245245,0.6098818627441538,-0.6646779705513197,1,1,0,0,9,27,0,43.0,-75.0,USA
C1284,Individual,Male,USA,California,Personal Use,2,No,Website,70.2094455852156,65+,4,1443865.51,360966.3775,317.99538178504724,1111.6475,0.25,4,2024-08-01,2025-12-01,16.0,California,1,0,0,0,S1,Domestic Cash Home Buyers,S1 - Domestic Cash Home Buyers,S1,1,0.2872093159460631,0.6789324959970677,0.061130765164037704,1,1,0,2,9,8,1,36.78,-119.42,USA
C1285,Individual,Male,USA,Utah,Personal Use,4,Yes,Website,71.83299110198494,65+,3,1609592.58,536530.86,317.97700810134893,1680.5266666666666,0.3333333333333333,3,2024-06-01,2025-11-01,17.0,Utah,1,0,0,1,S4,Domestic Financed Home Buyers,S4 - Domestic Financed Home Buyers,S4,1,0.20932502667490407,-0.7470500576242274,0.2541780400046893,1,1,1,2,9,48,1,39.32,-111.09,USA
C1286,Individual,Male,USA,California,Personal Use,5,No,Agency,62.47775496235455,55-64,3,1203306.91,401102.3033333333,332.2095544408267,1192.5933333333332,0.0,3,2024-05-01,2025-03-01,10.0,California,1,0,0,0,S1,Domestic Cash Home Buyers,S1 - Domestic Cash Home Buyers,S1,1,0.24478643649669685,0.6600997722962436,-0.9487649346126581,1,1,0,0,9,8,1,36.78,-119.42,USA
C1287,Individual,Female,USA,California,Investment,4,No,Website,27.734428473648187,<35,3,843581.37,281193.79,308.4147183841683,901.6266666666667,0.6666666666666666,3,2025-05-01,2025-10-01,5.0,California,1,0,1,0,S2,Domestic Investors,S2 - Domestic Investors,S2,1,0.1455997385303065,0.38192544415536317,-0.008311880506280955,1,0,0,2,9,8,0,36.78,-119.42,USA
C1288,Individual,Male,Belgium,Wallonia,Personal Use,3,No,Agency,84.94455852156058,65+,3,971136.6900000001,323712.23000000004,277.8947408503251,1155.4633333333334,0.0,3,2024-06-01,2025-12-01,18.0,International,0,0,0,0,S3,International Buyers,S3 - International Buyers,S3,1,0.07729500971337429,0.47596552849981216,0.2312077104982681,1,1,0,0,1,52,1,50.41,4.44,BEL
C1289,Individual,Male,Mexico,Jalisco,Investment,1,Yes,Agency,52.43258042436687,45-54,4,1076161.8599999999,269040.46499999997,305.854787325517,854.58,0.0,4,2024-05-01,2025-07-01,14.0,International,0,0,1,1,S3,International Buyers,S3 - International Buyers,S3,1,0.05864083811271296,-1.2028784273528086,0.0640667711024438,1,0,1,0,6,19,1,20.66,-103.35,MEX
C1290,Individual,Female,USA,Washington,Personal Use,3,Yes,Website,52.186173853524984,45-54,4,1332432.9100000001,333108.22750000004,270.47420585362784,1195.1875,0.0,4,2024-08-01,2025-12-01,16.0,Washington,1,0,0,1,S4,Domestic Financed Home Buyers,S4 - Domestic Financed Home Buyers,S4,1,0.22209988552042462,-0.757311372458852,0.2601145133230637,1,1,1,2,9,53,0,47.75,-120.74,USA
C1291,Individual,Male,USA,California,Investment,5,Yes,Website,42.143737166324435,35-44,3,1123403.46,374467.82,299.60436198853193,1240.6066666666666,0.0,3,2024-03-01,2025-04-01,13.0,California,1,0,1,1,S2,Domestic Investors,S2 - Domestic Investors,S2,1,0.09482801705512921,-0.9873119702534523,-0.09289152275142465,1,0,1,2,9,8,1,36.78,-119.42,USA
C1292,Individual,Male,USA,Texas,Investment,5,Yes,Website,48.610540725530456,45-54,4,1099365.94,274841.485,274.33317746180415,1000.415,0.25,4,2024-09-01,2025-08-01,11.0,Texas,1,0,1,1,S2,Domestic Investors,S2 - Domestic Investors,S2,1,0.07675680696760583,-1.0348110698767163,0.1894423045917095,1,0,1,2,9,47,1,31.97,-99.9,USA
C1293,Individual,Female,USA,California,Personal Use,1,No,Agency,53.4154688569473,45-54,4,1853570.08,463392.52,298.7271183873049,1552.15,0.25,4,2024-06-01,2025-04-01,10.0,California,1,0,0,0,S1,Domestic Cash Home Buyers,S1 - Domestic Cash Home Buyers,S1,1,0.2411150802088076,0.6585066222942191,-0.9516987473842351,1,1,0,0,9,8,0,36.78,-119.42,USA
C1294,Individual,Male,Canada,Ontario,Investment,3,Yes,Agency,62.8911704312115,55-64,3,1220533.28,406844.4266666667,297.3926954853702,1371.6133333333335,0.0,3,2024-03-01,2024-08-01,5.0,International,0,0,1,1,S3,International Buyers,S3 - International Buyers,S3,1,0.07984450161168875,-1.2094221482414969,0.10567978041843834,1,0,1,0,2,36,1,51.25,-85.32,CAN
C1295,Individual,Female,USA,California,Investment,1,Yes,Website,33.69472963723477,<35,4,1478836.57,369709.1425,304.8354152752629,1202.2649999999999,0.0,4,2024-02-01,2024-06-01,4.0,California,1,0,1,1,S2,Domestic Investors,S2 - Domestic Investors,S2,1,0.09297308308144667,-0.9884036051117038,-0.09528757822616768,1,0,1,2,9,8,0,36.78,-119.42,USA
C1296,Individual,Male,USA,Virginia,Personal Use,1,No,Website,62.58179329226557,55-64,3,1025127.71,341709.23666666663,311.53304235834355,1089.46,0.3333333333333333,3,2024-03-01,2024-08-01,5.0,Virginia,1,0,0,0,S1,Domestic Cash Home Buyers,S1 - Domestic Cash Home Buyers,S1,1,0.21512606958317002,0.6272816354317714,0.3432358632225639,1,1,0,2,9,50,1,37.43,-78.66,USA
C1297,Corporate,Male,Germany,Berlin,Personal Use,5,No,Website,42.31895961670089,35-44,3,1169866.19,389955.39666666667,309.0064273458236,1267.4066666666668,0.3333333333333333,3,2024-01-01,2025-11-01,22.0,International,0,0,0,0,S3,International Buyers,S3 - International Buyers,S1,0,0.06970302226084156,0.44230515421130784,1.2532019520949298,0,1,0,2,5,4,1,52.52,13.4,DEU
C1298,Individual,Female,USA,California,Personal Use,2,No,Agency,57.4072553045859,55-64,4,1571360.11,392840.0275,307.0306964319474,1276.8225,0.0,4,2024-03-01,2025-10-01,19.0,California,1,0,0,0,S1,Domestic Cash Home Buyers,S1 - Domestic Cash Home Buyers,S1,1,0.2574199084147572,0.6596762293724354,-0.9509682947571263,1,1,0,0,9,8,0,36.78,-119.42,USA
C1299,Individual,Female,USA,California,Investment,3,No,Website,81.65639972621491,65+,3,1296600.42,432200.13999999996,300.4144260558383,1440.1933333333334,0.0,3,2024-05-01,2024-07-01,2.0,California,1,0,1,0,S2,Domestic Investors,S2 - Domestic Investors,S2,1,0.15785810662177577,0.3969473419833645,-0.009175617452312101,1,0,0,2,9,8,0,36.78,-119.42,USA
C1300,Individual,Female,USA,California,Personal Use,2,No,Website,64.98288843258042,55-64,3,1428770.88,476256.95999999996,327.8824297941291,1451.5366666666669,0.6666666666666666,3,2024-05-01,2025-05-01,12.0,California,1,0,0,0,S1,Domestic Cash Home Buyers,S1 - Domestic Cash Home Buyers,S1,1,0.2584580205595733,0.676678789345287,0.06175116015249582,1,1,0,2,9,8,0,36.78,-119.42,USA
C1301,Individual,Male,USA,Virginia,Personal Use,2,No,Agency,70.03969883641342,65+,3,742139.88,247379.96,293.7312978586513,851.8699999999999,0.3333333333333333,3,2024-01-01,2024-08-01,7.0,Virginia,1,0,0,0,S1,Domestic Cash Home Buyers,S1 - Domestic Cash Home Buyers,S1,1,0.20192960293832313,0.6115661998130884,-0.67133507526805,1,1,0,0,9,50,1,37.43,-78.66,USA
C1302,Individual,Male,USA,Arizona,Investment,5,No,Website,29.700205338809035,<35,4,1709532.6,427383.15,284.1023184671226,1486.3274999999999,0.25,4,2024-06-01,2024-09-01,3.0,Arizona,1,0,1,0,S2,Domestic Investors,S2 - Domestic Investors,S2,1,0.1235886074815247,0.33168901743552887,0.2691317192248524,1,0,0,2,9,1,1,34.05,-111.09,USA
C1303,Individual,Male,USA,Arizona,Personal Use,3,Yes,Website,63.35934291581109,55-64,3,979418.98,326472.99333333335,299.57634677232915,1106.3533333333332,0.0,3,2024-08-01,2025-07-01,11.0,Arizona,1,0,0,1,S4,Domestic Financed Home Buyers,S4 - Domestic Financed Home Buyers,S4,1,0.22635360873646185,-0.7498360640095658,0.25321016329705265,1,1,1,2,9,1,1,34.05,-111.09,USA
C1304,Individual,Female,USA,California,Investment,1,No,Website,40.563997262149215,35-44,3,965747.81,321915.9366666667,306.67764956984564,1049.3799999999999,0.0,3,2024-01-01,2025-04-01,15.0,California,1,0,1,0,S2,Domestic Investors,S2 - Domestic Investors,S2,1,0.15798032561297554,0.3870461347135074,-0.007891329941919767,1,0,0,2,9,8,0,36.78,-119.42,USA
C1305,Individual,Female,USA,Georgia,Personal Use,4,No,Website,47.28815879534565,45-54,4,1034190.9,258547.725,299.27468051423875,853.07,0.0,4,2024-11-01,2025-10-01,11.0,US - Other,1,0,0,0,S1,Domestic Cash Home Buyers,S1 - Domestic Cash Home Buyers,S1,1,0.22273429986982582,0.6175402702468924,0.3446076798832719,1,1,0,2,9,15,0,32.16,-82.9,USA
C1306,Individual,Female,USA,Washington,Personal Use,5,No,Website,77.78781656399727,65+,3,967094.76,322364.92,290.93227144910253,1090.7733333333333,0.3333333333333333,3,2024-05-01,2025-05-01,12.0,Washington,1,0,0,0,S1,Domestic Cash Home Buyers,S1 - Domestic Cash Home Buyers,S1,1,0.21489899877133975,0.6217152942321136,0.34619373040903967,1,1,0,2,9,53,0,47.75,-120.74,USA
C1307,Individual,Female,USA,Colorado,Personal Use,5,No,Agency,32.876112251882276,<35,3,920439.02,306813.00666666665,304.6236470594258,1012.96,0.0,3,2024-08-01,2025-11-01,15.0,Colorado,1,0,0,0,S1,Domestic Cash Home Buyers,S1 - Domestic Cash Home Buyers,S1,1,0.19127538016603318,0.5933814699342039,-0.6872564219464925,1,1,0,0,9,11,0,39.55,-105.78,USA
C1308,Individual,Male,USA,California,Investment,5,No,Agency,25.82614647501711,<35,4,1363559.13,340889.7825,319.931721150569,1042.1975,0.25,4,2024-10-01,2025-12-01,14.0,California,1,0,1,0,S2,Domestic Investors,S2 - Domestic Investors,S2,1,0.1418606169404434,0.36610368009203403,-1.0211433165573556,1,0,0,0,9,8,1,36.78,-119.42,USA
C1309,Individual,Male,USA,California,Personal Use,5,No,Website,26.069815195071868,<35,3,1460171.4100000001,486723.8033333334,290.92731892630866,1674.54,0.0,3,2024-05-01,2025-07-01,14.0,California,1,0,0,0,S1,Domestic Cash Home Buyers,S1 - Domestic Cash Home Buyers,S1,1,0.2557289845100106,0.6686555529051965,0.06787587884590118,1,1,0,2,9,8,1,36.78,-119.42,USA
C1310,Individual,Female,USA,New York,Personal Use,5,No,Agency,70.6611909650924,65+,4,1244334.1400000001,311083.53500000003,291.1520688348928,1077.195,0.0,4,2024-01-01,2024-12-01,11.0,New York,1,0,0,0,S1,Domestic Cash Home Buyers,S1 - Domestic Cash Home Buyers,S1,1,0.1971773671461439,0.6083006454072115,-0.6618044748554714,1,1,0,0,9,27,0,43.0,-75.0,USA
C1311,Individual,Male,UK,England,Personal Use,4,Yes,Client,85.37987679671458,65+,3,1352275.6400000001,450758.5466666667,326.23548483949776,1330.2166666666667,0.0,3,2024-01-01,2025-08-01,19.0,International,0,0,0,1,S3,International Buyers,S3 - International Buyers,S3,1,0.0456318253922943,-0.9222773348856246,0.6694020576879032,1,1,1,1,8,12,1,52.36,-1.17,GBR
C1312,Individual,Male,USA,New York,Personal Use,5,No,Website,83.32648870636551,65+,3,786877.06,262292.35333333333,329.94846757785575,801.46,0.0,3,2024-01-01,2025-05-01,16.0,New York,1,0,0,0,S1,Domestic Cash Home Buyers,S1 - Domestic Cash Home Buyers,S1,1,0.20850348769405175,0.6275363730642622,0.3522250142248083,1,1,0,2,9,27,1,43.0,-75.0,USA
C1313,Individual,Female,Australia,Western Australia,Investment,3,No,Website,53.790554414784395,45-54,3,997579.61,332526.5366666667,289.73778648242074,1138.4233333333334,0.0,3,2024-07-01,2025-09-01,14.0,International,0,0,1,0,S3,International Buyers,S3 - International Buyers,S3,1,0.08461929695594694,0.19775915864118704,1.1679947284813668,1,0,0,2,0,54,0,-25.04,117.79,AUS
C1314,Individual,Female,USA,Arizona,Personal Use,3,No,Website,61.28678986995209,55-64,3,803329.23,267776.41,261.0676098183861,1037.11,0.0,3,2024-01-01,2024-12-01,11.0,Arizona,1,0,0,0,S1,Domestic Cash Home Buyers,S1 - Domestic Cash Home Buyers,S1,1,0.2282314432445141,0.6238552070181917,0.3398618652264258,1,1,0,2,9,1,0,34.05,-111.09,USA
C1315,Individual,Male,USA,Colorado,Personal Use,3,No,Agency,77.01848049281314,65+,3,1066308.48,355436.16,307.1590436536374,1136.21,0.0,3,2024-04-01,2025-09-01,17.0,Colorado,1,0,0,0,S1,Domestic Cash Home Buyers,S1 - Domestic Cash Home Buyers,S1,1,0.2012079836552678,0.6042861603093366,-0.6907049012319426,1,1,0,0,9,11,1,39.55,-105.78,USA
C1316,Individual,Female,USA,Colorado,Personal Use,2,Yes,Website,32.64613278576318,<35,4,1238162.97,309540.7425,300.45395318273955,1052.8325,0.0,4,2024-03-01,2025-12-01,21.0,Colorado,1,0,0,1,S4,Domestic Financed Home Buyers,S4 - Domestic Financed Home Buyers,S4,1,0.22138455778736324,-0.7633968637606667,0.23734571011094918,1,1,1,2,9,11,0,39.55,-105.78,USA
C1317,Corporate,Male,USA,Utah,Personal Use,2,Yes,Website,52.09308692676249,45-54,3,1315200.12,438400.04000000004,296.24345786098615,1460.493333333333,0.0,3,2024-08-01,2025-03-01,7.0,Utah,1,0,0,1,S4,Domestic Financed Home Buyers,S4 - Domestic Financed Home Buyers,S1,0,0.15628264042579576,-0.7742999042186698,0.24466989121452326,0,1,1,2,9,48,1,39.32,-111.09,USA
C1318,Individual,Male,USA,Texas,Personal Use,1,No,Website,82.9514031485284,65+,4,1423923.98,355980.995,300.3757528149411,1169.615,0.25,4,2024-02-01,2025-04-01,14.0,Texas,1,0,0,0,S1,Domestic Cash Home Buyers,S1 - Domestic Cash Home Buyers,S1,1,0.20488202514580847,0.6335812688100917,0.3452344406970115,1,1,0,2,9,47,1,31.97,-99.9,USA
C1319,Individual,Female,USA,Florida,Personal Use,3,Yes,Client,71.37303216974675,65+,4,1424704.13,356176.0325,290.8809401794673,1227.645,0.0,4,2024-05-01,2025-03-01,10.0,Florida,1,0,0,1,S4,Domestic Financed Home Buyers,S4 - Domestic Financed Home Buyers,S1,0,0.17884242543968476,-0.7631781008316706,-0.29642546656131574,1,1,1,1,9,14,0,27.66,-81.52,USA
C1320,Individual,Male,USA,California,Investment,1,No,Website,56.662559890485966,55-64,3,1077693.04,359231.01333333337,323.8048741477655,1129.1766666666665,0.0,3,2024-03-01,2024-11-01,8.0,California,1,0,1,0,S2,Domestic Investors,S2 - Domestic Investors,S2,1,0.15952268666201994,0.3910121477899961,-0.008738379866262469,1,0,0,2,9,8,1,36.78,-119.42,USA
C1321,Individual,Male,USA,Colorado,Investment,5,No,Client,35.304585900068446,35-44,3,787847.37,262615.79,304.56986247039276,853.8133333333334,0.0,3,2024-02-01,2024-07-01,5.0,Colorado,1,0,1,0,S2,Domestic Investors,S2 - Domestic Investors,S1,0,0.11008833149641219,0.30508314393520825,-0.30251903869383134,1,0,0,1,9,11,1,39.55,-105.78,USA
C1322,Individual,Female,USA,California,Personal Use,5,No,Agency,31.014373716632445,<35,3,1094026.3399999999,364675.4466666666,292.15441842982426,1255.1200000000001,0.0,3,2024-06-01,2025-04-01,10.0,California,1,0,0,0,S1,Domestic Cash Home Buyers,S1 - Domestic Cash Home Buyers,S1,1,0.23779368238145362,0.6525134421010379,-0.9468968237807116,1,1,0,0,9,8,0,36.78,-119.42,USA
C1323,Individual,Male,USA,Utah,Personal Use,3,No,Website,62.42847364818618,55-64,4,1180654.6,295163.65,298.6410425683013,975.4225,0.0,4,2024-10-01,2025-10-01,12.0,Utah,1,0,0,0,S1,Domestic Cash Home Buyers,S1 - Domestic Cash Home Buyers,S1,1,0.2282014968406077,0.6256802718689014,0.3400928647747045,1,1,0,2,9,48,1,39.32,-111.09,USA
C1324,Individual,Male,USA,Arizona,Investment,2,Yes,Agency,33.69472963723477,<35,3,1323306.51,441102.17,300.30225741864166,1471.6200000000001,0.0,3,2024-06-01,2025-09-01,15.0,Arizona,1,0,1,1,S2,Domestic Investors,S2 - Domestic Investors,S2,1,0.07699629459499478,-1.0581967829771712,-0.8310815855617983,1,0,1,0,9,1,1,34.05,-111.09,USA
C1325,Individual,Male,Canada,Alberta,Personal Use,5,Yes,Agency,51.06091718001369,45-54,4,1380292.56,345073.14,320.3033579820976,1098.1675,0.0,4,2024-05-01,2025-06-01,13.0,International,0,0,0,1,S3,International Buyers,S3 - International Buyers,S3,1,0.052087315138964474,-0.9272964725965529,0.17817401589997223,1,1,1,0,2,0,1,53.93,-116.58,CAN
C1326,Individual,Male,USA,Colorado,Investment,4,No,Website,81.60985626283367,65+,4,1489578.01,372394.5025,300.06743547413544,1239.145,0.25,4,2024-08-01,2025-02-01,6.0,Colorado,1,0,1,0,S2,Domestic Investors,S2 - Domestic Investors,S2,1,0.12718281766604267,0.337144056453709,0.2489817760296641,1,0,0,2,9,11,1,39.55,-105.78,USA
C1327,Individual,Female,USA,California,Personal Use,4,Yes,Website,32.63244353182751,<35,3,664017.81,221339.27000000002,292.82933553308914,775.5666666666666,0.0,3,2024-03-01,2025-06-01,15.0,California,1,0,0,1,S4,Domestic Financed Home Buyers,S4 - Domestic Financed Home Buyers,S4,1,0.26217013018050583,-0.7052158486180968,-0.021252447787715734,1,1,1,2,9,8,0,36.78,-119.42,USA
C1328,Individual,Female,USA,Washington,Personal Use,4,No,Website,69.44010951403149,65+,4,1337283.29,334320.8225,284.79646614467947,1173.8125,0.0,4,2024-12-01,2025-12-01,12.0,Washington,1,0,0,0,S1,Domestic Cash Home Buyers,S1 - Domestic Cash Home Buyers,S1,1,0.2267582200022748,0.6211170053058304,0.34630038853534273,1,1,0,2,9,53,0,47.75,-120.74,USA
C1329,Individual,Male,USA,California,Investment,3,Yes,Agency,57.67556468172484,55-64,3,1041797.56,347265.85333333333,301.08908711795453,1127.1499999999999,0.0,3,2024-03-01,2024-12-01,9.0,California,1,0,1,1,S2,Domestic Investors,S2 - Domestic Investors,S2,1,0.09192861696413518,-1.0004079103548593,-1.1088211198670197,1,0,1,0,9,8,1,36.78,-119.42,USA
C1330,Individual,Female,USA,Colorado,Investment,2,No,Agency,50.666666666666664,45-54,4,835096.87,208774.2175,299.70040435410067,699.545,0.25,4,2024-04-01,2025-01-01,9.0,Colorado,1,0,1,0,S2,Domestic Investors,S2 - Domestic Investors,S2,1,0.1319213782166161,0.31234021236650483,-0.7648355809320446,1,0,0,0,9,11,0,39.55,-105.78,USA
C1331,Individual,Female,USA,California,Investment,1,No,Agency,39.23613963039014,35-44,3,1047958.11,349319.37,314.860411129258,1113.29,1.0,3,2024-10-01,2025-11-01,13.0,California,1,0,1,0,S2,Domestic Investors,S2 - Domestic Investors,S2,1,0.1249683512012483,0.36763562988981185,-1.0250284501391898,1,0,0,0,9,8,0,36.78,-119.42,USA
C1332,Individual,Male,USA,Washington,Investment,5,Yes,Agency,30.05612594113621,<35,3,1227353.63,409117.87666666665,305.320634007784,1350.4933333333333,0.0,3,2024-02-01,2024-08-01,6.0,Washington,1,0,1,1,S2,Domestic Investors,S2 - Domestic Investors,S2,1,0.07324412287366475,-1.0648256128196263,-0.8223408629239464,1,0,1,0,9,53,1,47.75,-120.74,USA
C1333,Individual,Male,USA,Nevada,Investment,2,Yes,Website,37.76317590691308,35-44,4,1364310.45,341077.6125,293.01872950107156,1146.9925,0.25,4,2024-04-01,2024-12-01,8.0,Nevada,1,0,1,1,S2,Domestic Investors,S2 - Domestic Investors,S2,1,0.08572682801666198,-1.05212910290997,0.1690032327536778,1,0,1,2,9,25,1,38.8,-116.42,USA
C1334,Individual,Female,USA,California,Personal Use,5,Yes,Agency,60.062970568104035,55-64,4,1906641.78,476660.445,306.4526823583849,1552.15,0.25,4,2024-04-01,2025-12-01,20.0,California,1,0,0,1,S4,Domestic Financed Home Buyers,S4 - Domestic Financed Home Buyers,S4,1,0.23484128978717733,-0.7148210435806475,-1.0372466760436356,1,1,1,0,9,8,0,36.78,-119.42,USA
C1335,Individual,Female,USA,Oregon,Investment,2,Yes,Website,43.66872005475702,35-44,3,1001510.5800000001,333836.86000000004,306.6020443465909,1070.1933333333334,0.0,3,2024-04-01,2025-05-01,13.0,Oregon,1,0,1,1,S2,Domestic Investors,S2 - Domestic Investors,S2,1,0.08092202895164155,-1.0570366089724985,0.1768329482047493,1,0,1,2,9,37,0,43.8,-120.55,USA
C1336,Individual,Female,USA,California,Personal Use,5,No,Client,77.05954825462013,65+,4,1371591.4,342897.85,294.8303500368349,1182.3725,0.25,4,2024-06-01,2025-07-01,13.0,California,1,0,0,0,S1,Domestic Cash Home Buyers,S1 - Domestic Cash Home Buyers,S1,1,0.20415900917755375,0.6595044959981184,-0.4945048040260824,1,1,0,1,9,8,0,36.78,-119.42,USA
C1337,Individual,Female,USA,California,Investment,5,No,Website,72.27926078028747,65+,4,1310989.71,327747.4275,303.425307452761,1073.905,0.25,4,2024-07-01,2025-02-01,7.1,California,1,0,1,0,S2,Domestic Investors,S2 - Domestic Investors,S2,1,0.15213829454633918,0.39396923299514114,-0.010285205040349465,1,0,0,2,9,8,0,36.78,-119.42,USA
C1338,Individual,Female,USA,California,Personal Use,2,Yes,Website,57.08145106091718,55-64,3,1096818.64,365606.2133333333,307.751875840346,1169.0466666666669,0.0,3,2024-03-01,2025-04-01,13.0,California,1,0,0,1,S4,Domestic Financed Home Buyers,S4 - Domestic Financed Home Buyers,S4,1,0.2857406458484842,-0.6984859587920572,-0.02279222546614834,1,1,1,2,9,8,0,36.78,-119.42,USA
C1339,Corporate,Male,USA,Nevada,Personal Use,4,Yes,Website,64.84873374401096,55-64,4,1532340.63,383085.1575,290.9089417657924,1338.9,0.25,4,2024-03-01,2025-08-01,17.0,Nevada,1,0,0,1,S4,Domestic Financed Home Buyers,S4 - Domestic Financed Home Buyers,S1,0,0.1587103886417061,-0.7841381267617245,0.22997645446743586,0,1,1,2,9,25,1,38.8,-116.42,USA
C1340,Corporate,Male,USA,Colorado,Personal Use,5,No,Website,37.07049965776865,35-44,4,1746049.93,436512.4825,306.7401245691841,1421.4650000000001,0.25,4,2024-06-01,2025-12-01,18.0,Colorado,1,0,0,0,S1,Domestic Cash Home Buyers,S1 - Domestic Cash Home Buyers,S1,1,0.1511197108349167,0.5883455346962514,0.3142448205935453,0,1,0,2,9,11,1,39.55,-105.78,USA
C1341,Individual,Female,USA,Colorado,Personal Use,5,Yes,Website,73.2703627652293,65+,3,756694.8300000001,252231.61000000002,270.53927769192296,952.2633333333333,0.0,3,2024-02-01,2024-11-01,9.0,Colorado,1,0,0,1,S4,Domestic Financed Home Buyers,S4 - Domestic Financed Home Buyers,S4,1,0.20824275700368552,-0.7548619172761013,0.23684358523734494,1,1,1,2,9,11,0,39.55,-105.78,USA
C1342,Individual,Female,USA,California,Personal Use,1,Yes,Agency,61.8590006844627,55-64,3,922722.19,307574.0633333333,307.87871084804675,1003.3133333333334,0.0,3,2024-03-01,2025-01-01,10.1,California,1,0,0,1,S4,Domestic Financed Home Buyers,S4 - Domestic Financed Home Buyers,S4,1,0.2410878422758259,-0.7143860078722819,-1.0377732282618033,1,1,1,0,9,8,0,36.78,-119.42,USA
C1343,Individual,Female,Canada,Ontario,Personal Use,5,No,Agency,30.803559206023273,<35,3,1005148.6399999999,335049.54666666663,289.85841278382395,1161.5433333333333,0.0,3,2024-06-01,2025-10-01,16.0,International,0,0,0,0,S3,International Buyers,S3 - International Buyers,S3,1,0.09841193834961452,0.4418770512149934,0.2675217958152209,1,1,0,0,2,36,0,51.25,-85.32,CAN
C1344,Individual,Male,USA,Florida,Personal Use,1,No,Agency,51.605749486652975,45-54,4,1319490.92,329872.73,289.83749201743683,1139.4675,0.0,4,2024-06-01,2025-10-01,16.0,Florida,1,0,0,0,S1,Domestic Cash Home Buyers,S1 - Domestic Cash Home Buyers,S1,1,0.19644485767136702,0.6104336256778788,-0.6668219837702689,1,1,0,0,9,14,1,27.66,-81.52,USA
C1345,Individual,Female,USA,Texas,Personal Use,5,No,Website,69.68377823408625,65+,3,942467.41,314155.80333333334,295.62836927054275,1049.3066666666666,0.3333333333333333,3,2024-01-01,2025-09-01,20.0,Texas,1,0,0,0,S1,Domestic Cash Home Buyers,S1 - Domestic Cash Home Buyers,S1,1,0.21355431916409956,0.629145662698865,0.3485053282459998,1,1,0,2,9,47,0,31.97,-99.9,USA
C1346,Corporate,Female,USA,Colorado,Investment,4,No,Agency,38.789869952087614,35-44,3,1037623.3900000001,345874.4633333334,320.6485349916175,1088.5866666666668,0.6666666666666666,3,2024-01-01,2024-04-01,3.0,Colorado,1,0,1,0,S2,Domestic Investors,S2 - Domestic Investors,S1,0,0.09428839258485018,0.2852826742158064,-0.7732449540661415,0,0,0,0,9,11,0,39.55,-105.78,USA
C1347,Individual,Male,USA,Washington,Personal Use,2,No,Client,69.88090349075975,65+,3,1001705.48,333901.82666666666,309.31487016254704,1090.9466666666667,0.0,3,2024-04-01,2025-02-01,10.1,Washington,1,0,0,0,S1,Domestic Cash Home Buyers,S1 - Domestic Cash Home Buyers,S1,1,0.17566666645344303,0.6004032849230319,-0.2097428158574428,1,1,0,1,9,53,1,47.75,-120.74,USA
C1348,Individual,Male,USA,Oregon,Personal Use,4,Yes,Client,27.460643394934976,<35,3,1021309.9299999999,340436.6433333333,287.7346955860514,1186.05,0.0,3,2025-04-01,2025-09-01,5.0,Oregon,1,0,0,1,S4,Domestic Financed Home Buyers,S4 - Domestic Financed Home Buyers,S1,0,0.18170210134559833,-0.7967520356541242,-0.30522114012158785,1,1,1,1,9,37,1,43.8,-120.55,USA
C1349,Individual,Female,USA,Virginia,Investment,3,No,Website,43.87679671457906,35-44,3,773186.34,257728.78,273.63708542091894,952.0733333333334,0.3333333333333333,3,2024-07-01,2025-01-01,6.0,Virginia,1,0,1,0,S2,Domestic Investors,S2 - Domestic Investors,S2,1,0.12875995025531833,0.33726070746863207,0.2724086536751063,1,0,0,2,9,50,0,37.43,-78.66,USA
C1350,Individual,Female,Germany,Hamburg,Personal Use,5,No,Website,34.625598904859686,<35,4,743296.88,185824.22,294.8533286176711,632.215,0.0,4,2024-09-01,2025-09-01,12.0,International,0,0,0,0,S3,International Buyers,S3 - International Buyers,S3,1,0.09531370566016381,0.46396495332154425,1.2630228202460887,1,1,0,2,5,16,0,53.55,9.99,DEU
C1351,Individual,Female,Australia,South Australia,Personal Use,2,No,Client,38.521560574948666,35-44,4,1400457.41,350114.3525,288.6164119503805,1234.8075000000001,0.0,4,2024-01-01,2025-11-01,22.0,International,0,0,0,0,S3,International Buyers,S3 - International Buyers,S3,1,0.07717427114996113,0.45911708371233956,0.6834421987607451,1,1,0,1,0,44,0,-30.0,136.21,AUS
C1352,Individual,Male,USA,California,Personal Use,2,Yes,Agency,36.79397672826831,35-44,3,1535963.18,511987.7266666666,311.06421416171185,1635.6233333333332,0.3333333333333333,3,2024-03-01,2025-07-01,16.0,California,1,0,0,1,S4,Domestic Financed Home Buyers,S4 - Domestic Financed Home Buyers,S4,1,0.23684005900712557,-0.7205054309255166,-1.0359583126001528,1,1,1,0,9,8,1,36.78,-119.42,USA
C1353,Individual,Female,Canada,Alberta,Personal Use,1,No,Agency,28.210814510609172,<35,3,532598.24,177532.74666666667,308.89892717930564,564.01,0.0,3,2024-06-01,2025-02-01,8.0,International,0,0,0,0,S3,International Buyers,S3 - International Buyers,S3,1,0.09314719798510696,0.44086858296858383,0.2648528959790883,1,1,0,0,2,0,0,53.93,-116.58,CAN
C1354,Individual,Male,USA,Florida,Personal Use,5,No,Website,84.72826830937714,65+,3,1545799.94,515266.64666666667,301.367849241984,1685.2766666666666,0.3333333333333333,3,2025-01-01,2025-12-01,11.0,Florida,1,0,0,0,S1,Domestic Cash Home Buyers,S1 - Domestic Cash Home Buyers,S1,1,0.20843773135312568,0.6341197242694765,0.34754225945253525,1,1,0,2,9,14,1,27.66,-81.52,USA
C1355,Individual,Female,USA,California,Investment,2,Yes,Client,59.10746064339494,55-64,3,1245446.7799999998,415148.9266666666,277.206870923407,1523.6933333333334,0.3333333333333333,3,2025-05-01,2025-11-01,6.0,California,1,0,1,1,S2,Domestic Investors,S2 - Domestic Investors,S1,0,0.0747896252751413,-1.0041673724920401,-0.6526055410466722,1,0,1,1,9,8,0,36.78,-119.42,USA
C1356,Individual,Male,USA,Oregon,Investment,4,No,Agency,31.76728268309377,<35,3,1490237.62,496745.87333333335,300.76576021619985,1648.5966666666666,0.0,3,2024-05-01,2025-06-01,13.0,Oregon,1,0,1,0,S2,Domestic Investors,S2 - Domestic Investors,S2,1,0.12995796392799505,0.29799397118081433,-0.7479012941639176,1,0,0,0,9,37,1,43.8,-120.55,USA
C1357,Individual,Female,USA,California,Personal Use,5,Yes,Website,38.836413415468854,35-44,3,1077383.54,359127.8466666667,320.9627754281345,1104.51,0.0,3,2024-07-01,2025-04-01,9.0,California,1,0,0,1,S4,Domestic Financed Home Buyers,S4 - Domestic Financed Home Buyers,S4,1,0.2615432835490026,-0.7031972326488106,-0.020364753006660408,1,1,1,2,9,8,0,36.78,-119.42,USA
C1358,Individual,Male,USA,Texas,Personal Use,4,No,Agency,82.98699520876113,65+,3,965180.83,321726.9433333333,295.3570386561734,1078.7866666666666,0.3333333333333333,3,2024-12-01,2025-12-01,12.0,Texas,1,0,0,0,S1,Domestic Cash Home Buyers,S1 - Domestic Cash Home Buyers,S1,1,0.19732951633081575,0.6155378099022251,-0.6666769749111368,1,1,0,0,9,47,1,31.97,-99.9,USA
C1359,Individual,Male,USA,Virginia,Personal Use,3,No,Agency,50.43668720054757,45-54,4,1381335.3,345333.825,310.61690685222595,1093.05,0.0,4,2024-03-01,2024-07-01,4.0,Virginia,1,0,0,0,S1,Domestic Cash Home Buyers,S1 - Domestic Cash Home Buyers,S1,1,0.21121095659647304,0.6084700816886432,-0.6691173334107057,1,1,0,0,9,50,1,37.43,-78.66,USA
C1360,Individual,Male,USA,Virginia,Personal Use,4,No,Agency,35.09377138945928,35-44,3,1001006.54,333668.8466666667,299.83423564259164,1111.2966666666666,0.0,3,2024-06-01,2025-11-01,17.0,Virginia,1,0,0,0,S1,Domestic Cash Home Buyers,S1 - Domestic Cash Home Buyers,S1,1,0.2054424819004601,0.6042232684245399,-0.66654188838455,1,1,0,0,9,50,1,37.43,-78.66,USA
C1361,Individual,Female,USA,California,Personal Use,3,No,Client,82.44763860369609,65+,4,1529260.3,382315.075,298.72811827632455,1296.5625,0.25,4,2024-01-01,2024-07-01,6.0,California,1,0,0,0,S1,Domestic Cash Home Buyers,S1 - Domestic Cash Home Buyers,S1,1,0.210014717382862,0.6611742318104032,-0.4955113434585589,1,1,0,1,9,8,0,36.78,-119.42,USA
C1362,Individual,Female,USA,California,Investment,1,Yes,Agency,60.71731690622861,55-64,4,993131.84,248282.96,288.1338062523594,894.905,0.0,4,2024-02-01,2025-07-01,17.0,California,1,0,1,1,S2,Domestic Investors,S2 - Domestic Investors,S2,1,0.08295771114677626,-0.99946635621769,-1.1116857040906518,1,0,1,0,9,8,0,36.78,-119.42,USA
C1363,Individual,Male,USA,Georgia,Personal Use,5,Yes,Agency,44.57494866529774,35-44,4,1109919.3599999999,277479.83999999997,298.65794388005617,942.035,0.25,4,2024-01-01,2025-04-01,15.0,US - Other,1,0,0,1,S4,Domestic Financed Home Buyers,S4 - Domestic Financed Home Buyers,S4,1,0.19023135005945216,-0.7750704038577965,-0.7563309111649137,1,1,1,0,9,15,1,32.16,-82.9,USA
C1364,Individual,Female,USA,California,Investment,1,No,Website,27.02258726899384,<35,4,1201578.93,300394.7325,267.8716477111817,1120.62,0.0,4,2024-01-01,2024-09-01,8.0,California,1,0,1,0,S2,Domestic Investors,S2 - Domestic Investors,S2,1,0.15204500176402364,0.3841848518256465,-0.008354759657474453,1,0,0,2,9,8,0,36.78,-119.42,USA
C1365,Individual,Female,Belgium,Brussels,Investment,5,Yes,Website,56.79397672826831,55-64,4,1443894.02,360973.505,288.78153177318814,1260.0625,0.0,4,2025-04-01,2025-06-01,2.0,International,0,0,1,1,S3,International Buyers,S3 - International Buyers,S3,1,0.07176153988476287,-1.1728519200614496,1.0875391080198553,1,0,1,2,1,7,0,50.85,4.35,BEL
C1366,Individual,Male,USA,California,Personal Use,1,No,Website,30.431211498973305,<35,3,1488525.13,496175.0433333333,295.09422620894026,1678.6133333333335,0.0,3,2024-03-01,2024-11-01,8.0,California,1,0,0,0,S1,Domestic Cash Home Buyers,S1 - Domestic Cash Home Buyers,S1,1,0.2531552535826156,0.6702005479253088,0.06592426798372186,1,1,0,2,9,8,1,36.78,-119.42,USA
C1367,Individual,Female,Germany,Berlin,Personal Use,2,No,Client,72.96919917864476,65+,3,1035889.5,345296.5,313.19543331816163,1124.5,0.3333333333333333,3,2024-02-01,2025-04-01,14.0,International,0,0,0,0,S3,International Buyers,S3 - International Buyers,S3,1,0.08050339987774212,0.45244715621867587,0.7040626962617076,1,1,0,1,5,4,0,52.52,13.4,DEU
C1368,Individual,Male,USA,California,Personal Use,5,Yes,Client,78.10814510609171,65+,4,1378979.49,344744.8725,324.28681644399717,1042.6625,0.5,4,2024-01-01,2025-05-01,16.0,California,1,0,0,1,S4,Domestic Financed Home Buyers,S4 - Domestic Financed Home Buyers,S1,0,0.19907162517097618,-0.7152700619788076,-0.5822922055369308,1,1,1,1,9,8,1,36.78,-119.42,USA
C1369,Individual,Male,France,Brittany,Personal Use,4,Yes,Agency,42.234086242299796,35-44,4,1615394.12,403848.53,303.1426698017808,1338.9,0.0,4,2024-03-01,2025-12-01,21.0,International,0,0,0,1,S3,International Buyers,S3 - International Buyers,S3,1,0.03874744498895933,-0.9244371838456586,0.1611813873935703,1,1,1,0,4,6,1,48.2,-2.93,FRA
C1370,Individual,Male,USA,Colorado,Investment,1,No,Agency,60.57494866529774,55-64,4,834659.23,208664.8075,296.83280519668,700.7825,0.0,4,2024-06-01,2025-08-01,14.0,Colorado,1,0,1,0,S2,Domestic Investors,S2 - Domestic Investors,S2,1,0.12560785655112183,0.3153820428526906,-0.7650462531480182,1,0,0,0,9,11,1,39.55,-105.78,USA
C1371,Individual,Male,UK,England,Personal Use,2,Yes,Website,36.53388090349076,35-44,4,1036681.19,259170.2975,283.828197605474,948.835,0.0,4,2024-11-01,2025-12-01,13.0,International,0,0,0,1,S3,International Buyers,S3 - International Buyers,S3,1,0.07139834274213987,-0.9133149687062319,1.2258873492595874,1,1,1,2,8,12,1,52.36,-1.17,GBR
C1372,Individual,Female,USA,Washington,Investment,2,No,Website,44.10951403148528,35-44,3,874872.8,291624.26666666666,283.43809920276067,1049.3066666666666,0.0,3,2024-07-01,2024-12-01,5.0,Washington,1,0,1,0,S2,Domestic Investors,S2 - Domestic Investors,S2,1,0.12562475939263845,0.32976980497862834,0.27567551356906994,1,0,0,2,9,53,0,47.75,-120.74,USA
C1373,Individual,Female,USA,California,Personal Use,3,Yes,Website,33.22108145106092,<35,3,1275663.27,425221.09,347.7696713686618,1221.6766666666665,0.0,3,2024-04-01,2025-03-01,11.0,California,1,0,0,1,S4,Domestic Financed Home Buyers,S4 - Domestic Financed Home Buyers,S4,1,0.27530654474004473,-0.7040512837403574,-0.020551269118346815,1,1,1,2,9,8,0,36.78,-119.42,USA
C1374,Corporate,Male,France,Ile-de-France,Personal Use,3,Yes,Agency,35.931553730321696,35-44,3,1230590.28,410196.76,311.0989886774999,1321.5233333333333,0.3333333333333333,3,2024-06-01,2025-11-01,17.0,International,0,0,0,1,S3,International Buyers,S3 - International Buyers,S1,0,0.026304268991640394,-0.9502962420503049,0.15054629656678897,0,1,1,0,4,18,1,48.85,2.35,FRA
C1375,Individual,Female,USA,California,Investment,4,Yes,Agency,53.106091718001366,45-54,4,1097182.3900000001,274295.59750000003,278.3924761574727,987.505,0.25,4,2024-06-01,2025-07-01,13.0,California,1,0,1,1,S2,Domestic Investors,S2 - Domestic Investors,S2,1,0.09200291234420768,-1.0020692663013173,-1.1105952357897038,1,0,1,0,9,8,0,36.78,-119.42,USA
C1376,Individual,Female,USA,Arizona,Investment,3,Yes,Agency,38.5242984257358,35-44,3,1272387.2999999998,424129.0999999999,283.3309734301966,1493.243333333333,0.3333333333333333,3,2025-04-01,2025-08-01,4.0,Arizona,1,0,1,1,S2,Domestic Investors,S2 - Domestic Investors,S2,1,0.08064801503895741,-1.0579931120476314,-0.8321824795081454,1,0,1,0,9,1,0,34.05,-111.09,USA
C1377,Individual,Female,USA,Utah,Investment,2,No,Website,41.99041752224504,35-44,3,828441.4099999999,276147.13666666666,323.406319351847,862.1066666666666,0.0,3,2024-09-01,2025-10-01,13.0,Utah,1,0,1,0,S2,Domestic Investors,S2 - Domestic Investors,S2,1,0.13045170842955306,0.33546794370556027,0.26970192413221544,1,0,0,2,9,48,0,39.32,-111.09,USA
C1378,Individual,Female,USA,California,Investment,1,No,Website,49.11430527036276,45-54,3,1399739.87,466579.9566666667,314.37888073539654,1464.8466666666666,0.0,3,2025-02-01,2025-08-01,5.9,California,1,0,1,0,S2,Domestic Investors,S2 - Domestic Investors,S2,1,0.1555023248780686,0.38958571087242305,-0.007782848867142977,1,0,0,2,9,8,0,36.78,-119.42,USA
C1379,Individual,Male,UK,Scotland,Personal Use,2,No,Website,55.5564681724846,55-64,3,827767.69,275922.5633333333,253.9385363632223,1077.3233333333335,0.0,3,2024-01-01,2024-10-01,9.0,International,0,0,0,0,S3,International Buyers,S3 - International Buyers,S3,1,0.12988740908031407,0.4652925561961671,1.3128551815066631,1,1,0,2,8,43,1,56.49,-4.2,GBR
C1380,Individual,Male,Canada,Alberta,Investment,4,No,Website,76.21081451060917,65+,3,1012542.1799999999,337514.06,321.70851505298106,1052.4533333333334,0.3333333333333333,3,2024-02-01,2025-08-01,18.0,International,0,0,1,0,S3,International Buyers,S3 - International Buyers,S3,1,0.1028814218556612,0.18395940060269994,1.204573957303069,1,0,0,2,2,0,1,53.93,-116.58,CAN
C1381,Individual,Male,Germany,Hesse,Personal Use,3,Yes,Website,63.54277891854894,55-64,3,1082639.9100000001,360879.97000000003,323.4200440739846,1131.0966666666666,0.0,3,2024-01-01,2025-01-01,12.0,International,0,0,0,1,S3,International Buyers,S3 - International Buyers,S3,1,0.05148416899468772,-0.902921937162658,1.175828452257716,1,1,1,2,5,17,1,50.65,9.16,DEU
C1382,Individual,Male,USA,Oregon,Personal Use,2,No,Website,74.62012320328542,65+,4,1176910.13,294227.5325,289.6867868165497,1024.3375,0.0,4,2024-05-01,2025-04-01,11.0,Oregon,1,0,0,0,S1,Domestic Cash Home Buyers,S1 - Domestic Cash Home Buyers,S1,1,0.21323528063110425,0.6099775283527222,0.33264394993683977,1,1,0,2,9,37,1,43.8,-120.55,USA
C1383,Individual,Male,USA,California,Personal Use,2,No,Agency,33.13620807665982,<35,3,864768.8300000001,288256.2766666667,319.1447580090689,899.9899999999999,0.3333333333333333,3,2024-09-01,2025-11-01,14.0,California,1,0,0,0,S1,Domestic Cash Home Buyers,S1 - Domestic Cash Home Buyers,S1,1,0.24650808676773056,0.6522894003534416,-0.9498753817452401,1,1,0,0,9,8,1,36.78,-119.42,USA
C1384,Individual,Female,USA,California,Personal Use,2,Yes,Agency,37.80971937029432,35-44,3,905480.04,301826.68,300.22268174276223,1016.7633333333333,0.0,3,2024-04-01,2025-09-01,17.0,California,1,0,0,1,S4,Domestic Financed Home Buyers,S4 - Domestic Financed Home Buyers,S4,1,0.24611213260860534,-0.7202313086662874,-1.0358232599957489,1,1,1,0,9,8,0,36.78,-119.42,USA
C1385,Individual,Male,USA,California,Personal Use,1,No,Agency,79.58384668035592,65+,3,1182983.03,394327.6766666667,315.5606573875795,1186.4366666666667,0.3333333333333333,3,2024-01-01,2025-03-01,14.0,California,1,0,0,0,S1,Domestic Cash Home Buyers,S1 - Domestic Cash Home Buyers,S1,1,0.23355539636441514,0.6638491213619844,-0.9527506876853029,1,1,0,0,9,8,1,36.78,-119.42,USA
C1386,Individual,Male,USA,Washington,Personal Use,4,Yes,Website,78.35728952772074,65+,3,1284366.78,428122.26,297.0928843357579,1431.79,0.3333333333333333,3,2024-02-01,2025-09-01,19.0,Washington,1,0,0,1,S4,Domestic Financed Home Buyers,S4 - Domestic Financed Home Buyers,S4,1,0.2093617505032659,-0.7520924370961237,0.25936616620774533,1,1,1,2,9,53,1,47.75,-120.74,USA
C1387,Individual,Male,Germany,Hamburg,Investment,4,No,Website,82.59822039698837,65+,3,804550.47,268183.49,294.2920370958322,901.6266666666667,0.0,3,2024-06-01,2024-10-01,4.0,International,0,0,1,0,S3,International Buyers,S3 - International Buyers,S3,1,0.08779540931346082,0.1905610319705096,1.188974177476906,1,0,0,2,5,16,1,53.55,9.99,DEU
C1388,Individual,Female,USA,Washington,Personal Use,3,No,Website,26.699520876112253,<35,3,1183031.06,394343.6866666667,295.9077826970037,1283.46,0.0,3,2024-07-01,2025-12-01,17.0,Washington,1,0,0,0,S1,Domestic Cash Home Buyers,S1 - Domestic Cash Home Buyers,S1,1,0.21975980644024132,0.6108976078671011,0.350154776795662,1,1,0,2,9,53,0,47.75,-120.74,USA
C1389,Individual,Male,UK,Scotland,Personal Use,2,No,Website,73.49486652977413,65+,4,1742522.83,435630.7075,332.82889280812594,1282.79,0.25,4,2024-03-01,2025-07-01,16.0,International,0,0,0,0,S3,International Buyers,S3 - International Buyers,S3,1,0.12614517717542817,0.4700439109183802,1.3104331938181135,1,1,0,2,8,43,1,56.49,-4.2,GBR
C1390,Individual,Female,USA,Nevada,Personal Use,3,No,Website,46.4476386036961,45-54,3,906492.19,302164.0633333333,312.16237881778284,971.1899999999999,0.3333333333333333,3,2024-10-01,2025-09-01,11.0,Nevada,1,0,0,0,S1,Domestic Cash Home Buyers,S1 - Domestic Cash Home Buyers,S1,1,0.22879812682428152,0.608418359541685,0.3288398181493466,1,1,0,2,9,25,0,38.8,-116.42,USA
C1391,Individual,Female,USA,Utah,Personal Use,1,No,Website,51.82203969883641,45-54,4,1579627.98,394906.995,293.221415458873,1343.6575,0.0,4,2024-04-01,2025-08-01,16.0,Utah,1,0,0,0,S1,Domestic Cash Home Buyers,S1 - Domestic Cash Home Buyers,S1,1,0.21345136477196267,0.6238128425858847,0.3404476984494153,1,1,0,2,9,48,0,39.32,-111.09,USA
C1392,Individual,Male,USA,Colorado,Personal Use,4,Yes,Agency,35.572895277207394,35-44,4,1434978.2000000002,358744.55000000005,316.3477678989435,1125.5149999999999,0.25,4,2024-02-01,2025-12-01,22.0,Colorado,1,0,0,1,S4,Domestic Financed Home Buyers,S4 - Domestic Financed Home Buyers,S4,1,0.20771168497167417,-0.7802294648233811,-0.7765240556757891,1,1,1,0,9,11,1,39.55,-105.78,USA
C1393,Individual,Female,Mexico,Baja California,Investment,1,No,Agency,44.479123887748116,35-44,4,1187799.99,296949.9975,300.9699791342987,1027.325,0.0,4,2024-03-01,2025-02-01,11.1,International,0,0,1,0,S3,International Buyers,S3 - International Buyers,S3,1,0.063715740466931,0.1698304984285865,0.15162923526631644,1,0,0,0,6,2,0,30.84,-115.28,MEX
C1394,Individual,Female,USA,Nevada,Personal Use,4,No,Website,48.84325804243669,45-54,4,1325404.6,331351.15,338.24849420095643,967.0,0.0,4,2024-04-01,2025-07-01,15.0,Nevada,1,0,0,0,S1,Domestic Cash Home Buyers,S1 - Domestic Cash Home Buyers,S1,1,0.22944159388860574,0.6102001712460992,0.3292018618221738,1,1,0,2,9,25,0,38.8,-116.42,USA
C1395,Individual,Female,Canada,Alberta,Investment,4,No,Website,37.25941136208077,35-44,4,1497964.92,374491.23,298.330563007414,1278.045,0.25,4,2024-07-01,2025-07-01,12.0,International,0,0,1,0,S3,International Buyers,S3 - International Buyers,S3,1,0.10360880025105668,0.17550875219075662,1.2063514191668872,1,0,0,2,2,0,0,53.93,-116.58,CAN
C1396,Individual,Male,Canada,Manitoba,Investment,3,Yes,Website,54.58179329226557,45-54,3,977070.1199999999,325690.04,299.10393131276413,1075.8333333333333,0.0,3,2024-02-01,2024-09-01,7.0,International,0,0,1,1,S3,International Buyers,S3 - International Buyers,S3,1,0.09374607188530677,-1.1947848833757961,1.119758214824164,1,0,1,2,2,22,1,53.76,-98.81,CAN
C1397,Individual,Female,USA,Nevada,Personal Use,4,No,Website,42.81177275838467,35-44,4,1551369.83,387842.4575,322.77712929203545,1175.235,0.0,4,2024-12-01,2025-05-01,5.0,Nevada,1,0,0,0,S1,Domestic Cash Home Buyers,S1 - Domestic Cash Home Buyers,S1,1,0.2277757621499162,0.608989068988989,0.32987347358937624,1,1,0,2,9,25,0,38.8,-116.42,USA
C1398,Individual,Male,USA,California,Personal Use,5,Yes,Website,59.04996577686516,55-64,3,926545.71,308848.57,266.04769183145544,1182.08,0.0,3,2024-03-01,2025-05-01,14.0,California,1,0,0,1,S4,Domestic Financed Home Buyers,S4 - Domestic Financed Home Buyers,S4,1,0.2678843834927099,-0.6986168859343233,-0.02194323154853306,1,1,1,2,9,8,1,36.78,-119.42,USA
C1399,Individual,Female,Canada,British Columbia,Personal Use,5,No,Agency,47.356605065023956,45-54,4,1259614.96,314903.74,294.4519351741127,1061.1325,0.0,4,2024-06-01,2025-11-01,17.0,International,0,0,0,0,S3,International Buyers,S3 - International Buyers,S3,1,0.09879034195214216,0.44615590505431363,0.2651218364756281,1,1,0,0,2,5,0,53.73,-127.65,CAN
C1400,Individual,Female,UK,Northern Ireland,Personal Use,4,No,Client,34.18754277891855,<35,4,1146194.54,286548.635,305.0892113884579,939.4875,0.0,4,2024-09-01,2025-04-01,7.0,International,0,0,0,0,S3,International Buyers,S3 - International Buyers,S3,1,0.0972768178540124,0.4398661902408229,0.7575636136839123,1,1,0,1,8,31,0,54.79,-6.49,GBR
C1401,Individual,Female,USA,Virginia,Investment,1,No,Website,26.77344284736482,<35,4,1223523.71,305880.9275,304.87269128671323,1005.5625,0.5,4,2024-05-01,2025-12-01,19.0,Virginia,1,0,1,0,S2,Domestic Investors,S2 - Domestic Investors,S2,1,0.11825499482707903,0.33374842230635055,0.2711814399273866,1,0,0,2,9,50,0,37.43,-78.66,USA
C1402,Individual,Female,USA,Utah,Personal Use,3,No,Agency,57.256673511293634,55-64,4,1394159.93,348539.9825,308.3155927686012,1132.7375,0.0,4,2024-02-01,2025-08-01,18.0,Utah,1,0,0,0,S1,Domestic Cash Home Buyers,S1 - Domestic Cash Home Buyers,S1,1,0.20667875985895545,0.6077710651485195,-0.6732127391299383,1,1,0,0,9,48,0,39.32,-111.09,USA
C1403,Individual,Female,USA,Oregon,Personal Use,2,No,Website,42.275154004106774,35-44,4,1463350.69,365837.6725,298.77504906617276,1210.7375000000002,0.0,4,2024-03-01,2025-12-01,21.0,Oregon,1,0,0,0,S1,Domestic Cash Home Buyers,S1 - Domestic Cash Home Buyers,S1,1,0.21578041622913668,0.6026156810427661,0.3351278136098885,1,1,0,2,9,37,0,43.8,-120.55,USA
C1404,Individual,Female,USA,California,Personal Use,4,No,Agency,75.44421629021218,65+,4,1193678.04,298419.51,293.38581779206373,1024.3375,0.0,4,2024-04-01,2025-05-01,13.0,California,1,0,0,0,S1,Domestic Cash Home Buyers,S1 - Domestic Cash Home Buyers,S1,1,0.25213590411646164,0.6633266036620986,-0.9517754929928051,1,1,0,0,9,8,0,36.78,-119.42,USA
C1405,Individual,Male,USA,Oregon,Personal Use,5,No,Agency,70.56536618754278,65+,3,1306722.3599999999,435574.11999999994,300.1765985835861,1438.2933333333333,0.3333333333333333,3,2024-08-01,2025-12-01,16.0,Oregon,1,0,0,0,S1,Domestic Cash Home Buyers,S1 - Domestic Cash Home Buyers,S1,1,0.19128563658027026,0.5910743424040155,-0.678979781080137,1,1,0,0,9,37,1,43.8,-120.55,USA
C1406,Individual,Female,USA,California,Personal Use,3,No,Website,55.331964407939765,55-64,4,1364413.45,341103.3625,292.83609949320567,1151.6100000000001,0.25,4,2024-03-01,2025-10-01,19.0,California,1,0,0,0,S1,Domestic Cash Home Buyers,S1 - Domestic Cash Home Buyers,S1,1,0.30013237473293386,0.6752080049119551,0.06241929417747649,1,1,0,2,9,8,0,36.78,-119.42,USA
C1407,Individual,Female,USA,California,Personal Use,1,No,Agency,69.77686516084873,65+,4,1429717.0899999999,357429.27249999996,321.81110918967147,1123.3175,0.5,4,2024-09-01,2025-09-01,12.0,California,1,0,0,0,S1,Domestic Cash Home Buyers,S1 - Domestic Cash Home Buyers,S1,1,0.23391416711857063,0.6614499059091725,-0.9540798041109997,1,1,0,0,9,8,0,36.78,-119.42,USA
C1408,Corporate,Female,USA,California,Personal Use,2,No,Agency,62.13278576317591,55-64,4,1345035.74,336258.935,300.25852632419776,1103.3025,0.0,4,2024-04-01,2025-08-01,16.0,California,1,0,0,0,S1,Domestic Cash Home Buyers,S1 - Domestic Cash Home Buyers,S1,1,0.1666875100526202,0.6372797148171272,-0.9622704248390799,0,1,0,0,9,8,0,36.78,-119.42,USA
C1409,Individual,Female,USA,Oregon,Investment,2,No,Website,68.41615331964408,65+,3,1072801.12,357600.37333333335,319.59152349740117,1117.9399999999998,0.3333333333333333,3,2024-01-01,2025-02-01,13.0,Oregon,1,0,1,0,S2,Domestic Investors,S2 - Domestic Investors,S2,1,0.13572435910029484,0.3226135959017636,0.26107991526815244,1,0,0,2,9,37,0,43.8,-120.55,USA
C1410,Individual,Female,USA,Nevada,Personal Use,2,No,Agency,60.04106776180698,55-64,4,1439196.49,359799.1225,307.80838722111224,1164.0149999999999,0.0,4,2024-02-01,2024-12-01,10.0,Nevada,1,0,0,0,S1,Domestic Cash Home Buyers,S1 - Domestic Cash Home Buyers,S1,1,0.20911089812712488,0.5962958060843697,-0.6861654298719599,1,1,0,0,9,25,0,38.8,-116.42,USA
C1411,Individual,Male,USA,California,Personal Use,2,No,Client,38.743326488706366,35-44,4,1318823.1600000001,329705.79000000004,305.1111929428628,1099.4925,0.25,4,2024-07-01,2025-11-01,16.0,California,1,0,0,0,S1,Domestic Cash Home Buyers,S1 - Domestic Cash Home Buyers,S1,1,0.20972665078405334,0.6507358103169427,-0.4933704803622158,1,1,0,1,9,8,1,36.78,-119.42,USA
C1412,Corporate,Female,USA,Nevada,Personal Use,2,No,Agency,40.50924024640657,35-44,4,1498125.2,374531.3,319.1782560511938,1158.7275,0.25,4,2024-01-01,2025-12-01,23.0,Nevada,1,0,0,0,S1,Domestic Cash Home Buyers,S1 - Domestic Cash Home Buyers,S1,1,0.14633521675050296,0.5678491518238105,-0.6964050783622608,0,1,0,0,9,25,0,38.8,-116.42,USA
C1413,Individual,Female,USA,California,Personal Use,4,No,Agency,57.28405201916495,55-64,4,1489065.1600000001,372266.29000000004,263.8251331821692,1425.7675,0.0,4,2024-01-01,2025-10-01,21.0,California,1,0,0,0,S1,Domestic Cash Home Buyers,S1 - Domestic Cash Home Buyers,S1,1,0.25958834877749115,0.6593300530838622,-0.9502045987649874,1,1,0,0,9,8,0,36.78,-119.42,USA
C1414,Individual,Female,USA,Florida,Personal Use,4,No,Website,50.6694045174538,45-54,4,1188718.7,297179.675,321.3830908549594,972.335,0.5,4,2024-02-01,2025-07-01,17.0,Florida,1,0,0,0,S1,Domestic Cash Home Buyers,S1 - Domestic Cash Home Buyers,S1,1,0.22310624340417431,0.6254699822073833,0.3465513780567602,1,1,0,2,9,14,0,27.66,-81.52,USA
C1415,Individual,Male,USA,California,Investment,1,No,Website,66.46680355920603,65+,3,748797.26,249599.08666666667,280.4393855022754,879.3433333333332,0.3333333333333333,3,2024-05-01,2025-07-01,14.0,California,1,0,1,0,S2,Domestic Investors,S2 - Domestic Investors,S2,1,0.15492877022216367,0.39206598807941434,-0.01116711382486324,1,0,0,2,9,8,1,36.78,-119.42,USA
C1416,Individual,Male,USA,Oregon,Personal Use,2,No,Agency,71.50171115674196,65+,3,1418066.3900000001,472688.7966666667,323.14009613968216,1452.2633333333333,0.0,3,2024-03-01,2024-12-01,9.0,Oregon,1,0,0,0,S1,Domestic Cash Home Buyers,S1 - Domestic Cash Home Buyers,S1,1,0.19477213765866072,0.5925381726724774,-0.6790281785915557,1,1,0,0,9,37,1,43.8,-120.55,USA
C1417,Individual,Male,UK,Scotland,Personal Use,5,No,Website,72.18069815195072,65+,3,1023021.48,341007.16,304.16747497947966,1066.59,0.0,3,2024-04-01,2025-11-01,19.0,International,0,0,0,0,S3,International Buyers,S3 - International Buyers,S3,1,0.12060620048057369,0.46916068563785956,1.3134338690052474,1,1,0,2,8,43,1,56.49,-4.2,GBR
C1418,Individual,Male,USA,Ohio,Investment,2,No,Website,71.73716632443532,65+,3,1443234.8900000001,481078.2966666667,312.2167070521368,1529.4633333333334,0.0,3,2024-06-01,2025-08-01,14.0,US - Other,1,0,1,0,S2,Domestic Investors,S2 - Domestic Investors,S2,1,0.12049537911405885,0.3390359523482975,0.27211032602948915,1,0,0,2,9,35,1,40.42,-82.91,USA
C1419,Individual,Male,Germany,Hamburg,Investment,4,Yes,Website,54.39835728952772,45-54,4,1143605.72,285901.43,316.9954617876365,928.745,0.5,4,2024-09-01,2025-02-01,5.0,International,0,0,1,1,S3,International Buyers,S3 - International Buyers,S3,1,0.07854529525415657,-1.1911930795391246,1.1011108987549367,1,0,1,2,5,16,1,53.55,9.99,DEU
C1420,Corporate,Male,UK,Wales,Personal Use,5,No,Website,44.19712525667351,35-44,4,1196856.69,299214.1725,314.74054100358313,929.6975,0.75,4,2024-08-01,2025-02-01,6.0,International,0,0,0,0,S3,International Buyers,S3 - International Buyers,S1,0,0.07975415574974136,0.43777036008203557,1.3005038145482246,0,1,0,2,8,51,1,52.13,-3.78,GBR
C1421,Individual,Male,USA,Colorado,Personal Use,1,No,Website,68.12867898699521,65+,3,938557.1900000001,312852.39666666667,285.13158002401656,1098.0666666666666,0.0,3,2024-03-01,2024-09-01,6.0,Colorado,1,0,0,0,S1,Domestic Cash Home Buyers,S1 - Domestic Cash Home Buyers,S1,1,0.21266001839572818,0.6191597574647616,0.3227287195934593,1,1,0,2,9,11,1,39.55,-105.78,USA
C1422,Individual,Male,USA,Florida,Investment,1,Yes,Website,70.9596167008898,65+,4,2032565.11,508141.2775,325.12661754679567,1555.2975000000001,0.0,4,2024-03-01,2024-11-01,8.0,Florida,1,0,1,1,S2,Domestic Investors,S2 - Domestic Investors,S2,1,0.06447787981234245,-1.0268817602250973,0.18737431876178265,1,0,1,2,9,14,1,27.66,-81.52,USA
C1423,Individual,Male,UK,Northern Ireland,Personal Use,4,Yes,Website,70.27789185489391,65+,4,1822778.3599999999,455694.58999999997,304.29811013204437,1504.0974999999999,0.25,4,2024-12-01,2025-10-01,10.0,International,0,0,0,1,S3,International Buyers,S3 - International Buyers,S3,1,0.07063155802165759,-0.9053551445934076,1.2247024936701891,1,1,1,2,8,31,1,54.79,-6.49,GBR
C1424,Individual,Female,USA,Utah,Personal Use,2,Yes,Agency,71.80561259411363,65+,3,1382756.57,460918.8566666667,311.0601813697586,1465.1466666666665,0.0,3,2024-10-01,2025-11-01,13.0,Utah,1,0,0,1,S4,Domestic Financed Home Buyers,S4 - Domestic Financed Home Buyers,S4,1,0.2020542688674064,-0.7631732723815576,-0.759736322046211,1,1,1,0,9,48,0,39.32,-111.09,USA
C1425,Individual,Male,Belgium,Flanders,Personal Use,3,No,Website,54.04243668720055,45-54,3,1449563.3199999998,483187.77333333326,314.2388366836658,1521.64,0.3333333333333333,3,2024-05-01,2025-11-01,18.0,International,0,0,0,0,S3,International Buyers,S3 - International Buyers,S3,1,0.09919254190868541,0.4853474319425803,1.246717523585793,1,1,0,2,1,13,1,51.05,4.48,BEL
C1426,Individual,Female,USA,Washington,Personal Use,2,No,Website,61.61533196440794,55-64,4,1709098.18,427274.545,281.3329516342789,1510.65,0.0,4,2024-02-01,2025-12-01,22.0,Washington,1,0,0,0,S1,Domestic Cash Home Buyers,S1 - Domestic Cash Home Buyers,S1,1,0.22349093909593662,0.6198452315611409,0.3463933190881987,1,1,0,2,9,53,0,47.75,-120.74,USA
C1427,Individual,Female,Australia,Victoria,Personal Use,5,No,Website,70.64476386036961,65+,4,1378636.21,344659.0525,304.2647367234449,1184.9475,0.25,4,2024-08-01,2025-08-01,12.0,International,0,0,0,0,S3,International Buyers,S3 - International Buyers,S3,1,0.0895892620212737,0.48638477949762177,1.2381308519849292,1,1,0,2,0,49,0,-36.85,144.28,AUS
C1428,Individual,Female,USA,Oregon,Personal Use,4,Yes,Agency,72.07118412046543,65+,4,1136052.54,284013.135,303.1437065301845,946.6525,0.25,4,2024-11-01,2025-11-01,12.0,Oregon,1,0,0,1,S4,Domestic Financed Home Buyers,S4 - Domestic Financed Home Buyers,S4,1,0.2048046031514948,-0.7828622243872649,-0.7680685905631806,1,1,1,0,9,37,0,43.8,-120.55,USA
C1429,Individual,Male,USA,Nevada,Investment,5,No,Agency,34.25051334702259,<35,4,1697550.01,424387.5025,296.0390082148649,1421.4650000000001,0.5,4,2024-05-01,2024-08-01,3.0,Nevada,1,0,1,0,S2,Domestic Investors,S2 - Domestic Investors,S2,1,0.12430177696652156,0.3039463512243326,-0.7570256900498269,1,0,0,0,9,25,1,38.8,-116.42,USA
C1430,Individual,Male,USA,Nevada,Personal Use,4,No,Website,62.30527036276523,55-64,3,928463.2,309487.73333333334,302.30540532128686,1022.67,0.0,3,2024-07-01,2025-09-01,14.0,Nevada,1,0,0,0,S1,Domestic Cash Home Buyers,S1 - Domestic Cash Home Buyers,S1,1,0.2284606947035048,0.6128523631094807,0.32942514040759874,1,1,0,2,9,25,1,38.8,-116.42,USA
C1431,Individual,Female,Germany,Hesse,Personal Use,3,Yes,Website,82.50239561943874,65+,4,1620159.73,405039.9325,294.31092622036033,1365.9450000000002,0.25,4,2024-06-01,2025-10-01,16.0,International,0,0,0,1,S3,International Buyers,S3 - International Buyers,S3,1,0.04746682327046619,-0.8984010061446954,1.17273136169409,1,1,1,2,5,17,0,50.65,9.16,DEU
C1432,Individual,Male,USA,Utah,Personal Use,3,No,Agency,74.01505817932923,65+,3,863383.74,287794.58,280.5723045676737,1033.6200000000001,0.3333333333333333,3,2024-07-01,2025-12-01,17.0,Utah,1,0,0,0,S1,Domestic Cash Home Buyers,S1 - Domestic Cash Home Buyers,S1,1,0.20231473418108986,0.6102686387446332,-0.6745668151748179,1,1,0,0,9,48,1,39.32,-111.09,USA
C1433,Individual,Male,Germany,Hamburg,Personal Use,4,No,Website,72.72005475701575,65+,3,1358111.0699999998,452703.68999999994,301.8286471674962,1493.243333333333,0.0,3,2024-04-01,2025-03-01,11.0,International,0,0,0,0,S3,International Buyers,S3 - International Buyers,S3,1,0.10102149258498612,0.4739016452965456,1.2629355494347172,1,1,0,2,5,16,1,53.55,9.99,DEU
C1434,Corporate,Female,USA,California,Investment,5,No,Agency,40.51745379876797,35-44,4,1038640.05,259660.0125,280.66256486581585,894.905,0.0,4,2024-08-01,2025-12-01,16.0,California,1,0,1,0,S2,Domestic Investors,S2 - Domestic Investors,S1,0,0.10062741291046073,0.3464805821516283,-1.0324412474730666,0,0,0,0,9,8,0,36.78,-119.42,USA
C1435,Individual,Male,USA,Texas,Investment,2,No,Agency,58.732375085557834,55-64,3,903765.87,301255.29,306.85415306784034,945.65,0.3333333333333333,3,2024-01-01,2025-07-01,18.0,Texas,1,0,1,0,S2,Domestic Investors,S2 - Domestic Investors,S2,1,0.12681780046505406,0.3249865024222443,-0.7384621231749076,1,0,0,0,9,47,1,31.97,-99.9,USA
C1436,Individual,Male,USA,California,Personal Use,2,No,Website,27.227926078028748,<35,3,969917.19,323305.73,328.2224337089137,992.2199999999999,0.3333333333333333,3,2024-06-01,2025-10-01,16.0,California,1,0,0,0,S1,Domestic Cash Home Buyers,S1 - Domestic Cash Home Buyers,S1,1,0.27091825323819757,0.6679623891631732,0.0646493374295346,1,1,0,2,9,8,1,36.78,-119.42,USA
C1437,Individual,Male,USA,Arizona,Investment,5,No,Agency,28.73100616016427,<35,4,1668948.58,417237.145,316.56522818730286,1332.2825,0.25,4,2024-05-01,2025-07-01,14.0,Arizona,1,0,1,0,S2,Domestic Investors,S2 - Domestic Investors,S2,1,0.12193113744652076,0.31451215514857683,-0.7447856166108544,1,0,0,0,9,1,1,34.05,-111.09,USA
C1438,Individual,Male,USA,California,Personal Use,2,Yes,Agency,37.4072553045859,35-44,3,1255115.0,418371.6666666667,311.81769669548936,1321.5033333333333,0.3333333333333333,3,2024-02-01,2025-06-01,16.0,California,1,0,0,1,S4,Domestic Financed Home Buyers,S4 - Domestic Financed Home Buyers,S4,1,0.24307081931986207,-0.7206396652447148,-1.0363583948810238,1,1,1,0,9,8,1,36.78,-119.42,USA
C1439,Individual,Female,USA,Virginia,Personal Use,2,No,Agency,25.21286789869952,<35,3,1040682.81,346894.27,299.2165849851361,1138.4233333333334,0.0,3,2024-04-01,2025-07-01,15.0,Virginia,1,0,0,0,S1,Domestic Cash Home Buyers,S1 - Domestic Cash Home Buyers,S1,1,0.1985059515666503,0.6021785428629829,-0.6666842051958151,1,1,0,0,9,50,0,37.43,-78.66,USA
C1440,Individual,Female,USA,Colorado,Investment,2,No,Agency,73.44832306639289,65+,3,901013.4199999999,300337.80666666664,312.59193529757385,1010.5300000000001,0.3333333333333333,3,2024-10-01,2025-04-01,6.0,Colorado,1,0,1,0,S2,Domestic Investors,S2 - Domestic Investors,S2,1,0.13101888459837802,0.3176071385432226,-0.7647311699451191,1,0,0,0,9,11,0,39.55,-105.78,USA
C1441,Individual,Female,USA,California,Investment,5,No,Website,80.31211498973306,65+,3,1201777.78,400592.5933333333,299.77777473901716,1334.84,0.0,3,2024-04-01,2025-10-01,18.0,California,1,0,1,0,S2,Domestic Investors,S2 - Domestic Investors,S2,1,0.14647872314514368,0.39628119447339677,-0.008372356309992224,1,0,0,2,9,8,0,36.78,-119.42,USA
C1442,Individual,Male,USA,Colorado,Personal Use,2,Yes,Client,25.53867214236824,<35,3,1007348.75,335782.9166666667,297.3387751031688,1110.6233333333332,0.0,3,2024-02-01,2025-12-01,22.0,Colorado,1,0,0,1,S4,Domestic Financed Home Buyers,S4 - Domestic Financed Home Buyers,S1,0,0.18302530483347235,-0.786027104757723,-0.31720939208453625,1,1,1,1,9,11,1,39.55,-105.78,USA
C1443,Individual,Female,USA,Florida,Personal Use,2,No,Website,46.10814510609172,45-54,3,1045348.1100000001,348449.37000000005,312.6904479895455,1072.4833333333333,0.0,3,2024-03-01,2025-03-01,12.0,Florida,1,0,0,0,S1,Domestic Cash Home Buyers,S1 - Domestic Cash Home Buyers,S1,1,0.22556596543172355,0.6255568174197066,0.3492120686190926,1,1,0,2,9,14,0,27.66,-81.52,USA
C1444,Individual,Male,USA,Colorado,Personal Use,3,No,Website,44.51745379876797,35-44,3,1089631.7,363210.56666666665,309.89794039598473,1186.05,0.0,3,2024-03-01,2025-08-01,17.0,Colorado,1,0,0,0,S1,Domestic Cash Home Buyers,S1 - Domestic Cash Home Buyers,S1,1,0.22754722883170103,0.6135297085952867,0.3253761798212621,1,1,0,2,9,11,1,39.55,-105.78,USA
C1445,Individual,Male,USA,Florida,Personal Use,5,No,Website,37.43189596167009,35-44,4,1249138.91,312284.7275,311.85896251718844,976.9675,0.0,4,2024-03-01,2025-03-01,12.0,Florida,1,0,0,0,S1,Domestic Cash Home Buyers,S1 - Domestic Cash Home Buyers,S1,1,0.2178756071290397,0.6234285394697796,0.3496390020504334,1,1,0,2,9,14,1,27.66,-81.52,USA
C1446,Individual,Female,USA,Ohio,Personal Use,4,No,Website,74.06160164271047,65+,4,1550820.49,387705.1225,282.12305197898206,1385.6475,0.0,4,2024-01-01,2025-01-01,12.0,US - Other,1,0,0,0,S1,Domestic Cash Home Buyers,S1 - Domestic Cash Home Buyers,S1,1,0.22301170120971675,0.6244445052838243,0.3435964923017404,1,1,0,2,9,35,0,40.42,-82.91,USA
C1447,Individual,Female,USA,Nevada,Investment,4,Yes,Client,53.63175906913073,45-54,4,1372408.9,343102.225,300.87864555065676,1151.37,0.0,4,2024-09-01,2025-09-01,12.0,Nevada,1,0,1,1,S2,Domestic Investors,S2 - Domestic Investors,S1,0,0.07171424640377293,-1.0686460840035614,-0.3866822339618638,1,0,1,1,9,25,0,38.8,-116.42,USA
C1448,Individual,Male,Russia,Tatarstan,Personal Use,1,No,Website,66.79808350444901,65+,4,1221304.62,305326.155,310.0261833663882,984.9525,0.25,4,2024-07-01,2025-09-01,14.0,International,0,0,0,0,S3,International Buyers,S3 - International Buyers,S3,1,0.09314553325523289,0.4828812081369271,1.2371055555142747,1,1,0,2,7,46,1,55.18,50.73,RUS
C1449,Individual,Female,USA,California,Investment,5,No,Website,26.548939082819988,<35,3,1110557.49,370185.83,300.02809628023556,1221.6766666666665,0.0,3,2024-01-01,2025-01-01,12.0,California,1,0,1,0,S2,Domestic Investors,S2 - Domestic Investors,S2,1,0.14731542230882355,0.3834339579057375,-0.005030760132755829,1,0,0,2,9,8,0,36.78,-119.42,USA
C1450,Individual,Female,USA,Virginia,Personal Use,5,No,Website,29.73579739904175,<35,3,1028509.6,342836.5333333333,330.50035181845584,1037.5833333333333,0.0,3,2024-03-01,2025-08-01,17.0,Virginia,1,0,0,0,S1,Domestic Cash Home Buyers,S1 - Domestic Cash Home Buyers,S1,1,0.2137204142937907,0.619784053437388,0.348216635555974,1,1,0,2,9,50,0,37.43,-78.66,USA
C1451,Individual,Female,USA,California,Personal Use,1,No,Website,42.20123203285421,35-44,4,1529673.3199999998,382418.32999999996,308.9886930825248,1259.875,0.0,4,2024-04-01,2025-12-01,20.0,California,1,0,0,0,S1,Domestic Cash Home Buyers,S1 - Domestic Cash Home Buyers,S1,1,0.26832058250573876,0.6730715204840263,0.06348006421190411,1,1,0,2,9,8,0,36.78,-119.42,USA
C1452,Individual,Female,Belgium,Wallonia,Personal Use,3,No,Client,32.40520191649555,<35,3,1320005.77,440001.92333333334,295.65286266710586,1487.6599999999999,0.0,3,2024-01-01,2025-07-01,18.0,International,0,0,0,0,S3,International Buyers,S3 - International Buyers,S3,1,0.07754352372299847,0.46024027172357057,0.6927180853672561,1,1,0,1,1,52,0,50.41,4.44,BEL
C1453,Individual,Male,USA,California,Personal Use,2,No,Agency,44.23271731690623,35-44,3,1145044.9,381681.6333333333,302.5763924117034,1243.8233333333333,0.0,3,2025-01-01,2025-06-01,5.0,California,1,0,0,0,S1,Domestic Cash Home Buyers,S1 - Domestic Cash Home Buyers,S1,1,0.25453704237575103,0.6560721020832272,-0.9489492623115539,1,1,0,0,9,8,1,36.78,-119.42,USA
C1454,Individual,Female,USA,California,Investment,1,No,Client,77.60711841204655,65+,3,1188825.44,396275.14666666667,302.1319212510687,1321.5033333333333,0.0,3,2024-06-01,2024-10-01,4.0,California,1,0,1,0,S2,Domestic Investors,S2 - Domestic Investors,S1,0,0.12223650767397623,0.3754942361253329,-0.5662976919719931,1,0,0,1,9,8,0,36.78,-119.42,USA
C1455,Individual,Female,USA,Colorado,Personal Use,3,Yes,Agency,36.544832306639286,35-44,3,985992.4299999999,328664.1433333333,328.95864543315975,983.4266666666667,0.3333333333333333,3,2024-02-01,2025-06-01,16.0,Colorado,1,0,0,1,S4,Domestic Financed Home Buyers,S4 - Domestic Financed Home Buyers,S4,1,0.20984152713743884,-0.7806332402793877,-0.7762380388630932,1,1,1,0,9,11,0,39.55,-105.78,USA
C1456,Corporate,Female,USA,Oregon,Investment,1,Yes,Website,33.51403148528405,<35,4,1598853.55,399713.3875,306.4595679787559,1313.38,0.0,4,2024-07-01,2025-09-01,14.0,Oregon,1,0,1,1,S2,Domestic Investors,S2 - Domestic Investors,S1,0,0.05442740576364722,-1.081929960752926,0.1654506602148972,0,0,1,2,9,37,0,43.8,-120.55,USA
C1457,Individual,Female,USA,California,Personal Use,3,Yes,Agency,76.92539356605064,65+,4,1537205.06,384301.265,322.5246216007684,1227.17,0.5,4,2024-04-01,2025-10-01,18.0,California,1,0,0,1,S4,Domestic Financed Home Buyers,S4 - Domestic Financed Home Buyers,S4,1,0.24295457044673124,-0.7114552646996745,-1.0404329154213836,1,1,1,0,9,8,0,36.78,-119.42,USA
C1458,Individual,Male,USA,Arizona,Personal Use,1,No,Website,75.29089664613278,65+,3,917921.54,305973.8466666667,323.36335122868644,979.0866666666667,0.3333333333333333,3,2024-01-01,2025-07-01,18.0,Arizona,1,0,0,0,S1,Domestic Cash Home Buyers,S1 - Domestic Cash Home Buyers,S1,1,0.2108237677545879,0.6268352687364223,0.3371971189440014,1,1,0,2,9,1,1,34.05,-111.09,USA
C1459,Individual,Male,USA,Arizona,Personal Use,5,No,Website,76.25735797399042,65+,4,1556253.48,389063.37,281.76842860276616,1385.6475,0.0,4,2024-01-01,2025-12-01,23.0,Arizona,1,0,0,0,S1,Domestic Cash Home Buyers,S1 - Domestic Cash Home Buyers,S1,1,0.21713866354739536,0.6281196219190537,0.339193480322765,1,1,0,2,9,1,1,34.05,-111.09,USA
C1460,Individual,Female,UK,England,Personal Use,1,Yes,Agency,53.07049965776865,45-54,4,1569390.69,392347.6725,301.2160297680804,1294.645,0.0,4,2024-04-01,2025-07-01,15.0,International,0,0,0,1,S3,International Buyers,S3 - International Buyers,S3,1,0.05126478207395708,-0.9256156801685,0.21119309935444353,1,1,1,0,8,12,0,52.36,-1.17,GBR
C1461,Individual,Female,USA,California,Personal Use,5,No,Website,81.96577686516085,65+,4,1507966.87,376991.7175,294.65289273709425,1294.645,0.0,4,2024-02-01,2025-05-01,14.9,California,1,0,0,0,S1,Domestic Cash Home Buyers,S1 - Domestic Cash Home Buyers,S1,1,0.2669861498216973,0.6819879995668456,0.06258226629814834,1,1,0,2,9,8,0,36.78,-119.42,USA
C1462,Individual,Female,Germany,Hamburg,Investment,3,No,Agency,41.700205338809035,35-44,4,1220331.12,305082.78,309.07038935922253,956.6725,0.5,4,2024-11-01,2025-12-01,13.0,International,0,0,1,0,S3,International Buyers,S3 - International Buyers,S3,1,0.06992683468443313,0.16355224287022946,0.17455734446714521,1,0,0,0,5,16,0,53.55,9.99,DEU
C1463,Individual,Male,USA,California,Personal Use,2,Yes,Website,82.00958247775496,65+,4,1639044.0,409761.0,302.06418749892663,1386.5875,0.0,4,2024-02-01,2025-06-01,16.0,California,1,0,0,1,S4,Domestic Financed Home Buyers,S4 - Domestic Financed Home Buyers,S4,1,0.2739649291347524,-0.6919791391704504,-0.02542054046608111,1,1,1,2,9,8,1,36.78,-119.42,USA
C1464,Individual,Male,USA,Arizona,Personal Use,1,No,Website,85.93292265571526,65+,3,1094818.68,364939.56,330.4418595121292,1086.24,0.0,3,2024-01-01,2025-07-01,18.0,Arizona,1,0,0,0,S1,Domestic Cash Home Buyers,S1 - Domestic Cash Home Buyers,S1,1,0.20668208955200068,0.630365622800565,0.3379661818166304,1,1,0,2,9,1,1,34.05,-111.09,USA
C1465,Individual,Male,USA,Ohio,Personal Use,3,Yes,Website,35.4798083504449,35-44,3,1312191.47,437397.1566666667,300.5316615488964,1457.8333333333333,0.0,3,2025-07-01,2025-08-01,1.0,US - Other,1,0,0,1,S4,Domestic Financed Home Buyers,S4 - Domestic Financed Home Buyers,S4,1,0.21216390112593456,-0.759307878300262,0.2602308945752534,1,1,1,2,9,35,1,40.42,-82.91,USA
C1466,Individual,Female,Belgium,Flanders,Investment,2,No,Website,26.34360027378508,<35,4,1387827.15,346956.7875,328.1210552680937,1053.27,0.0,4,2024-08-01,2025-09-01,13.0,International,0,0,1,0,S3,International Buyers,S3 - International Buyers,S3,1,0.08420804866681533,0.19469919201120406,1.1750344079506625,1,0,0,2,1,13,0,51.05,4.48,BEL
C1467,Individual,Female,USA,California,Personal Use,5,No,Client,74.45311430527036,65+,3,761353.26,253784.42,302.2165301319923,849.6366666666667,0.0,3,2024-02-01,2024-10-01,8.0,California,1,0,0,0,S1,Domestic Cash Home Buyers,S1 - Domestic Cash Home Buyers,S1,1,0.2012643167930343,0.6586012771269849,-0.4927980277917475,1,1,0,1,9,8,0,36.78,-119.42,USA
C1468,Individual,Male,Canada,Manitoba,Personal Use,3,No,Website,85.35249828884326,65+,3,1072452.07,357484.0233333334,294.75098457522006,1185.3533333333332,0.6666666666666666,3,2024-02-01,2024-06-01,4.0,International,0,0,0,0,S3,International Buyers,S3 - International Buyers,S3,1,0.10756914570501051,0.47051737775165586,1.27490182745498,1,1,0,2,2,22,1,53.76,-98.81,CAN
C1469,Individual,Male,USA,Colorado,Personal Use,1,No,Website,55.624914442162904,55-64,3,1512121.6400000001,504040.5466666667,327.2079411120867,1538.7766666666666,0.0,3,2024-10-01,2025-09-01,11.0,Colorado,1,0,0,0,S1,Domestic Cash Home Buyers,S1 - Domestic Cash Home Buyers,S1,1,0.21020726106164814,0.6168574934544431,0.3243897445975994,1,1,0,2,9,11,1,39.55,-105.78,USA
C1470,Individual,Male,USA,Colorado,Investment,3,Yes,Agency,85.59616700889802,65+,3,1440682.21,480227.4033333333,304.4043350910646,1590.8633333333335,0.0,3,2024-01-01,2024-05-01,4.0,Colorado,1,0,1,1,S2,Domestic Investors,S2 - Domestic Investors,S2,1,0.06987287807395325,-1.0526779064335632,-0.8499818434114088,1,0,1,0,9,11,1,39.55,-105.78,USA
C1471,Individual,Female,UK,Northern Ireland,Personal Use,1,Yes,Website,85.60438056125942,65+,4,1048588.76,262147.19,331.0608088131045,801.0649999999999,0.25,4,2024-02-01,2025-12-01,22.0,International,0,0,0,1,S3,International Buyers,S3 - International Buyers,S3,1,0.06133427887363656,-0.9021255182860546,1.2214454482655461,1,1,1,2,8,31,0,54.79,-6.49,GBR
C1472,Individual,Male,USA,Washington,Personal Use,1,No,Website,34.776180698151954,<35,4,1610320.87,402580.2175,322.59002526256074,1237.1025,0.0,4,2024-05-01,2025-07-01,14.0,Washington,1,0,0,0,S1,Domestic Cash Home Buyers,S1 - Domestic Cash Home Buyers,S1,1,0.20916540542410722,0.6135251543525555,0.3475997092666252,1,1,0,2,9,53,1,47.75,-120.74,USA
C1473,Individual,Female,USA,California,Personal Use,2,No,Agency,51.800136892539356,45-54,4,1415300.74,353825.185,336.1945799047344,1009.23,0.0,4,2024-01-01,2025-02-01,13.0,California,1,0,0,0,S1,Domestic Cash Home Buyers,S1 - Domestic Cash Home Buyers,S1,1,0.25809197050891686,0.6582029511740841,-0.9507917622968509,1,1,0,0,9,8,0,36.78,-119.42,USA
C1474,Individual,Male,USA,Oregon,Personal Use,3,No,Website,56.72553045859001,55-64,4,1563434.47,390858.6175,297.35612211570975,1307.3,0.0,4,2024-06-01,2025-11-01,17.0,Oregon,1,0,0,0,S1,Domestic Cash Home Buyers,S1 - Domestic Cash Home Buyers,S1,1,0.22186311670855355,0.6060096900376084,0.3347357175649581,1,1,0,2,9,37,1,43.8,-120.55,USA
C1475,Individual,Male,Mexico,Jalisco,Personal Use,4,Yes,Agency,81.41273100616016,65+,4,1579186.25,394796.5625,296.4368907369637,1287.055,0.0,4,2024-02-01,2025-10-01,20.0,International,0,0,0,1,S3,International Buyers,S3 - International Buyers,S3,1,0.028603250915728184,-0.9108888857041109,0.13653875229071766,1,1,1,0,6,19,1,20.66,-103.35,MEX
C1476,Individual,Male,USA,Nevada,Personal Use,1,No,Agency,25.56331279945243,<35,4,1505369.42,376342.355,322.5105874998143,1141.225,0.25,4,2024-02-01,2025-10-01,20.0,Nevada,1,0,0,0,S1,Domestic Cash Home Buyers,S1 - Domestic Cash Home Buyers,S1,1,0.19207260642202353,0.5877368227429107,-0.6851357145580057,1,1,0,0,9,25,1,38.8,-116.42,USA
C1477,Corporate,Female,USA,California,Investment,1,No,Agency,57.724845995893226,55-64,4,1051466.92,262866.73,281.8186828524417,920.7075,0.25,4,2024-07-01,2025-11-01,16.0,California,1,0,1,0,S2,Domestic Investors,S2 - Domestic Investors,S1,0,0.10160535468129832,0.35048575589638625,-1.0360952859572765,0,0,0,0,9,8,0,36.78,-119.42,USA
C1478,Individual,Female,Canada,British Columbia,Investment,1,No,Agency,67.30184804928132,65+,3,965772.74,321924.24666666664,306.9857194616921,1082.8966666666668,0.0,3,2024-04-01,2025-02-01,10.1,International,0,0,1,0,S3,International Buyers,S3 - International Buyers,S3,1,0.08286576138648784,0.16599797121096843,0.19099572229512413,1,0,0,0,2,5,0,53.73,-127.65,CAN
C1479,Individual,Male,USA,California,Investment,1,No,Website,57.765913757700204,55-64,4,1275455.51,318863.8775,309.7212538833377,1018.5225,0.0,4,2024-05-01,2025-12-01,19.0,California,1,0,1,0,S2,Domestic Investors,S2 - Domestic Investors,S2,1,0.15966232397718655,0.3915513801396168,-0.010239656125120566,1,0,0,2,9,8,1,36.78,-119.42,USA
C1480,Individual,Female,USA,Virginia,Investment,3,No,Client,40.72826830937714,35-44,4,1466467.79,366616.9475,303.07216392304974,1220.42,0.25,4,2024-03-01,2025-09-01,18.0,Virginia,1,0,1,0,S2,Domestic Investors,S2 - Domestic Investors,S1,0,0.11236232138921136,0.31702055764980314,-0.28406740328544017,1,0,0,1,9,50,0,37.43,-78.66,USA
C1481,Corporate,Female,USA,Arizona,Investment,3,No,Website,41.073237508555785,35-44,4,1059700.8800000001,264925.22000000003,302.0945395261979,901.245,0.75,4,2024-02-01,2025-05-01,14.9,Arizona,1,0,1,0,S2,Domestic Investors,S2 - Domestic Investors,S1,0,0.09394639760669032,0.30951574821968214,0.2542555468859376,0,0,0,2,9,1,0,34.05,-111.09,USA
C1482,Individual,Female,USA,Oregon,Personal Use,2,Yes,Website,72.93360711841204,65+,4,1665015.1700000002,416253.79250000004,317.8228762167945,1312.8225,0.25,4,2024-03-01,2025-10-01,19.0,Oregon,1,0,0,1,S4,Domestic Financed Home Buyers,S4 - Domestic Financed Home Buyers,S4,1,0.22683119583680714,-0.7649722099452607,0.24564326596233763,1,1,1,2,9,37,0,43.8,-120.55,USA
C1483,Individual,Male,USA,Colorado,Personal Use,3,Yes,Agency,50.5845311430527,45-54,4,1831769.62,457942.405,305.1133886249056,1486.3274999999999,0.0,4,2024-06-01,2025-11-01,17.0,Colorado,1,0,0,1,S4,Domestic Financed Home Buyers,S4 - Domestic Financed Home Buyers,S4,1,0.21272461500299542,-0.7756398269960305,-0.7766286878962025,1,1,1,0,9,11,1,39.55,-105.78,USA
C1484,Individual,Female,USA,Colorado,Personal Use,3,No,Client,54.22861054072553,45-54,4,1117191.81,279297.9525,279.1613172418742,995.0275,0.0,4,2024-05-01,2025-11-01,18.0,Colorado,1,0,0,0,S1,Domestic Cash Home Buyers,S1 - Domestic Cash Home Buyers,S1,1,0.17803679853715043,0.5952936015195696,-0.2333165357954612,1,1,0,1,9,11,0,39.55,-105.78,USA
C1485,Individual,Female,USA,Washington,Investment,4,No,Website,41.51403148528405,35-44,4,1604885.52,401221.38,292.9816807748882,1350.2175,0.25,4,2024-01-01,2024-07-01,6.0,Washington,1,0,1,0,S2,Domestic Investors,S2 - Domestic Investors,S2,1,0.12478025704097145,0.32922308496678526,0.2751897002886067,1,0,0,2,9,53,0,47.75,-120.74,USA
C1486,Individual,Female,UK,Wales,Personal Use,5,Yes,Website,29.54688569472964,<35,3,1019385.69,339795.23,292.8673703039761,1156.5633333333333,0.3333333333333333,3,2024-03-01,2024-07-01,4.0,International,0,0,0,1,S3,International Buyers,S3 - International Buyers,S3,1,0.07119448050996234,-0.9161670400103852,1.2281740486212291,1,1,1,2,8,51,0,52.13,-3.78,GBR
C1487,Individual,Female,USA,New York,Personal Use,3,No,Agency,60.05749486652977,55-64,4,1553533.51,388383.3775,297.7811731198733,1294.645,0.0,4,2024-01-01,2025-10-01,21.0,New York,1,0,0,0,S1,Domestic Cash Home Buyers,S1 - Domestic Cash Home Buyers,S1,1,0.2070594319718855,0.6063380851472311,-0.6615732904224443,1,1,0,0,9,27,0,43.0,-75.0,USA
C1488,Individual,Male,USA,Florida,Investment,2,No,Website,50.31622176591376,45-54,3,1029238.79,343079.5966666667,289.4914294540913,1140.1866666666667,0.0,3,2024-01-01,2024-12-01,11.0,Florida,1,0,1,0,S2,Domestic Investors,S2 - Domestic Investors,S2,1,0.11920937462123589,0.3415760909158814,0.276524594522236,1,0,0,2,9,14,1,27.66,-81.52,USA
C1489,Individual,Female,USA,Arizona,Personal Use,5,No,Agency,74.78713210130049,65+,3,1056549.47,352183.1566666667,289.0081924125951,1240.6066666666666,0.3333333333333333,3,2024-04-01,2024-07-01,3.0,Arizona,1,0,0,0,S1,Domestic Cash Home Buyers,S1 - Domestic Cash Home Buyers,S1,1,0.1988779163799259,0.6095116093280595,-0.6747530616486788,1,1,0,0,9,1,0,34.05,-111.09,USA
C1490,Individual,Male,UK,Wales,Investment,5,Yes,Client,31.15126625598905,<35,3,861119.76,287039.92,310.25731616493863,939.3299999999999,0.0,3,2024-03-01,2025-02-01,11.1,International,0,0,1,1,S3,International Buyers,S3 - International Buyers,S3,1,0.07259834900154978,-1.2208278211423682,0.6001479553771167,1,0,1,1,8,51,1,52.13,-3.78,GBR
C1491,Individual,Female,USA,Georgia,Personal Use,4,No,Agency,28.476386036960985,<35,4,1056750.03,264187.5075,293.3993073211121,901.245,0.0,4,2024-06-01,2025-05-01,11.0,US - Other,1,0,0,0,S1,Domestic Cash Home Buyers,S1 - Domestic Cash Home Buyers,S1,1,0.19600304208060815,0.5961991489881517,-0.6680725317393361,1,1,0,0,9,15,0,32.16,-82.9,USA
C1492,Individual,Female,Germany,Bavaria,Personal Use,2,No,Agency,41.034907597535934,35-44,3,1309655.49,436551.83,276.4736214807618,1579.3133333333335,0.0,3,2024-11-01,2025-11-01,12.0,International,0,0,0,0,S3,International Buyers,S3 - International Buyers,S3,1,0.08643537117499456,0.4496728253802212,0.25013414512581317,1,1,0,0,5,3,0,48.79,11.5,DEU
C1493,Individual,Male,USA,Washington,Personal Use,4,Yes,Agency,33.79329226557152,<35,3,864605.61,288201.87,289.6202277618615,1037.11,0.0,3,2024-05-01,2025-12-01,19.0,Washington,1,0,0,1,S4,Domestic Financed Home Buyers,S4 - Domestic Financed Home Buyers,S4,1,0.19505243479979867,-0.7793476679161289,-0.7512468149994167,1,1,1,0,9,53,1,47.75,-120.74,USA
C1494,Individual,Male,USA,New York,Personal Use,1,No,Client,29.727583846680357,<35,3,913338.07,304446.0233333333,328.08146284347066,934.8733333333333,0.0,3,2024-03-01,2025-11-01,20.0,New York,1,0,0,0,S1,Domestic Cash Home Buyers,S1 - Domestic Cash Home Buyers,S1,1,0.16592320200006586,0.5949125755610654,-0.20211840836616907,1,1,0,1,9,27,1,43.0,-75.0,USA
C1495,Individual,Male,Denmark,Capital Region,Personal Use,1,No,Website,34.143737166324435,<35,4,2059292.68,514823.17,318.4907225562597,1591.4724999999999,0.25,4,2024-04-01,2025-08-01,16.0,International,0,0,0,0,S3,International Buyers,S3 - International Buyers,S3,1,0.07756514972245761,0.4738048557235072,1.2221981714382146,1,1,0,2,3,9,1,55.68,12.57,DNK
C1496,Individual,Male,USA,Florida,Personal Use,5,No,Agency,39.12662559890486,35-44,3,1119013.6099999999,373004.5366666666,325.3276497292432,1151.5466666666669,0.3333333333333333,3,2024-06-01,2025-01-01,7.0,Florida,1,0,0,0,S1,Domestic Cash Home Buyers,S1 - Domestic Cash Home Buyers,S1,1,0.19751820434980785,0.6059542163336404,-0.6640177487425623,1,1,0,0,9,14,1,27.66,-81.52,USA
C1497,Individual,Male,USA,California,Investment,4,No,Agency,85.96577686516085,65+,3,794765.34,264921.77999999997,300.49342243566065,880.66,0.3333333333333333,3,2024-05-01,2025-12-01,19.0,California,1,0,1,0,S2,Domestic Investors,S2 - Domestic Investors,S2,1,0.14307901491405806,0.37949054960621026,-1.0249834930972253,1,0,0,0,9,8,1,36.78,-119.42,USA
C1498,Individual,Female,Mexico,Puebla,Investment,5,No,Website,58.90759753593429,55-64,4,1142631.83,285657.9575,319.26796185885496,889.8725000000001,0.0,4,2024-01-01,2025-05-01,16.0,International,0,0,1,0,S3,International Buyers,S3 - International Buyers,S3,1,0.08120719648433637,0.1896242622674406,1.166266120806317,1,0,0,2,6,39,0,19.04,-98.21,MEX
C1499,Individual,Female,Russia,Saint Petersburg,Personal Use,3,Yes,Agency,28.15605749486653,<35,3,1321905.54,440635.18,288.32959612880296,1523.6933333333334,0.0,3,2024-01-01,2025-08-01,19.0,International,0,0,0,1,S3,International Buyers,S3 - International Buyers,S3,1,0.032604603294548846,-0.9172485671015163,0.1423815416882127,1,1,1,0,7,42,0,59.93,30.34,RUS
C1500,Individual,Female,Australia,Victoria,Personal Use,2,No,Agency,30.989733059548254,<35,4,1020299.92,255074.98,301.55758255718763,841.385,0.0,4,2024-02-01,2024-11-01,9.0,International,0,0,0,0,S3,International Buyers,S3 - International Buyers,S3,1,0.07980210452441101,0.46059630723957373,0.225805439935106,1,1,0,0,0,49,0,-36.85,144.28,AUS
C1501,Individual,Female,USA,Oregon,Investment,4,No,Agency,74.04243668720055,65+,3,761279.08,253759.69333333333,293.9057419832944,851.4266666666667,0.6666666666666666,3,2024-02-01,2025-03-01,12.9,Oregon,1,0,1,0,S2,Domestic Investors,S2 - Domestic Investors,S2,1,0.1262543782114379,0.3055502552087876,-0.7541260995977221,1,0,0,0,9,37,0,43.8,-120.55,USA
C1502,Individual,Female,UK,Wales,Personal Use,5,Yes,Website,31.17864476386037,<35,4,1045772.34,261443.085,291.9126467750839,911.0425,0.0,4,2024-03-01,2025-01-01,10.1,International,0,0,0,1,S3,International Buyers,S3 - International Buyers,S3,1,0.0696513221925593,-0.9149354617482266,1.2275273811041523,1,1,1,2,8,51,0,52.13,-3.78,GBR
C1503,Corporate,Male,USA,Arizona,Investment,5,No,Website,39.36208076659822,35-44,4,1299971.48,324992.87,305.76986301876855,1050.5725,0.5,4,2024-04-01,2025-07-01,15.0,Arizona,1,0,1,0,S2,Domestic Investors,S2 - Domestic Investors,S1,0,0.0933746569872701,0.3097244584413443,0.256440705041545,0,0,0,2,9,1,1,34.05,-111.09,USA
C1504,Individual,Male,USA,California,Personal Use,4,No,Website,79.36755646817248,65+,3,871805.96,290601.98666666663,298.2924969011381,979.0866666666667,0.0,3,2024-09-01,2025-06-01,9.0,California,1,0,0,0,S1,Domestic Cash Home Buyers,S1 - Domestic Cash Home Buyers,S1,1,0.2801060989076936,0.680690543773093,0.06307732695691826,1,1,0,2,9,8,1,36.78,-119.42,USA
C1505,Individual,Male,USA,Virginia,Personal Use,3,No,Agency,31.633127994524298,<35,4,1012922.06,253230.515,309.21948095717687,799.9225,0.5,4,2025-07-01,2025-12-01,5.0,Virginia,1,0,0,0,S1,Domestic Cash Home Buyers,S1 - Domestic Cash Home Buyers,S1,1,0.19889202788869004,0.6024380647261358,-0.6701687808884347,1,1,0,0,9,50,1,37.43,-78.66,USA
C1506,Individual,Male,USA,Utah,Investment,3,No,Website,75.96988364134155,65+,3,1010109.4,336703.13333333336,293.17701824535834,1155.4633333333334,0.3333333333333333,3,2024-04-01,2024-08-01,4.0,Utah,1,0,1,0,S2,Domestic Investors,S2 - Domestic Investors,S2,1,0.12960575471314525,0.3429068033449751,0.267136712732393,1,0,0,2,9,48,1,39.32,-111.09,USA
C1507,Individual,Female,USA,Florida,Personal Use,3,No,Agency,74.7624914442163,65+,4,1499666.44,374916.61,296.105598799069,1220.915,0.0,4,2024-02-01,2025-07-01,17.0,Florida,1,0,0,0,S1,Domestic Cash Home Buyers,S1 - Domestic Cash Home Buyers,S1,1,0.2057463203955619,0.6158547570066844,-0.6672418134353375,1,1,0,0,9,14,0,27.66,-81.52,USA
C1508,Individual,Male,UK,Scotland,Personal Use,3,No,Agency,31.077344284736483,<35,4,965283.79,241320.9475,307.13049447062,783.64,0.25,4,2024-01-01,2025-06-01,17.0,International,0,0,0,0,S3,International Buyers,S3 - International Buyers,S3,1,0.10415516640823136,0.442141140815378,0.2986152917999744,1,1,0,0,8,43,1,56.49,-4.2,GBR
C1509,Individual,Female,USA,California,Personal Use,3,No,Website,79.04175222450377,65+,4,1821912.8699999999,455478.21749999997,310.98598398910434,1482.5875,0.0,4,2024-01-01,2024-09-01,8.0,California,1,0,0,0,S1,Domestic Cash Home Buyers,S1 - Domestic Cash Home Buyers,S1,1,0.2818427624732988,0.6817995471885825,0.06225746002282684,1,1,0,2,9,8,0,36.78,-119.42,USA
C1510,Corporate,Male,USA,California,Personal Use,5,No,Agency,63.082819986310746,55-64,3,804243.22,268081.0733333333,313.11786986632654,842.68,0.0,3,2024-05-01,2025-12-01,19.0,California,1,0,0,0,S1,Domestic Cash Home Buyers,S1 - Domestic Cash Home Buyers,S1,1,0.16230679460747452,0.6363845178262684,-0.9602416764064083,0,1,0,0,9,8,1,36.78,-119.42,USA
C1511,Individual,Female,France,Provence,Personal Use,2,Yes,Website,36.44900752908966,35-44,3,1093080.8599999999,364360.2866666666,313.13782522532307,1152.6466666666668,0.3333333333333333,3,2024-06-01,2025-03-01,9.0,International,0,0,0,1,S3,International Buyers,S3 - International Buyers,S3,1,0.04944496786240022,-0.9100016141441098,1.1745312021783028,1,1,1,2,4,38,0,43.94,6.06,FRA
C1512,Individual,Female,USA,Nevada,Personal Use,4,Yes,Client,70.53798767967146,65+,4,1209056.95,302264.2375,295.78788460472964,1046.42,0.25,4,2024-02-01,2024-12-01,10.0,Nevada,1,0,0,1,S4,Domestic Financed Home Buyers,S4 - Domestic Financed Home Buyers,S1,0,0.18366929923914735,-0.7804334892900653,-0.3164742112864806,1,1,1,1,9,25,0,38.8,-116.42,USA
C1513,Individual,Female,USA,Florida,Personal Use,2,No,Website,30.56536618754278,<35,3,1452266.37,484088.79000000004,314.51644459269636,1538.7766666666666,0.0,3,2025-03-01,2025-12-01,9.0,Florida,1,0,0,0,S1,Domestic Cash Home Buyers,S1 - Domestic Cash Home Buyers,S1,1,0.21691108735640807,0.6223294412786715,0.35080556082512915,1,1,0,2,9,14,0,27.66,-81.52,USA
C1514,Individual,Female,USA,New York,Personal Use,4,No,Website,39.063655030800824,35-44,3,1211908.53,403969.51,292.4424153622393,1386.32,0.3333333333333333,3,2024-09-01,2025-04-01,7.0,New York,1,0,0,0,S1,Domestic Cash Home Buyers,S1 - Domestic Cash Home Buyers,S1,1,0.2210906552222019,0.6170034172050454,0.3542930713062464,1,1,0,2,9,27,0,43.0,-75.0,USA
C1515,Individual,Female,USA,Nevada,Investment,5,No,Website,79.20876112251882,65+,4,1433703.52,358425.88,300.017466666214,1227.17,0.25,4,2024-01-01,2025-07-01,18.0,Nevada,1,0,1,0,S2,Domestic Investors,S2 - Domestic Investors,S2,1,0.12827303168709198,0.3318520639405483,0.2545558757380356,1,0,0,2,9,25,0,38.8,-116.42,USA
C1516,Individual,Female,USA,Texas,Personal Use,4,No,Website,72.60780287474333,65+,3,690456.91,230152.30333333334,282.5805427279085,801.46,0.3333333333333333,3,2024-04-01,2025-09-01,17.0,Texas,1,0,0,0,S1,Domestic Cash Home Buyers,S1 - Domestic Cash Home Buyers,S1,1,0.215067162392246,0.6295289746883401,0.3473348076255982,1,1,0,2,9,47,0,31.97,-99.9,USA
C1517,Individual,Male,USA,California,Investment,2,No,Agency,47.85215605749487,45-54,4,1328693.42,332173.355,314.3224112026111,1076.59,0.25,4,2024-02-01,2025-08-01,18.0,California,1,0,1,0,S2,Domestic Investors,S2 - Domestic Investors,S2,1,0.1568714386610085,0.371650162582233,-1.0238938278838454,1,0,0,0,9,8,1,36.78,-119.42,USA
C1518,Individual,Female,Australia,Victoria,Personal Use,5,Yes,Agency,31.23066392881588,<35,4,961942.8799999999,240485.71999999997,271.8180164903408,886.4275,0.0,4,2024-02-01,2025-06-01,16.0,International,0,0,0,1,S3,International Buyers,S3 - International Buyers,S3,1,0.03195248731599158,-0.9142486013189797,0.14009115259037508,1,1,1,0,0,49,0,-36.85,144.28,AUS
C1519,Individual,Male,USA,California,Personal Use,1,No,Agency,53.36618754277892,45-54,4,1366990.1300000001,341747.53250000003,314.78140946293524,1072.9850000000001,0.0,4,2024-07-01,2025-12-01,17.0,California,1,0,0,0,S1,Domestic Cash Home Buyers,S1 - Domestic Cash Home Buyers,S1,1,0.2441489659406605,0.6586471722995653,-0.9513810375161045,1,1,0,0,9,8,1,36.78,-119.42,USA
C1520,Individual,Male,USA,Utah,Personal Use,1,No,Website,80.07118412046543,65+,4,1425469.02,356367.255,298.05669935056414,1187.8925,0.0,4,2024-03-01,2025-05-01,14.0,Utah,1,0,0,0,S1,Domestic Cash Home Buyers,S1 - Domestic Cash Home Buyers,S1,1,0.20808063695222934,0.6303636792869534,0.3384346273526641,1,1,0,2,9,48,1,39.32,-111.09,USA
C1521,Individual,Male,USA,Nevada,Personal Use,4,No,Agency,52.016427104722794,45-54,3,913579.4099999999,304526.47,296.9488921952655,1032.28,0.0,3,2024-01-01,2025-12-01,23.0,Nevada,1,0,0,0,S1,Domestic Cash Home Buyers,S1 - Domestic Cash Home Buyers,S1,1,0.20918955305265874,0.5934783123739418,-0.6838744856275034,1,1,0,0,9,25,1,38.8,-116.42,USA
C1522,Individual,Female,USA,Washington,Personal Use,5,No,Website,61.295003422313485,55-64,4,1598304.98,399576.245,291.99700032189105,1378.985,0.25,4,2024-04-01,2025-10-01,18.0,Washington,1,0,0,0,S1,Domestic Cash Home Buyers,S1 - Domestic Cash Home Buyers,S1,1,0.22050762770741184,0.6187390228936194,0.3467141107560624,1,1,0,2,9,53,0,47.75,-120.74,USA
C1523,Corporate,Male,Australia,Victoria,Investment,3,No,Website,44.4435318275154,35-44,4,1652083.92,413020.98,308.4287730196221,1334.8775,0.0,4,2025-05-01,2025-12-01,7.0,International,0,0,1,0,S3,International Buyers,S3 - International Buyers,S1,0,0.058794873167661535,0.17298668690739832,1.157051444697203,0,0,0,2,0,49,1,-36.85,144.28,AUS
C1524,Individual,Male,USA,Virginia,Personal Use,2,No,Client,58.4394250513347,55-64,4,1434208.3,358552.075,310.18224336622586,1164.0149999999999,0.5,4,2024-02-01,2025-06-01,16.0,Virginia,1,0,0,0,S1,Domestic Cash Home Buyers,S1 - Domestic Cash Home Buyers,S1,1,0.1772699726796255,0.6056897596604927,-0.21415091873196246,1,1,0,1,9,50,1,37.43,-78.66,USA
C1525,Individual,Male,USA,California,Personal Use,1,No,Agency,66.35455167693361,65+,3,1336757.18,445585.7266666666,290.9902327776977,1511.63,0.0,3,2025-02-01,2025-12-01,10.0,California,1,0,0,0,S1,Domestic Cash Home Buyers,S1 - Domestic Cash Home Buyers,S1,1,0.23866728339278978,0.6616489227373632,-0.9505317884365048,1,1,0,0,9,8,1,36.78,-119.42,USA
C1526,Individual,Female,USA,California,Personal Use,3,No,Website,69.40451745379877,65+,3,1429330.15,476443.3833333333,298.8037586643884,1600.9133333333332,0.0,3,2024-03-01,2025-05-01,14.0,California,1,0,0,0,S1,Domestic Cash Home Buyers,S1 - Domestic Cash Home Buyers,S1,1,0.2857542370940933,0.6791356891932046,0.06417909675340883,1,1,0,2,9,8,0,36.78,-119.42,USA
C1527,Individual,Female,USA,California,Personal Use,1,No,Agency,36.63518138261465,35-44,3,993447.0599999999,331149.01999999996,276.3289525019986,1200.3500000000001,0.0,3,2024-03-01,2025-06-01,15.0,California,1,0,0,0,S1,Domestic Cash Home Buyers,S1 - Domestic Cash Home Buyers,S1,1,0.2379313638365579,0.6541966997359099,-0.9491364346704161,1,1,0,0,9,8,0,36.78,-119.42,USA
C1528,Individual,Female,Germany,Hamburg,Personal Use,1,Yes,Website,28.32854209445585,<35,3,1058452.68,352817.56,305.66475837574933,1125.17,0.3333333333333333,3,2024-10-01,2025-12-01,14.0,International,0,0,0,1,S3,International Buyers,S3 - International Buyers,S3,1,0.048706461461667794,-0.9118189128801195,1.1760734995168762,1,1,1,2,5,16,0,53.55,9.99,DEU
C1529,Corporate,Male,USA,California,Personal Use,4,No,Website,36.70088980150582,35-44,4,1614522.9000000001,403630.72500000003,300.44911294307315,1350.98,0.0,4,2024-01-01,2025-11-01,22.0,California,1,0,0,0,S1,Domestic Cash Home Buyers,S1 - Domestic Cash Home Buyers,S1,1,0.17830130387329005,0.6481784638236672,0.05449175346112678,0,1,0,2,9,8,1,36.78,-119.42,USA
C1530,Individual,Female,USA,California,Personal Use,2,No,Website,37.111567419575636,35-44,3,1011087.75,337029.25,308.5928380611333,1107.81,0.0,3,2024-01-01,2025-06-01,17.0,California,1,0,0,0,S1,Domestic Cash Home Buyers,S1 - Domestic Cash Home Buyers,S1,1,0.28152234919987035,0.6711266474154469,0.06522721340862814,1,1,0,2,9,8,0,36.78,-119.42,USA
C1531,Individual,Male,France,Brittany,Investment,2,No,Website,61.79603011635866,55-64,4,1272471.05,318117.7625,297.9391163758428,1065.415,0.5,4,2024-04-01,2024-12-01,8.0,International,0,0,1,0,S3,International Buyers,S3 - International Buyers,S3,1,0.08720386254588146,0.1853766755545439,1.1853420929784473,1,0,0,2,4,6,1,48.2,-2.93,FRA
C1532,Individual,Female,USA,Texas,Personal Use,3,Yes,Website,27.263518138261464,<35,4,1446462.79,361615.6975,309.902778608621,1164.0149999999999,0.0,4,2024-05-01,2025-06-01,13.0,Texas,1,0,0,1,S4,Domestic Financed Home Buyers,S4 - Domestic Financed Home Buyers,S4,1,0.21166354616068553,-0.7537164100624225,0.26370809616069535,1,1,1,2,9,47,0,31.97,-99.9,USA
C1533,Individual,Male,Canada,British Columbia,Personal Use,4,No,Agency,37.23750855578371,35-44,4,1019127.09,254781.7725,344.03247862808036,727.265,0.5,4,2024-09-01,2025-07-01,10.0,International,0,0,0,0,S3,International Buyers,S3 - International Buyers,S3,1,0.09976179597420429,0.44243888351854216,0.26325751800130043,1,1,0,0,2,5,1,53.73,-127.65,CAN
C1534,Individual,Female,USA,California,Personal Use,4,Yes,Website,29.56331279945243,<35,3,1195359.88,398453.2933333333,303.77609308440236,1303.4733333333334,0.0,3,2024-04-01,2025-10-01,18.0,California,1,0,0,1,S4,Domestic Financed Home Buyers,S4 - Domestic Financed Home Buyers,S4,1,0.2677861480157881,-0.7051291753625898,-0.020004514004409057,1,1,1,2,9,8,0,36.78,-119.42,USA
C1535,Individual,Male,UK,England,Investment,3,No,Agency,31.326488706365502,<35,4,1967005.46,491751.365,311.3057429808408,1591.4724999999999,0.0,4,2024-08-01,2025-09-01,13.0,International,0,0,1,0,S3,International Buyers,S3 - International Buyers,S3,1,0.08665091603038814,0.15880311283364773,0.2283402237580212,1,0,0,0,8,12,1,52.36,-1.17,GBR
C1536,Individual,Female,USA,Washington,Personal Use,3,No,Website,43.572895277207394,35-44,3,1076884.84,358961.61333333334,326.4196675634502,1050.6433333333332,0.3333333333333333,3,2024-05-01,2025-06-01,13.0,Washington,1,0,0,0,S1,Domestic Cash Home Buyers,S1 - Domestic Cash Home Buyers,S1,1,0.22716984746620186,0.6140002259433499,0.3477501598158306,1,1,0,2,9,53,0,47.75,-120.74,USA
C1537,Individual,Female,USA,Arizona,Personal Use,5,No,Website,26.409308692676248,<35,3,1637300.4100000001,545766.8033333333,345.4049857254848,1579.3133333333335,0.3333333333333333,3,2024-11-01,2025-06-01,7.0,Arizona,1,0,0,0,S1,Domestic Cash Home Buyers,S1 - Domestic Cash Home Buyers,S1,1,0.20681589985814217,0.6155699488035111,0.3430995249164841,1,1,0,2,9,1,0,34.05,-111.09,USA
C1538,Individual,Female,USA,California,Investment,5,No,Website,78.98151950718686,65+,3,775544.78,258514.92666666667,285.75111611160736,941.38,0.3333333333333333,3,2024-05-01,2025-09-01,16.0,California,1,0,1,0,S2,Domestic Investors,S2 - Domestic Investors,S2,1,0.1460715795215767,0.39459461237799137,-0.010211686175557122,1,0,0,2,9,8,0,36.78,-119.42,USA
C1539,Individual,Male,USA,Nevada,Personal Use,1,No,Agency,28.635181382614647,<35,3,811448.36,270482.7866666667,272.5672214691155,995.5099999999999,0.0,3,2024-05-01,2025-06-01,13.0,Nevada,1,0,0,0,S1,Domestic Cash Home Buyers,S1 - Domestic Cash Home Buyers,S1,1,0.19078549787358762,0.5881383275142265,-0.6838491111753486,1,1,0,0,9,25,1,38.8,-116.42,USA
C1540,Individual,Male,USA,California,Personal Use,2,Yes,Client,68.07939767282683,65+,3,842510.7,280836.89999999997,315.45532732347186,908.2333333333332,0.0,3,2024-10-01,2025-06-01,8.0,California,1,0,0,1,S4,Domestic Financed Home Buyers,S4 - Domestic Financed Home Buyers,S1,0,0.21563901876843872,-0.7168615151111404,-0.580353132782989,1,1,1,1,9,8,1,36.78,-119.42,USA
C1541,Individual,Male,USA,California,Personal Use,2,No,Website,61.111567419575636,55-64,4,1173616.46,293404.115,304.45242557540735,995.0275,0.25,4,2024-10-01,2025-03-01,5.0,California,1,0,0,0,S1,Domestic Cash Home Buyers,S1 - Domestic Cash Home Buyers,S1,1,0.289463711298637,0.6764900828460125,0.06135025138270256,1,1,0,2,9,8,1,36.78,-119.42,USA
C1542,Individual,Male,USA,Nevada,Personal Use,1,Yes,Website,36.42984257357974,35-44,3,1261648.92,420549.63999999996,310.20797336558843,1356.7466666666667,0.0,3,2024-02-01,2025-01-01,11.0,Nevada,1,0,0,1,S4,Domestic Financed Home Buyers,S4 - Domestic Financed Home Buyers,S4,1,0.2152880157418644,-0.7669466372855888,0.2434997132827751,1,1,1,2,9,25,1,38.8,-116.42,USA
C1543,Individual,Female,USA,New York,Investment,3,No,Agency,70.1409993155373,65+,3,1199490.31,399830.10333333333,308.065002319388,1267.4066666666668,0.3333333333333333,3,2024-07-01,2025-02-01,7.1,New York,1,0,1,0,S2,Domestic Investors,S2 - Domestic Investors,S2,1,0.11928110217469218,0.32260327888908163,-0.7344885998445854,1,0,0,0,9,27,0,43.0,-75.0,USA
C1544,Individual,Female,Russia,Tatarstan,Personal Use,3,No,Website,78.68035592060232,65+,3,1551623.3,517207.76666666666,305.8955791098728,1679.1066666666666,0.0,3,2024-02-01,2025-02-01,12.0,International,0,0,0,0,S3,International Buyers,S3 - International Buyers,S3,1,0.09170448095781011,0.486314472824455,1.2402031880614108,1,1,0,2,7,46,0,55.18,50.73,RUS
C1545,Individual,Female,USA,California,Investment,1,Yes,Website,33.10335386721424,<35,3,1101811.15,367270.3833333333,292.4366170207845,1254.5033333333333,0.0,3,2024-01-01,2024-04-01,3.0,California,1,0,1,1,S2,Domestic Investors,S2 - Domestic Investors,S2,1,0.09337939221801393,-0.9889957107903053,-0.0940439980621629,1,0,1,2,9,8,0,36.78,-119.42,USA
C1546,Individual,Female,Mexico,Puebla,Personal Use,4,Yes,Agency,59.57015742642026,55-64,4,1161022.51,290255.6275,330.28443786484144,874.9925000000001,0.25,4,2024-06-01,2024-12-01,6.0,International,0,0,0,1,S3,International Buyers,S3 - International Buyers,S3,1,0.03245279269426239,-0.9170635696823513,0.13654672056431078,1,1,1,0,6,39,0,19.04,-98.21,MEX
C1547,Individual,Female,USA,Florida,Personal Use,2,Yes,Agency,50.7460643394935,45-54,4,1199337.46,299834.365,312.4852459330545,997.415,0.25,4,2024-01-01,2025-12-01,23.0,Florida,1,0,0,1,S4,Domestic Financed Home Buyers,S4 - Domestic Financed Home Buyers,S4,1,0.1982056333147934,-0.7650539229223625,-0.7542398923851323,1,1,1,0,9,14,0,27.66,-81.52,USA
C1548,Corporate,Male,USA,California,Personal Use,2,Yes,Website,58.01505817932922,55-64,3,615223.03,205074.34333333335,303.25227189402636,678.9699999999999,0.0,3,2024-12-01,2025-12-01,12.0,California,1,0,0,1,S4,Domestic Financed Home Buyers,S4 - Domestic Financed Home Buyers,S1,0,0.17562524672842478,-0.7223659850299143,-0.03460300583968756,0,1,1,2,9,8,1,36.78,-119.42,USA
C1549,Individual,Male,Mexico,Nuevo Leon,Personal Use,4,No,Client,64.5448323066393,55-64,3,837044.35,279014.7833333333,287.3216267134631,983.4266666666667,0.0,3,2024-03-01,2024-11-01,8.0,International,0,0,0,0,S3,International Buyers,S3 - International Buyers,S3,1,0.07434033032206,0.45494585799567105,0.682659607736821,1,1,0,1,6,33,1,25.59,-99.99,MEX
C1550,Individual,Male,USA,California,Personal Use,2,No,Agency,27.249828884325805,<35,4,1368767.79,342191.9475,287.565972329854,1164.0149999999999,0.0,4,2024-02-01,2025-06-01,16.0,California,1,0,0,0,S1,Domestic Cash Home Buyers,S1 - Domestic Cash Home Buyers,S1,1,0.24513526026897683,0.6523400361114615,-0.9492611945429372,1,1,0,0,9,8,1,36.78,-119.42,USA
C1551,Individual,Male,USA,California,Personal Use,2,No,Agency,34.625598904859686,<35,3,1252240.69,417413.5633333333,290.61329911843484,1438.2933333333333,0.3333333333333333,3,2024-02-01,2024-10-01,8.0,California,1,0,0,0,S1,Domestic Cash Home Buyers,S1 - Domestic Cash Home Buyers,S1,1,0.24753591918036427,0.6531547915338325,-0.9493111615312397,1,1,0,0,9,8,1,36.78,-119.42,USA
C1552,Individual,Male,USA,California,Investment,2,Yes,Agency,78.69952087611225,65+,4,1356450.7000000002,339112.67500000005,305.497304095097,1074.0525,0.25,4,2024-10-01,2025-09-01,11.0,California,1,0,1,1,S2,Domestic Investors,S2 - Domestic Investors,S2,1,0.08616954797854917,-0.9954693169935154,-1.1127261912136108,1,0,1,0,9,8,1,36.78,-119.42,USA
C1553,Corporate,Male,USA,Utah,Personal Use,4,No,Agency,35.76454483230664,35-44,3,979536.36,326512.12,307.509144213996,1038.7166666666667,0.0,3,2024-02-01,2025-08-01,18.0,Utah,1,0,0,0,S1,Domestic Cash Home Buyers,S1 - Domestic Cash Home Buyers,S1,1,0.14416959209485783,0.5787236980684798,-0.6810126685706486,0,1,0,0,9,48,1,39.32,-111.09,USA
C1554,Individual,Male,Germany,Bavaria,Personal Use,1,No,Website,27.82751540041068,<35,3,742034.24,247344.74666666667,362.2549695266313,678.9699999999999,0.0,3,2024-06-01,2025-08-01,14.0,International,0,0,0,0,S3,International Buyers,S3 - International Buyers,S3,1,0.09820341657063474,0.46279240098145163,1.263487173391993,1,1,0,2,5,3,1,48.79,11.5,DEU
C1555,Individual,Female,UK,England,Personal Use,5,No,Website,79.68514715947981,65+,4,1233852.38,308463.095,310.779300285579,1012.5575,0.0,4,2024-07-01,2025-08-01,13.0,International,0,0,0,0,S3,International Buyers,S3 - International Buyers,S3,1,0.1177151539487955,0.47124267533950553,1.3115516950682238,1,1,0,2,8,12,0,52.36,-1.17,GBR
C1556,Individual,Female,USA,Colorado,Investment,2,No,Agency,43.1129363449692,35-44,4,1215734.71,303933.6775,299.72891706328323,1020.3875,0.0,4,2024-01-01,2025-05-01,16.0,Colorado,1,0,1,0,S2,Domestic Investors,S2 - Domestic Investors,S2,1,0.13382173429714062,0.3116441737655881,-0.762818169070153,1,0,0,0,9,11,0,39.55,-105.78,USA
C1557,Individual,Female,USA,New York,Personal Use,2,Yes,Website,83.79739904175223,65+,3,955054.1799999999,318351.3933333333,294.1136841749192,1072.4833333333333,0.0,3,2024-05-01,2025-10-01,17.0,New York,1,0,0,1,S4,Domestic Financed Home Buyers,S4 - Domestic Financed Home Buyers,S4,1,0.2102543223374441,-0.7461768197034333,0.2643914600381199,1,1,1,2,9,27,0,43.0,-75.0,USA
C1558,Individual,Male,Mexico,Baja California,Personal Use,4,No,Website,81.80424366872005,65+,3,1482069.56,494023.1866666667,299.1675367344344,1680.5266666666666,0.6666666666666666,3,2024-06-01,2024-10-01,4.0,International,0,0,0,0,S3,International Buyers,S3 - International Buyers,S3,1,0.08295599622235561,0.4789120645931861,1.2366511918463359,1,1,0,2,6,2,1,30.84,-115.28,MEX
C1559,Individual,Female,UK,England,Personal Use,2,No,Website,50.76522929500342,45-54,3,1345808.87,448602.9566666667,315.20816215083465,1445.2933333333333,0.0,3,2024-01-01,2025-01-01,12.0,International,0,0,0,0,S3,International Buyers,S3 - International Buyers,S3,1,0.12877953299156172,0.46483018654178726,1.3140328600395559,1,1,0,2,8,12,0,52.36,-1.17,GBR
C1560,Individual,Female,USA,California,Personal Use,4,Yes,Client,85.46201232032854,65+,3,1052677.5699999998,350892.52333333326,307.1745356188394,1148.0433333333333,0.3333333333333333,3,2024-10-01,2025-03-01,5.0,California,1,0,0,1,S4,Domestic Financed Home Buyers,S4 - Domestic Financed Home Buyers,S1,0,0.2077199550342596,-0.7134423303643859,-0.5813738279698459,1,1,1,1,9,8,0,36.78,-119.42,USA
C1561,Individual,Male,Mexico,Nuevo Leon,Investment,5,No,Agency,61.67556468172484,55-64,3,1135294.51,378431.50333333336,299.7772032381946,1193.7733333333333,0.0,3,2024-05-01,2025-06-01,13.0,International,0,0,1,0,S3,International Buyers,S3 - International Buyers,S3,1,0.06423168745770126,0.17331259192629572,0.1538685644096417,1,0,0,0,6,33,1,25.59,-99.99,MEX
C1562,Individual,Female,USA,California,Personal Use,4,No,Client,38.49144421629021,35-44,3,1179775.32,393258.44,309.62296049534757,1268.0466666666669,0.0,3,2024-02-01,2024-11-01,9.0,California,1,0,0,0,S1,Domestic Cash Home Buyers,S1 - Domestic Cash Home Buyers,S1,1,0.21020288911532517,0.6508085467984632,-0.49011288785247314,1,1,0,1,9,8,0,36.78,-119.42,USA
C1563,Individual,Female,USA,Utah,Personal Use,5,No,Website,38.53798767967146,35-44,3,979729.05,326576.35000000003,300.0323390816546,1090.7733333333333,0.3333333333333333,3,2025-07-01,2025-11-01,4.0,Utah,1,0,0,0,S1,Domestic Cash Home Buyers,S1 - Domestic Cash Home Buyers,S1,1,0.21490881174241755,0.6187096109323769,0.3427457355452775,1,1,0,2,9,48,0,39.32,-111.09,USA
C1564,Individual,Male,USA,Washington,Investment,5,No,Website,61.14989733059548,55-64,3,1595925.43,531975.1433333333,325.39871252771144,1635.6233333333332,0.0,3,2024-10-01,2025-12-01,14.0,Washington,1,0,1,0,S2,Domestic Investors,S2 - Domestic Investors,S2,1,0.11510109513039382,0.33427551437040887,0.276922059883027,1,0,0,2,9,53,1,47.75,-120.74,USA
C1565,Individual,Male,Mexico,Jalisco,Personal Use,4,No,Agency,45.39630390143737,45-54,4,1140899.22,285224.805,289.9594939432932,994.0725,0.25,4,2024-02-01,2025-01-01,11.0,International,0,0,0,0,S3,International Buyers,S3 - International Buyers,S3,1,0.07964928195910599,0.4540107356573711,0.22430476445543457,1,1,0,0,6,19,1,20.66,-103.35,MEX
C1566,Individual,Male,USA,California,Personal Use,3,No,Website,30.99794661190965,<35,4,1450240.65,362560.1625,310.60744607284084,1175.235,0.0,4,2024-12-01,2025-08-01,8.0,California,1,0,0,0,S1,Domestic Cash Home Buyers,S1 - Domestic Cash Home Buyers,S1,1,0.28475464239867443,0.670100819763565,0.06496229999060388,1,1,0,2,9,8,1,36.78,-119.42,USA
C1567,Individual,Male,USA,Georgia,Personal Use,4,No,Client,48.2217659137577,45-54,4,1594452.6199999999,398613.15499999997,305.98391049575355,1276.9875,0.25,4,2024-01-01,2025-05-01,16.0,US - Other,1,0,0,0,S1,Domestic Cash Home Buyers,S1 - Domestic Cash Home Buyers,S1,1,0.1789344595370384,0.5971708914765481,-0.21191594442327766,1,1,0,1,9,15,1,32.16,-82.9,USA
C1568,Individual,Female,USA,California,Personal Use,5,No,Website,35.82203969883641,35-44,3,1373808.0899999999,457936.02999999997,327.3085017325855,1357.1933333333334,0.3333333333333333,3,2024-12-01,2025-06-01,6.0,California,1,0,0,0,S1,Domestic Cash Home Buyers,S1 - Domestic Cash Home Buyers,S1,1,0.2643908327428676,0.6701167149656648,0.06599149104367674,1,1,0,2,9,8,0,36.78,-119.42,USA
C1569,Individual,Female,USA,California,Investment,1,Yes,Website,32.153319644079396,<35,3,1175242.5499999998,391747.5166666666,308.3884812829846,1258.29,0.0,3,2024-02-01,2025-09-01,19.0,California,1,0,1,1,S2,Domestic Investors,S2 - Domestic Investors,S2,1,0.09292426881904853,-0.9891314843783556,-0.09386732168929535,1,0,1,2,9,8,0,36.78,-119.42,USA
C1570,Individual,Female,USA,Ohio,Personal Use,5,No,Website,62.012320328542096,55-64,4,1469638.4,367409.6,280.4146436360922,1333.5625,0.0,4,2024-01-01,2024-03-01,2.0,US - Other,1,0,0,0,S1,Domestic Cash Home Buyers,S1 - Domestic Cash Home Buyers,S1,1,0.21846177066429695,0.6213940113870322,0.34470687981442105,1,1,0,2,9,35,0,40.42,-82.91,USA
C1571,Individual,Male,USA,California,Personal Use,2,No,Website,47.578370978781656,45-54,4,1243439.96,310859.99,293.49738857779414,1092.085,0.0,4,2024-12-01,2025-11-01,11.0,California,1,0,0,0,S1,Domestic Cash Home Buyers,S1 - Domestic Cash Home Buyers,S1,1,0.2883154148389453,0.6739374579742086,0.06318790805277907,1,1,0,2,9,8,1,36.78,-119.42,USA
C1572,Individual,Male,Australia,Queensland,Personal Use,3,No,Agency,65.55783709787816,65+,4,886149.52,221537.38,294.4365760502225,748.33,0.0,4,2024-01-01,2025-05-01,16.0,International,0,0,0,0,S3,International Buyers,S3 - International Buyers,S3,1,0.07830758815128212,0.46847002901405227,0.22374061028111103,1,1,0,0,0,41,1,-20.92,142.7,AUS
C1573,Individual,Female,USA,California,Personal Use,1,No,Website,79.65229295003422,65+,4,1175839.94,293959.985,278.8009064436627,1059.9375,0.5,4,2025-01-01,2025-05-01,3.9,California,1,0,0,0,S1,Domestic Cash Home Buyers,S1 - Domestic Cash Home Buyers,S1,1,0.25140143575162777,0.6804330096713234,0.0588688901824449,1,1,0,2,9,8,0,36.78,-119.42,USA
C1574,Individual,Male,USA,California,Personal Use,4,No,Website,41.379876796714576,35-44,3,1195224.9,398408.3,316.0873099894978,1255.6333333333334,0.0,3,2024-02-01,2025-03-01,12.9,California,1,0,0,0,S1,Domestic Cash Home Buyers,S1 - Domestic Cash Home Buyers,S1,1,0.2869612908528099,0.6721270143448883,0.06610102055928435,1,1,0,2,9,8,1,36.78,-119.42,USA
C1575,Individual,Male,USA,California,Personal Use,2,No,Website,25.032169746748803,<35,4,1395067.1600000001,348766.79000000004,305.25216854782985,1158.7275,0.0,4,2024-05-01,2025-10-01,17.0,California,1,0,0,0,S1,Domestic Cash Home Buyers,S1 - Domestic Cash Home Buyers,S1,1,0.27148169196581434,0.6687549309753287,0.06485365460761194,1,1,0,2,9,8,1,36.78,-119.42,USA
C1576,Individual,Female,USA,Nevada,Investment,3,Yes,Website,48.257357973990416,45-54,4,1359536.24,339884.06,306.08915956124895,1098.1675,0.25,4,2024-02-01,2025-07-01,17.0,Nevada,1,0,1,1,S2,Domestic Investors,S2 - Domestic Investors,S2,1,0.08882535601680708,-1.0497688581215776,0.1687430805675908,1,0,1,2,9,25,0,38.8,-116.42,USA
C1577,Individual,Male,Germany,Bavaria,Personal Use,3,No,Website,42.874743326488705,35-44,3,1427933.58,475977.86000000004,323.10748399926587,1471.8999999999999,0.3333333333333333,3,2024-07-01,2025-11-01,16.0,International,0,0,0,0,S3,International Buyers,S3 - International Buyers,S3,1,0.10464007288480923,0.4662561331393911,1.2633884723514992,1,1,0,2,5,3,1,48.79,11.5,DEU
C1578,Individual,Male,USA,California,Investment,2,No,Website,29.804243668720055,<35,3,765431.01,255143.67,282.062208343019,934.8733333333333,0.0,3,2024-09-01,2025-12-01,15.0,California,1,0,1,0,S2,Domestic Investors,S2 - Domestic Investors,S2,1,0.1589140063466,0.3840537924262272,-0.007183364687179061,1,0,0,2,9,8,1,36.78,-119.42,USA
C1579,Individual,Male,USA,Arizona,Investment,4,No,Website,80.24366872005476,65+,4,1101753.5899999999,275438.39749999996,292.06020743088715,952.0525,0.25,4,2024-10-01,2025-10-01,12.0,Arizona,1,0,1,0,S2,Domestic Investors,S2 - Domestic Investors,S2,1,0.12730407088236817,0.3431772421844839,0.2646479594067111,1,0,0,2,9,1,1,34.05,-111.09,USA
C1580,Individual,Male,USA,Georgia,Investment,1,Yes,Website,28.071184120465436,<35,4,1008834.66,252208.665,287.0755193206537,872.2,0.25,4,2024-01-01,2025-12-01,23.0,US - Other,1,0,1,1,S2,Domestic Investors,S2 - Domestic Investors,S2,1,0.07065525305549045,-1.0466700094778798,0.18441432659552,1,0,1,2,9,15,1,32.16,-82.9,USA
C1581,Individual,Male,USA,California,Investment,1,No,Website,75.14579055441479,65+,3,1123364.22,374454.74,357.732901316442,1023.9266666666666,0.6666666666666666,3,2025-01-01,2025-04-01,3.0,California,1,0,1,0,S2,Domestic Investors,S2 - Domestic Investors,S2,1,0.14298516539689915,0.39391877090671806,-0.01214933800862772,1,0,0,2,9,8,1,36.78,-119.42,USA
C1582,Individual,Male,France,Ile-de-France,Personal Use,4,Yes,Client,70.36550308008214,65+,3,1030269.01,343423.00333333336,324.03923388426136,1050.08,0.3333333333333333,3,2024-04-01,2024-10-01,6.0,International,0,0,0,1,S3,International Buyers,S3 - International Buyers,S3,1,0.032956492012753046,-0.9229064264735833,0.6167026018481703,1,1,1,1,4,18,1,48.85,2.35,FRA
C1583,Individual,Male,USA,California,Personal Use,2,No,Agency,57.99315537303217,55-64,4,1378030.61,344507.6525,293.70298451981887,1170.135,0.25,4,2024-03-01,2025-05-01,14.0,California,1,0,0,0,S1,Domestic Cash Home Buyers,S1 - Domestic Cash Home Buyers,S1,1,0.25934150028525604,0.6590595476831249,-0.9520984555151011,1,1,0,0,9,8,1,36.78,-119.42,USA
C1584,Corporate,Male,France,Brittany,Investment,1,Yes,Website,40.38603696098563,35-44,3,1199226.44,399742.14666666667,297.40159781076756,1361.7433333333333,0.0,3,2025-05-01,2025-08-01,3.0,International,0,0,1,1,S3,International Buyers,S3 - International Buyers,S1,0,0.05662665545942261,-1.2163113296710633,1.0920539251540686,0,0,1,2,4,6,1,48.2,-2.93,FRA
C1585,Individual,Male,Canada,Ontario,Personal Use,5,No,Website,65.22381930184805,65+,4,1480011.91,370002.9775,287.5295107115782,1276.8225,0.0,4,2024-06-01,2025-02-01,8.0,International,0,0,0,0,S3,International Buyers,S3 - International Buyers,S3,1,0.11245053624589502,0.467526320332637,1.2781894900618034,1,1,0,2,2,36,1,51.25,-85.32,CAN
C1586,Individual,Female,Germany,Berlin,Personal Use,3,No,Website,58.94318959616701,55-64,3,1116579.83,372193.2766666667,304.21063616367974,1224.68,0.0,3,2024-01-01,2025-04-01,15.0,International,0,0,0,0,S3,International Buyers,S3 - International Buyers,S3,1,0.10668723832392718,0.4704877067641699,1.2630526179753356,1,1,0,2,5,4,0,52.52,13.4,DEU
C1587,Individual,Male,Canada,Quebec,Investment,4,Yes,Agency,82.08076659822039,65+,3,743057.13,247685.71,307.0055131205591,850.2466666666668,0.0,3,2024-09-01,2024-10-01,1.0,International,0,0,1,1,S3,International Buyers,S3 - International Buyers,S3,1,0.07620106317812246,-1.2056838682195874,0.10397701964328826,1,0,1,0,2,40,1,52.94,-73.55,CAN
C1588,Individual,Female,USA,Utah,Investment,5,No,Website,45.18275154004107,45-54,3,957201.31,319067.10333333333,290.99480765900927,1104.51,0.0,3,2024-01-01,2025-02-01,13.0,Utah,1,0,1,0,S2,Domestic Investors,S2 - Domestic Investors,S2,1,0.12432472134765069,0.33606050526139913,0.27103052363954644,1,0,0,2,9,48,0,39.32,-111.09,USA
C1589,Individual,Female,USA,California,Investment,4,No,Agency,72.38603696098562,65+,3,1380536.7000000002,460178.9000000001,326.88357150381245,1396.87,0.3333333333333333,3,2024-04-01,2024-06-01,2.0,California,1,0,1,0,S2,Domestic Investors,S2 - Domestic Investors,S2,1,0.14728269711047845,0.3770375355872983,-1.0231184744157968,1,0,0,0,9,8,0,36.78,-119.42,USA
C1590,Corporate,Female,USA,Oregon,Personal Use,1,No,Website,46.535249828884325,45-54,4,1470403.6,367600.9,306.1386614218441,1228.8325,0.25,4,2024-07-01,2025-07-01,12.0,Oregon,1,0,0,0,S1,Domestic Cash Home Buyers,S1 - Domestic Cash Home Buyers,S1,1,0.1452048204013396,0.5798783439191533,0.32285817165130415,0,1,0,2,9,37,0,43.8,-120.55,USA
C1591,Individual,Female,USA,California,Investment,4,No,Website,54.379192334017795,45-54,4,1676312.98,419078.245,310.2898916332747,1341.715,0.0,4,2024-05-01,2025-10-01,17.0,California,1,0,1,0,S2,Domestic Investors,S2 - Domestic Investors,S2,1,0.1637329586926691,0.3907635207925851,-0.00825500560864123,1,0,0,2,9,8,0,36.78,-119.42,USA
C1592,Individual,Female,USA,Texas,Investment,2,Yes,Agency,50.5845311430527,45-54,4,878452.1900000001,219613.04750000002,301.13312679931073,735.11,0.25,4,2024-04-01,2025-08-01,16.0,Texas,1,0,1,1,S2,Domestic Investors,S2 - Domestic Investors,S2,1,0.07268935419507132,-1.0512041129982923,-0.8263006932803711,1,0,1,0,9,47,0,31.97,-99.9,USA
C1593,Individual,Male,USA,California,Personal Use,1,No,Website,50.40657084188912,45-54,4,825960.49,206490.1225,308.0334425012127,666.135,0.0,4,2024-04-01,2024-09-01,5.0,California,1,0,0,0,S1,Domestic Cash Home Buyers,S1 - Domestic Cash Home Buyers,S1,1,0.25630569132019876,0.6741624828769464,0.0618488102696082,1,1,0,2,9,8,1,36.78,-119.42,USA
C1594,Individual,Female,USA,Colorado,Personal Use,2,No,Agency,56.186173853524984,55-64,4,1522994.53,380748.6325,308.15008878732624,1259.875,0.25,4,2024-07-01,2025-05-01,10.0,Colorado,1,0,0,0,S1,Domestic Cash Home Buyers,S1 - Domestic Cash Home Buyers,S1,1,0.20235278154398473,0.5994359883711082,-0.6917335998795404,1,1,0,0,9,11,0,39.55,-105.78,USA
C1595,Individual,Male,USA,California,Personal Use,5,No,Website,70.36550308008214,65+,4,1310147.8599999999,327536.96499999997,270.48297453077066,1186.5225,0.0,4,2024-07-01,2025-07-01,12.0,California,1,0,0,0,S1,Domestic Cash Home Buyers,S1 - Domestic Cash Home Buyers,S1,1,0.2760823611160329,0.6790449127520157,0.06308271595213877,1,1,0,2,9,8,1,36.78,-119.42,USA
C1596,Individual,Male,Germany,Berlin,Investment,4,No,Website,46.1409993155373,45-54,3,1642954.44,547651.48,327.48681876192137,1649.26,0.0,3,2024-04-01,2025-05-01,13.0,International,0,0,1,0,S3,International Buyers,S3 - International Buyers,S3,1,0.08921980995006193,0.18291168569589095,1.192609786820201,1,0,0,2,5,4,1,52.52,13.4,DEU
C1597,Individual,Female,USA,Nevada,Investment,4,Yes,Website,76.0082135523614,65+,4,1155778.2,288944.55,309.7769964537744,947.7475,0.0,4,2024-04-01,2025-07-01,15.0,Nevada,1,0,1,1,S2,Domestic Investors,S2 - Domestic Investors,S2,1,0.0825608473722866,-1.0429662022303094,0.1679395581496652,1,0,1,2,9,25,0,38.8,-116.42,USA
C1598,Individual,Female,USA,Georgia,Personal Use,4,Yes,Agency,85.52224503764545,65+,3,1163931.67,387977.2233333333,302.64497644154613,1310.3966666666665,0.0,3,2024-07-01,2025-09-01,14.0,US - Other,1,0,0,1,S4,Domestic Financed Home Buyers,S4 - Domestic Financed Home Buyers,S4,1,0.1928449100880687,-0.7646526696315283,-0.7567359091594341,1,1,1,0,9,15,0,32.16,-82.9,USA
C1599,Individual,Female,USA,Virginia,Investment,5,Yes,Website,45.11430527036276,45-54,3,1321031.17,440343.7233333333,327.5128011231716,1337.1733333333334,0.0,3,2024-10-01,2025-11-01,13.0,Virginia,1,0,1,1,S2,Domestic Investors,S2 - Domestic Investors,S2,1,0.0798184195543133,-1.035638777385933,0.18840885457044815,1,0,1,2,9,50,0,37.43,-78.66,USA
C1600,Individual,Female,Belgium,Wallonia,Personal Use,5,No,Website,57.880903490759756,55-64,4,1237164.36,309291.09,311.8608239736384,984.6475,0.0,4,2024-06-01,2025-02-01,8.0,International,0,0,0,0,S3,International Buyers,S3 - International Buyers,S3,1,0.0946044269393005,0.48660461056174525,1.246451278612671,1,1,0,2,1,52,0,50.41,4.44,BEL
C1601,Individual,Female,Russia,Krasnodar Krai,Personal Use,3,No,Website,29.38261464750171,<35,3,829078.01,276359.33666666667,306.2574828055878,913.6700000000001,0.0,3,2024-04-01,2025-12-01,20.0,International,0,0,0,0,S3,International Buyers,S3 - International Buyers,S3,1,0.09669407300020204,0.4737668838080183,1.24227795032415,1,1,0,2,7,21,0,45.04,38.98,RUS
C1602,Individual,Male,USA,Nevada,Investment,4,No,Website,39.16495550992471,35-44,4,1676863.99,419215.9975,291.5466597840417,1425.28,0.0,4,2024-10-01,2025-12-01,14.0,Nevada,1,0,1,0,S2,Domestic Investors,S2 - Domestic Investors,S2,1,0.13609935844220095,0.3232764859757287,0.25786132534644457,1,0,0,2,9,25,1,38.8,-116.42,USA
C1603,Individual,Female,UK,England,Personal Use,5,No,Website,63.31553730321698,55-64,4,1077719.71,269429.9275,285.3103160528668,976.2049999999999,0.5,4,2024-06-01,2025-08-01,14.0,International,0,0,0,0,S3,International Buyers,S3 - International Buyers,S3,1,0.11821638737614996,0.46602946923193495,1.310654741639022,1,1,0,2,8,12,0,52.36,-1.17,GBR
C1604,Individual,Male,USA,Texas,Personal Use,4,No,Website,76.30663928815879,65+,3,1050264.24,350088.08,281.0677239742809,1243.8233333333333,0.3333333333333333,3,2024-03-01,2025-06-01,15.0,Texas,1,0,0,0,S1,Domestic Cash Home Buyers,S1 - Domestic Cash Home Buyers,S1,1,0.21903780781636567,0.6309859743112831,0.34784374162140175,1,1,0,2,9,47,1,31.97,-99.9,USA
C1605,Individual,Male,UK,England,Investment,4,Yes,Website,26.94318959616701,<35,4,1170783.34,292695.835,319.0141615698714,874.9925000000001,0.5,4,2024-05-01,2025-08-01,15.0,International,0,0,1,1,S3,International Buyers,S3 - International Buyers,S3,1,0.09185057966285788,-1.2017651280299704,1.153474355132344,1,0,1,2,8,12,1,52.36,-1.17,GBR
C1606,Individual,Male,USA,Washington,Personal Use,1,Yes,Agency,60.78302532511978,55-64,3,917562.71,305854.23666666663,296.21256645107843,1033.4833333333333,0.3333333333333333,3,2025-02-01,2025-12-01,10.0,Washington,1,0,0,1,S4,Domestic Financed Home Buyers,S4 - Domestic Financed Home Buyers,S4,1,0.19567683599280156,-0.7732719996953223,-0.7553104306668743,1,1,1,0,9,53,1,47.75,-120.74,USA
C1607,Individual,Female,USA,California,Personal Use,3,No,Agency,62.809034907597535,55-64,3,829294.5700000001,276431.5233333334,296.7432544232949,927.6066666666666,0.0,3,2024-05-01,2025-07-01,14.0,California,1,0,0,0,S1,Domestic Cash Home Buyers,S1 - Domestic Cash Home Buyers,S1,1,0.2585624636124457,0.6599054623528324,-0.9503024152820634,1,1,0,0,9,8,0,36.78,-119.42,USA
C1608,Individual,Female,UK,England,Personal Use,4,Yes,Website,26.130047912388775,<35,3,1431381.65,477127.2166666666,318.6186053663929,1447.82,0.3333333333333333,3,2025-09-01,2025-11-01,2.0,International,0,0,0,1,S3,International Buyers,S3 - International Buyers,S3,1,0.07224326470560741,-0.9163854281059025,1.228575267411272,1,1,1,2,8,12,0,52.36,-1.17,GBR
C1609,Individual,Male,USA,California,Investment,2,No,Website,61.24572210814511,55-64,3,804844.43,268281.4766666667,302.98484474395883,900.46,0.0,3,2024-09-01,2025-01-01,4.0,California,1,0,1,0,S2,Domestic Investors,S2 - Domestic Investors,S2,1,0.16586478871766835,0.3915726404038317,-0.009130360022132411,1,0,0,2,9,8,1,36.78,-119.42,USA
C1610,Individual,Male,USA,California,Investment,3,No,Website,58.776180698151954,55-64,4,1249167.74,312291.935,281.88491641647727,1114.2125,0.25,4,2024-03-01,2025-11-01,20.0,California,1,0,1,0,S2,Domestic Investors,S2 - Domestic Investors,S2,1,0.17097136552875378,0.3909456358885118,-0.010348468876764771,1,0,0,2,9,8,1,36.78,-119.42,USA
C1611,Individual,Female,USA,Nevada,Investment,4,No,Website,50.32991101984942,45-54,4,1072189.52,268047.38,318.72574313352214,842.75,0.0,4,2024-03-01,2025-02-01,11.1,Nevada,1,0,1,0,S2,Domestic Investors,S2 - Domestic Investors,S2,1,0.13797509425101695,0.32530266776711286,0.2563400269799193,1,0,0,2,9,25,0,38.8,-116.42,USA
C1612,Individual,Male,USA,California,Personal Use,1,No,Agency,35.846680355920604,35-44,3,766554.56,255518.18666666668,301.79361324466817,839.1433333333334,0.0,3,2024-03-01,2024-09-01,6.0,California,1,0,0,0,S1,Domestic Cash Home Buyers,S1 - Domestic Cash Home Buyers,S1,1,0.23352441843753025,0.653650962566632,-0.9495480524906021,1,1,0,0,9,8,1,36.78,-119.42,USA
C1613,Individual,Male,Denmark,Southern Denmark,Personal Use,2,Yes,Agency,27.978097193702943,<35,4,1608368.22,402092.055,285.83805783579203,1400.6975,0.25,4,2024-03-01,2025-02-01,11.1,International,0,0,0,1,S3,International Buyers,S3 - International Buyers,S3,1,0.02180991961571904,-0.9194899896333104,0.12177397733029577,1,1,1,0,3,45,1,55.3,9.0,DNK
C1614,Individual,Female,USA,Utah,Investment,4,No,Website,57.62628336755647,55-64,3,822155.05,274051.68333333335,265.13804678166275,1059.3466666666666,0.0,3,2025-03-01,2025-10-01,7.0,Utah,1,0,1,0,S2,Domestic Investors,S2 - Domestic Investors,S2,1,0.129953388032037,0.33891944180308237,0.2695272421394875,1,0,0,2,9,48,0,39.32,-111.09,USA
C1615,Individual,Male,USA,Utah,Personal Use,5,No,Agency,62.417522245037645,55-64,3,857125.52,285708.50666666665,318.9650942104338,903.87,0.0,3,2024-01-01,2025-09-01,20.0,Utah,1,0,0,0,S1,Domestic Cash Home Buyers,S1 - Domestic Cash Home Buyers,S1,1,0.197067279750659,0.6080332838632689,-0.6718329685519526,1,1,0,0,9,48,1,39.32,-111.09,USA
C1616,Individual,Male,UK,Wales,Investment,5,Yes,Website,34.332648870636554,<35,4,1344053.71,336013.4275,300.6690718381523,1128.1275,0.0,4,2024-01-01,2025-12-01,23.0,International,0,0,1,1,S3,International Buyers,S3 - International Buyers,S3,1,0.09228116519998997,-1.1987970535016885,1.1553837072799937,1,0,1,2,8,51,1,52.13,-3.78,GBR
C1617,Individual,Female,USA,California,Personal Use,3,No,Website,73.22655715263518,65+,3,776005.5,258668.5,306.0345124559622,839.1433333333334,0.0,3,2024-02-01,2025-03-01,12.9,California,1,0,0,0,S1,Domestic Cash Home Buyers,S1 - Domestic Cash Home Buyers,S1,1,0.28498428495295136,0.6791956885413304,0.06284151313179409,1,1,0,2,9,8,0,36.78,-119.42,USA
C1618,Individual,Female,USA,Washington,Personal Use,2,Yes,Website,63.10746064339494,55-64,4,1356655.6800000002,339163.92000000004,305.84533933956607,1103.3025,0.25,4,2024-02-01,2025-10-01,20.0,Washington,1,0,0,1,S4,Domestic Financed Home Buyers,S4 - Domestic Financed Home Buyers,S4,1,0.221302816208451,-0.755151378020094,0.2581554686171844,1,1,1,2,9,53,0,47.75,-120.74,USA
C1619,Individual,Male,Belgium,Wallonia,Personal Use,2,No,Website,73.1854893908282,65+,4,1390206.46,347551.615,306.81861857078025,1164.0149999999999,0.5,4,2024-04-01,2025-11-01,19.0,International,0,0,0,0,S3,International Buyers,S3 - International Buyers,S3,1,0.09489223748058771,0.48960840570706304,1.2426746585590778,1,1,0,2,1,52,1,50.41,4.44,BEL
C1620,Individual,Male,USA,California,Personal Use,1,Yes,Website,81.65092402464066,65+,3,788250.3500000001,262750.1166666667,276.55408747719775,979.0866666666667,0.3333333333333333,3,2024-03-01,2024-12-01,9.0,California,1,0,0,1,S4,Domestic Financed Home Buyers,S4 - Domestic Financed Home Buyers,S4,1,0.25489154553383464,-0.6937658449361643,-0.026542982098240353,1,1,1,2,9,8,1,36.78,-119.42,USA
C1621,Individual,Male,USA,Oregon,Investment,2,No,Agency,71.54551676933607,65+,3,739739.97,246579.99,262.4596448949508,973.09,0.0,3,2024-07-01,2025-08-01,13.0,Oregon,1,0,1,0,S2,Domestic Investors,S2 - Domestic Investors,S2,1,0.13224765323218993,0.3066914679016703,-0.7525795058490861,1,0,0,0,9,37,1,43.8,-120.55,USA
C1622,Individual,Female,USA,Oregon,Personal Use,1,Yes,Website,64.91170431211499,55-64,3,1054193.3599999999,351397.7866666666,324.9236151283461,1107.81,0.0,3,2024-10-01,2025-03-01,5.0,Oregon,1,0,0,1,S4,Domestic Financed Home Buyers,S4 - Domestic Financed Home Buyers,S4,1,0.22145172966663423,-0.7668551042821268,0.24750976578009173,1,1,1,2,9,37,0,43.8,-120.55,USA
C1623,Individual,Female,USA,Oregon,Personal Use,4,No,Website,31.967145790554415,<35,3,1060233.46,353411.1533333333,322.43591302473806,1111.2966666666666,0.0,3,2024-08-01,2024-10-01,2.0,Oregon,1,0,0,0,S1,Domestic Cash Home Buyers,S1 - Domestic Cash Home Buyers,S1,1,0.21381850105519265,0.5994402446784153,0.33780263451525583,1,1,0,2,9,37,0,43.8,-120.55,USA
C1624,Individual,Female,USA,California,Personal Use,4,Yes,Website,74.98973305954826,65+,4,1943363.94,485840.985,299.2323404404552,1602.67,0.0,4,2024-03-01,2025-11-01,20.0,California,1,0,0,1,S4,Domestic Financed Home Buyers,S4 - Domestic Financed Home Buyers,S4,1,0.273109134232203,-0.6936490915253437,-0.023810198212054212,1,1,1,2,9,8,0,36.78,-119.42,USA
C1625,Individual,Male,Australia,Western Australia,Personal Use,4,No,Agency,25.908281998631075,<35,3,910587.85,303529.2833333333,269.2712820091999,1094.84,0.0,3,2024-09-01,2025-08-01,11.0,International,0,0,0,0,S3,International Buyers,S3 - International Buyers,S3,1,0.08017268955638854,0.45894778519928753,0.2285137569180033,1,1,0,0,0,54,1,-25.04,117.79,AUS
C1626,Individual,Female,France,Provence,Personal Use,2,Yes,Website,55.84941820670773,55-64,3,1225657.22,408552.4066666667,283.59441515040004,1464.8466666666666,0.0,3,2024-08-01,2024-11-01,3.0,International,0,0,0,1,S3,International Buyers,S3 - International Buyers,S3,1,0.04792840970656002,-0.9044816494823151,1.1746227414120065,1,1,1,2,4,38,0,43.94,6.06,FRA
C1627,Individual,Male,USA,California,Investment,1,No,Website,52.380561259411365,45-54,3,1275226.77,425075.59,277.9167267676937,1527.8633333333335,0.0,3,2024-05-01,2025-11-01,18.0,California,1,0,1,0,S2,Domestic Investors,S2 - Domestic Investors,S2,1,0.15767016297376685,0.3902306090369965,-0.008160672291751991,1,0,0,2,9,8,1,36.78,-119.42,USA
C1628,Corporate,Female,France,Normandy,Personal Use,4,Yes,Website,32.21629021218344,<35,3,800299.08,266766.36,316.4399549919405,842.73,0.3333333333333333,3,2024-04-01,2025-04-01,12.0,International,0,0,0,1,S3,International Buyers,S3 - International Buyers,S1,0,0.033780607815448394,-0.9349793992725621,1.1643822123610141,0,1,1,2,4,28,0,49.18,-0.37,FRA
C1629,Individual,Female,USA,Utah,Personal Use,5,No,Agency,69.347022587269,65+,3,789150.05,263050.01666666666,271.7214831133702,1008.13,0.3333333333333333,3,2024-09-01,2025-11-01,14.0,Utah,1,0,0,0,S1,Domestic Cash Home Buyers,S1 - Domestic Cash Home Buyers,S1,1,0.19466076380764463,0.6087956806095591,-0.6735731711741313,1,1,0,0,9,48,0,39.32,-111.09,USA
C1630,Corporate,Female,USA,Virginia,Investment,1,Yes,Website,31.655030800821354,<35,3,1206881.92,402293.9733333333,305.7239374313957,1338.1466666666668,0.3333333333333333,3,2024-01-01,2024-08-01,7.0,Virginia,1,0,1,1,S2,Domestic Investors,S2 - Domestic Investors,S1,0,0.055641619368876835,-1.06253354869793,0.17555357295554302,0,0,1,2,9,50,0,37.43,-78.66,USA
C1631,Individual,Female,UK,Northern Ireland,Personal Use,5,No,Website,59.80561259411362,55-64,4,1683720.2,420930.05,333.5418488054143,1267.07,0.25,4,2024-01-01,2025-02-01,13.0,International,0,0,0,0,S3,International Buyers,S3 - International Buyers,S3,1,0.12195149031311936,0.46638925427135297,1.3125362130692724,1,1,0,2,8,31,0,54.79,-6.49,GBR
C1632,Individual,Female,USA,California,Investment,3,Yes,Agency,62.47227926078029,55-64,4,1425130.6800000002,356282.67000000004,301.8546499940673,1152.755,0.0,4,2024-01-01,2025-11-01,22.0,California,1,0,1,1,S2,Domestic Investors,S2 - Domestic Investors,S2,1,0.09115368748078259,-0.9987931219533019,-1.110303163295055,1,0,1,0,9,8,0,36.78,-119.42,USA
C1633,Individual,Female,Canada,Ontario,Personal Use,2,No,Website,48.49555099247091,45-54,3,847190.3300000001,282396.7766666667,293.5120375119832,976.8166666666666,0.3333333333333333,3,2024-07-01,2025-05-01,10.0,International,0,0,0,0,S3,International Buyers,S3 - International Buyers,S3,1,0.1197795780358235,0.4623448389764718,1.2775864869761435,1,1,0,2,2,36,0,51.25,-85.32,CAN
C1634,Individual,Female,USA,Georgia,Investment,2,No,Website,81.97125256673512,65+,4,1044217.01,261054.2525,304.9102859128011,872.2,0.0,4,2024-01-01,2025-10-01,21.0,US - Other,1,0,1,0,S2,Domestic Investors,S2 - Domestic Investors,S2,1,0.11980136406629918,0.34105727830319993,0.26913942929048207,1,0,0,2,9,15,0,32.16,-82.9,USA
C1635,Individual,Male,France,Brittany,Personal Use,1,No,Website,77.67830253251198,65+,4,1104480.44,276120.11,295.3117964886556,919.7425000000001,0.0,4,2024-02-01,2025-08-01,18.0,International,0,0,0,0,S3,International Buyers,S3 - International Buyers,S3,1,0.09594947548422605,0.4751686226028095,1.2577378320243058,1,1,0,2,4,6,1,48.2,-2.93,FRA
C1636,Corporate,Female,USA,Arizona,Personal Use,5,Yes,Website,38.97330595482546,35-44,3,1171439.72,390479.9066666667,303.63142787938614,1308.5133333333333,0.3333333333333333,3,2024-01-01,2024-08-01,7.0,Arizona,1,0,0,1,S4,Domestic Financed Home Buyers,S4 - Domestic Financed Home Buyers,S1,0,0.14765142442030246,-0.7796743014290959,0.24409855695595467,0,1,1,2,9,1,0,34.05,-111.09,USA
C1637,Individual,Male,Mexico,Nuevo Leon,Personal Use,5,No,Agency,56.884325804243666,55-64,3,1333020.46,444340.1533333333,286.7193277193805,1525.18,0.0,3,2024-04-01,2025-02-01,10.1,International,0,0,0,0,S3,International Buyers,S3 - International Buyers,S3,1,0.07485037752329751,0.457355912445449,0.22685261834636417,1,1,0,0,6,33,1,25.59,-99.99,MEX
C1638,Individual,Female,France,Occitanie,Investment,1,Yes,Agency,47.04722792607803,45-54,3,1047895.71,349298.57,301.0714138870657,1175.6833333333334,0.6666666666666666,3,2024-08-01,2025-06-01,10.0,International,0,0,1,1,S3,International Buyers,S3 - International Buyers,S3,1,0.059889136278321375,-1.2100630032110917,0.08587519920255443,1,0,1,0,4,34,0,43.89,3.28,FRA
C1639,Individual,Male,USA,Colorado,Personal Use,1,No,Website,82.26420260095824,65+,4,1088561.44,272140.36,281.2842270450914,975.4225,0.0,4,2024-01-01,2025-01-01,12.0,Colorado,1,0,0,0,S1,Domestic Cash Home Buyers,S1 - Domestic Cash Home Buyers,S1,1,0.20651623373654873,0.6227586851092108,0.32034722447316444,1,1,0,2,9,11,1,39.55,-105.78,USA
C1640,Individual,Female,USA,California,Personal Use,1,Yes,Website,59.15674195756331,55-64,4,1172146.65,293036.6625,282.79976113293935,1047.99,0.0,4,2024-02-01,2024-08-01,6.0,California,1,0,0,1,S4,Domestic Financed Home Buyers,S4 - Domestic Financed Home Buyers,S4,1,0.2705279081041961,-0.6977364692363197,-0.024964442987863378,1,1,1,2,9,8,0,36.78,-119.42,USA
C1641,Individual,Male,USA,Utah,Personal Use,1,No,Agency,53.87816563997262,45-54,4,1898878.08,474719.52,313.3291322575891,1504.0974999999999,0.5,4,2024-02-01,2025-11-01,21.0,Utah,1,0,0,0,S1,Domestic Cash Home Buyers,S1 - Domestic Cash Home Buyers,S1,1,0.18812014967378626,0.6064933293082515,-0.6750100751070591,1,1,0,0,9,48,1,39.32,-111.09,USA
C1642,Individual,Female,Canada,British Columbia,Personal Use,5,No,Website,44.44900752908966,35-44,4,1441785.62,360446.405,297.334731836774,1167.1599999999999,0.5,4,2024-05-01,2025-07-01,14.0,International,0,0,0,0,S3,International Buyers,S3 - International Buyers,S3,1,0.11098767351113473,0.4614204676839209,1.2777726226416801,1,1,0,2,2,5,0,53.73,-127.65,CAN
C1643,Individual,Male,France,Ile-de-France,Personal Use,4,No,Agency,47.97535934291581,45-54,3,1182889.92,394296.63999999996,265.16695724291304,1468.6933333333334,0.0,3,2024-11-01,2025-11-01,12.0,International,0,0,0,0,S3,International Buyers,S3 - International Buyers,S3,1,0.08380256375541542,0.4509037940822906,0.24885501490851547,1,1,0,0,4,18,1,48.85,2.35,FRA
C1644,Individual,Female,USA,California,Personal Use,1,No,Client,81.52498288843258,65+,4,1312822.17,328205.5425,317.46041081837075,1024.3375,0.0,4,2024-02-01,2024-09-01,7.0,California,1,0,0,0,S1,Domestic Cash Home Buyers,S1 - Domestic Cash Home Buyers,S1,1,0.19643672791656752,0.6615606494606261,-0.4957177039519341,1,1,0,1,9,8,0,36.78,-119.42,USA
C1645,Individual,Female,Australia,New South Wales,Investment,1,No,Website,30.89390828199863,<35,4,1503973.21,375993.3025,303.70310749731755,1238.115,0.25,4,2024-03-01,2025-08-01,17.0,International,0,0,1,0,S3,International Buyers,S3 - International Buyers,S3,1,0.07855026562982433,0.19261598168494537,1.1667703592987861,1,0,0,2,0,26,0,-31.25,146.92,AUS
C1646,Individual,Male,USA,Washington,Investment,4,Yes,Agency,27.55920602327173,<35,3,972186.46,324062.1533333333,307.88169303743933,1052.4533333333334,0.0,3,2024-05-01,2024-08-01,3.0,Washington,1,0,1,1,S2,Domestic Investors,S2 - Domestic Investors,S2,1,0.07512506443078644,-1.0656185824965407,-0.8230209076568402,1,0,1,0,9,53,1,47.75,-120.74,USA
C1647,Individual,Male,USA,Ohio,Personal Use,4,Yes,Agency,80.09856262833675,65+,3,1316368.95,438789.64999999997,299.05409997104294,1471.8999999999999,0.0,3,2024-08-01,2025-05-01,9.0,US - Other,1,0,0,1,S4,Domestic Financed Home Buyers,S4 - Domestic Financed Home Buyers,S4,1,0.19383035680928626,-0.7657673141851773,-0.7561649617941044,1,1,1,0,9,35,1,40.42,-82.91,USA
C1648,Individual,Female,Australia,New South Wales,Personal Use,3,No,Website,76.27652292950035,65+,3,1282946.7,427648.89999999997,288.7778845100586,1476.9433333333334,0.3333333333333333,3,2024-07-01,2025-04-01,9.0,International,0,0,0,0,S3,International Buyers,S3 - International Buyers,S3,1,0.0932517586611037,0.48762619607642427,1.238230471503233,1,1,0,2,0,26,0,-31.25,146.92,AUS
C1649,Individual,Female,USA,Oregon,Personal Use,4,Yes,Agency,43.832991101984945,35-44,4,1540887.81,385221.9525,311.1054526164346,1254.045,0.25,4,2024-02-01,2025-07-01,17.0,Oregon,1,0,0,1,S4,Domestic Financed Home Buyers,S4 - Domestic Financed Home Buyers,S4,1,0.20568273992666916,-0.7891306801831846,-0.7656955495403062,1,1,1,0,9,37,0,43.8,-120.55,USA
C1650,Individual,Male,USA,Washington,Investment,2,No,Website,56.7501711156742,55-64,3,1065238.5,355079.5,324.96413199998216,1057.95,0.3333333333333333,3,2024-04-01,2025-01-01,9.0,Washington,1,0,1,0,S2,Domestic Investors,S2 - Domestic Investors,S2,1,0.12597407382863518,0.33227225263722543,0.27406416645763176,1,0,0,2,9,53,1,47.75,-120.74,USA
C1651,Individual,Male,USA,California,Investment,4,No,Website,80.11498973305955,65+,3,962066.4199999999,320688.80666666664,360.4368684454,880.66,0.0,3,2024-08-01,2025-12-01,16.0,California,1,0,1,0,S2,Domestic Investors,S2 - Domestic Investors,S2,1,0.15738823742252356,0.3960477745609628,-0.009182462382926304,1,0,0,2,9,8,1,36.78,-119.42,USA
C1652,Individual,Male,USA,Nevada,Investment,4,Yes,Client,61.960301163586585,55-64,3,1078933.8,359644.60000000003,304.82777574872546,1168.3833333333334,0.3333333333333333,3,2024-01-01,2025-12-01,23.0,Nevada,1,0,1,1,S2,Domestic Investors,S2 - Domestic Investors,S1,0,0.07208970845689003,-1.0678154787181346,-0.3870644875057672,1,0,1,1,9,25,1,38.8,-116.42,USA
C1653,Individual,Female,USA,Colorado,Investment,4,Yes,Website,51.41409993155373,45-54,4,957106.48,239276.62,281.1811658250624,860.9325,0.0,4,2024-09-01,2025-08-01,11.0,Colorado,1,0,1,1,S2,Domestic Investors,S2 - Domestic Investors,S2,1,0.0792895607966573,-1.0445053967976892,0.16413508739867305,1,0,1,2,9,11,0,39.55,-105.78,USA
C1654,Individual,Female,USA,California,Personal Use,1,No,Website,57.738535249828885,55-64,4,1250065.3800000001,312516.34500000003,323.5165817147669,951.6375,0.25,4,2024-11-01,2025-11-01,12.0,California,1,0,0,0,S1,Domestic Cash Home Buyers,S1 - Domestic Cash Home Buyers,S1,1,0.2720457138404985,0.6758995382311912,0.06125549708804767,1,1,0,2,9,8,0,36.78,-119.42,USA
C1655,Individual,Female,USA,Texas,Investment,2,No,Website,60.62696783025325,55-64,3,974749.8,324916.60000000003,300.4113056393208,1088.5866666666668,0.3333333333333333,3,2024-05-01,2025-01-01,8.0,Texas,1,0,1,0,S2,Domestic Investors,S2 - Domestic Investors,S2,1,0.13009330599374794,0.34245402490462556,0.2754873264648021,1,0,0,2,9,47,0,31.97,-99.9,USA
C1656,Individual,Male,Belgium,Wallonia,Investment,4,Yes,Website,34.65845311430527,<35,4,1401657.84,350414.46,289.62293653298065,1182.3725,0.25,4,2024-09-01,2025-10-01,13.0,International,0,0,1,1,S3,International Buyers,S3 - International Buyers,S3,1,0.07346374374895456,-1.1785900207084334,1.087636162487342,1,0,1,2,1,52,1,50.41,4.44,BEL
C1657,Individual,Male,USA,California,Personal Use,2,No,Website,67.61943874058863,65+,4,1316624.69,329156.1725,321.1115919129062,1023.9675,0.25,4,2024-04-01,2025-05-01,13.0,California,1,0,0,0,S1,Domestic Cash Home Buyers,S1 - Domestic Cash Home Buyers,S1,1,0.2887828991900663,0.6781911458274388,0.06113390052968737,1,1,0,2,9,8,1,36.78,-119.42,USA
C1658,Individual,Male,USA,California,Personal Use,5,No,Agency,55.40041067761807,55-64,4,1243178.6,310794.65,320.1370625802807,984.12,0.0,4,2024-03-01,2024-10-01,7.0,California,1,0,0,0,S1,Domestic Cash Home Buyers,S1 - Domestic Cash Home Buyers,S1,1,0.2466642581657162,0.6585126693780197,-0.9499788036015342,1,1,0,0,9,8,1,36.78,-119.42,USA
C1659,Individual,Male,Denmark,Zealand,Personal Use,4,No,Website,79.32101300479124,65+,4,1576416.87,394104.2175,301.7876767541033,1307.3,0.0,4,2024-01-01,2025-07-01,18.0,International,0,0,0,0,S3,International Buyers,S3 - International Buyers,S3,1,0.07781918128145744,0.4843486553098227,1.2209304878160838,1,1,0,2,3,56,1,55.45,11.79,DNK
C1660,Individual,Male,USA,Nevada,Personal Use,4,Yes,Website,85.67830253251198,65+,4,1330046.48,332511.62,310.73477975168214,1068.57,0.0,4,2024-06-01,2025-06-01,12.0,Nevada,1,0,0,1,S4,Domestic Financed Home Buyers,S4 - Domestic Financed Home Buyers,S4,1,0.21992514987401246,-0.7555244458851422,0.2399509934664631,1,1,1,2,9,25,1,38.8,-116.42,USA
C1661,Individual,Male,USA,Washington,Personal Use,4,No,Agency,50.365503080082135,45-54,3,1511063.27,503687.75666666665,314.9340105075308,1599.3433333333332,0.3333333333333333,3,2024-06-01,2025-07-01,13.0,Washington,1,0,0,0,S1,Domestic Cash Home Buyers,S1 - Domestic Cash Home Buyers,S1,1,0.20113743304226064,0.5990432737438065,-0.6655967038844093,1,1,0,0,9,53,1,47.75,-120.74,USA
C1662,Individual,Male,Russia,Tatarstan,Personal Use,4,No,Website,58.62833675564682,55-64,4,1505862.74,376465.685,285.37035996288023,1320.35,0.25,4,2024-07-01,2025-07-01,12.0,International,0,0,0,0,S3,International Buyers,S3 - International Buyers,S3,1,0.09628328233941448,0.48087173521527665,1.2392860838779571,1,1,0,2,7,46,1,55.18,50.73,RUS
C1663,Individual,Male,USA,Colorado,Investment,3,No,Agency,48.63518138261465,45-54,3,926064.21,308688.07,292.3087106115556,1042.71,0.3333333333333333,3,2024-07-01,2024-10-01,3.0,Colorado,1,0,1,0,S2,Domestic Investors,S2 - Domestic Investors,S2,1,0.13590130547437168,0.311644933703018,-0.762649122220046,1,0,0,0,9,11,1,39.55,-105.78,USA
C1664,Individual,Female,France,Occitanie,Investment,5,No,Agency,56.435318275154,55-64,3,1390001.73,463333.91,332.60232639405876,1445.2933333333333,0.3333333333333333,3,2024-10-01,2025-06-01,8.0,International,0,0,1,0,S3,International Buyers,S3 - International Buyers,S3,1,0.06711262385521564,0.1672890395218009,0.1754897343276231,1,0,0,0,4,34,0,43.89,3.28,FRA
C1665,Individual,Male,USA,Arizona,Personal Use,5,No,Website,30.04243668720055,<35,4,966971.19,241742.7975,294.3926755337411,827.2,0.0,4,2024-06-01,2025-10-01,16.0,Arizona,1,0,0,0,S1,Domestic Cash Home Buyers,S1 - Domestic Cash Home Buyers,S1,1,0.21072106975958554,0.6165112960431729,0.341337800832623,1,1,0,2,9,1,1,34.05,-111.09,USA
C1666,Individual,Female,USA,Ohio,Personal Use,2,No,Website,63.31279945242984,55-64,3,706503.5900000001,235501.19666666668,319.24500925247025,736.0433333333334,0.0,3,2024-02-01,2025-07-01,17.0,US - Other,1,0,0,0,S1,Domestic Cash Home Buyers,S1 - Domestic Cash Home Buyers,S1,1,0.21720833676959742,0.6210073855555056,0.34376845368413167,1,1,0,2,9,35,0,40.42,-82.91,USA
C1667,Individual,Female,USA,California,Investment,4,No,Agency,58.130047912388775,55-64,3,831811.52,277270.50666666665,321.57952434932054,862.11,0.0,3,2024-06-01,2025-06-01,12.0,California,1,0,1,0,S2,Domestic Investors,S2 - Domestic Investors,S2,1,0.15357538048324734,0.373723583447691,-1.0219552570729513,1,0,0,0,9,8,0,36.78,-119.42,USA
C1668,Individual,Male,Australia,Victoria,Personal Use,5,No,Website,68.13415468856947,65+,4,1046863.21,261715.8025,307.7397747029087,872.2,0.0,4,2024-12-01,2025-05-01,5.0,International,0,0,0,0,S3,International Buyers,S3 - International Buyers,S3,1,0.08917406740306305,0.4859826041211633,1.2386601119794396,1,1,0,2,0,49,1,-36.85,144.28,AUS
C1669,Individual,Male,Canada,Alberta,Investment,3,Yes,Agency,65.73305954825462,65+,4,948271.3400000001,237067.83500000002,284.230321631763,837.5225,0.5,4,2024-02-01,2025-02-01,12.0,International,0,0,1,1,S3,International Buyers,S3 - International Buyers,S3,1,0.07611341133943764,-1.2102011573998166,0.10159895716666706,1,0,1,0,2,0,1,53.93,-116.58,CAN
C1670,Individual,Female,USA,Colorado,Personal Use,3,Yes,Website,55.06091718001369,55-64,4,1356021.03,339005.2575,312.65688885860277,1076.59,0.25,4,2024-04-01,2025-10-01,18.0,Colorado,1,0,0,1,S4,Domestic Financed Home Buyers,S4 - Domestic Financed Home Buyers,S4,1,0.23008400603708237,-0.7586553357608874,0.23562400755713653,1,1,1,2,9,11,0,39.55,-105.78,USA
C1671,Individual,Female,USA,California,Personal Use,3,No,Agency,77.29774127310061,65+,4,1329236.75,332309.1875,288.7153700965629,1120.62,0.25,4,2024-02-01,2025-11-01,21.0,California,1,0,0,0,S1,Domestic Cash Home Buyers,S1 - Domestic Cash Home Buyers,S1,1,0.2561845787193879,0.6634621640164655,-0.9529873735525114,1,1,0,0,9,8,0,36.78,-119.42,USA
C1672,Individual,Female,USA,Nevada,Investment,4,No,Website,51.728952772073924,45-54,3,728363.1699999999,242787.7233333333,276.41545154981975,889.9166666666666,0.0,3,2024-02-01,2025-04-01,14.0,Nevada,1,0,1,0,S2,Domestic Investors,S2 - Domestic Investors,S2,1,0.13688860600048358,0.32505429298367455,0.2572898607134324,1,0,0,2,9,25,0,38.8,-116.42,USA
C1673,Individual,Female,USA,Washington,Personal Use,1,Yes,Website,33.82614647501711,<35,4,1803634.76,450908.69,310.9460331246886,1422.9925,0.25,4,2024-01-01,2025-05-01,16.0,Washington,1,0,0,1,S4,Domestic Financed Home Buyers,S4 - Domestic Financed Home Buyers,S4,1,0.20564690636472518,-0.7615734291257559,0.2601344975749381,1,1,1,2,9,53,0,47.75,-120.74,USA
C1674,Individual,Female,USA,California,Personal Use,5,Yes,Website,84.02464065708419,65+,4,1614623.53,403655.8825,319.73468147134105,1268.7075,0.25,4,2024-04-01,2025-11-01,19.0,California,1,0,0,1,S4,Domestic Financed Home Buyers,S4 - Domestic Financed Home Buyers,S4,1,0.25600388091824977,-0.6924600314744234,-0.025158205083061325,1,1,1,2,9,8,0,36.78,-119.42,USA
C1675,Individual,Female,Canada,Alberta,Investment,5,No,Website,40.73100616016427,35-44,3,918037.6799999999,306012.56,298.41753618416203,1012.96,0.0,3,2024-01-01,2024-12-01,11.0,International,0,0,1,0,S3,International Buyers,S3 - International Buyers,S3,1,0.10055207331217335,0.1760613790319034,1.2082670329838587,1,0,0,2,2,0,0,53.93,-116.58,CAN
C1676,Individual,Female,USA,Washington,Personal Use,2,No,Website,26.28336755646817,<35,4,1251637.0,312909.25,308.950924981104,1019.1225,0.0,4,2024-02-01,2025-10-01,20.0,Washington,1,0,0,0,S1,Domestic Cash Home Buyers,S1 - Domestic Cash Home Buyers,S1,1,0.21526965899914383,0.6110428933906569,0.34812600492450163,1,1,0,2,9,53,0,47.75,-120.74,USA
C1677,Individual,Male,USA,Texas,Personal Use,1,Yes,Website,61.02943189596167,55-64,3,942915.1799999999,314305.06,324.63653231730336,975.9433333333333,0.0,3,2024-01-01,2025-07-01,18.0,Texas,1,0,0,1,S4,Domestic Financed Home Buyers,S4 - Domestic Financed Home Buyers,S4,1,0.2117992919247888,-0.7461107652497607,0.261636078992157,1,1,1,2,9,47,1,31.97,-99.9,USA
C1678,Individual,Male,USA,California,Personal Use,1,Yes,Agency,64.82135523613962,55-64,3,1377654.29,459218.0966666667,277.8971589619036,1650.4733333333334,0.3333333333333333,3,2024-09-01,2025-09-01,12.0,California,1,0,0,1,S4,Domestic Financed Home Buyers,S4 - Domestic Financed Home Buyers,S4,1,0.23496331563321318,-0.7138943032675945,-1.0383937378237589,1,1,1,0,9,8,1,36.78,-119.42,USA
C1679,Individual,Female,USA,Nevada,Investment,4,No,Website,39.83846680355921,35-44,3,1194618.9,398206.3,302.3682114511598,1268.0466666666669,0.3333333333333333,3,2025-03-01,2025-05-01,2.0,Nevada,1,0,1,0,S2,Domestic Investors,S2 - Domestic Investors,S2,1,0.13670994026022176,0.32215704511499604,0.2577991341253154,1,0,0,2,9,25,0,38.8,-116.42,USA
C1680,Individual,Female,USA,California,Investment,4,No,Agency,26.26694045174538,<35,3,665078.77,221692.92333333334,322.26527070857014,692.13,0.0,3,2024-02-01,2024-10-01,8.0,California,1,0,1,0,S2,Domestic Investors,S2 - Domestic Investors,S2,1,0.1446653120002936,0.36586467348286983,-1.0202905557118387,1,0,0,0,9,8,0,36.78,-119.42,USA
C1681,Individual,Male,USA,Oregon,Personal Use,3,Yes,Client,64.42984257357973,55-64,4,1408304.94,352076.235,302.14952941529555,1156.7625,0.25,4,2024-04-01,2025-08-01,16.0,Oregon,1,0,0,1,S4,Domestic Financed Home Buyers,S4 - Domestic Financed Home Buyers,S1,0,0.19126936599094682,-0.7879561525151921,-0.3100566598903299,1,1,1,1,9,37,1,43.8,-120.55,USA
C1682,Individual,Female,USA,Nevada,Personal Use,2,No,Website,38.724161533196444,35-44,4,1469905.41,367476.3525,301.3156548240538,1257.0925,0.0,4,2024-03-01,2025-11-01,20.0,Nevada,1,0,0,0,S1,Domestic Cash Home Buyers,S1 - Domestic Cash Home Buyers,S1,1,0.22401712522793807,0.6081884512843727,0.32919027309207716,1,1,0,2,9,25,0,38.8,-116.42,USA
C1683,Individual,Female,USA,Oregon,Investment,1,No,Client,26.116358658453116,<35,4,1410114.6,352528.65,303.8628075737084,1144.74,0.5,4,2025-05-01,2025-12-01,7.0,Oregon,1,0,1,0,S2,Domestic Investors,S2 - Domestic Investors,S1,0,0.11344398554119334,0.2921373285437319,-0.29479831378032517,1,0,0,1,9,37,0,43.8,-120.55,USA
C1684,Individual,Female,USA,Colorado,Investment,4,No,Website,48.50102669404517,45-54,4,1109440.17,277360.0425,311.62255236789474,883.4825000000001,0.0,4,2024-05-01,2025-12-01,19.0,Colorado,1,0,1,0,S2,Domestic Investors,S2 - Domestic Investors,S2,1,0.1320333835142613,0.32946555658451976,0.2514584977567159,1,0,0,2,9,11,0,39.55,-105.78,USA
C1685,Individual,Female,USA,California,Personal Use,5,No,Agency,48.62696783025325,45-54,3,1109623.75,369874.5833333333,290.4557343966067,1274.52,0.0,3,2024-06-01,2025-04-01,10.0,California,1,0,0,0,S1,Domestic Cash Home Buyers,S1 - Domestic Cash Home Buyers,S1,1,0.2455742694426563,0.656705941379937,-0.9480124036497153,1,1,0,0,9,8,0,36.78,-119.42,USA
C1686,Individual,Male,USA,California,Investment,2,Yes,Agency,48.930869267624914,45-54,4,1214377.82,303594.455,278.523494239301,1073.905,0.25,4,2024-06-01,2025-10-01,16.0,California,1,0,1,1,S2,Domestic Investors,S2 - Domestic Investors,S2,1,0.09192770473472063,-1.0026754809779543,-1.1109953926325928,1,0,1,0,9,8,1,36.78,-119.42,USA
C1687,Individual,Male,USA,California,Personal Use,4,Yes,Website,58.63107460643395,55-64,4,1026117.62,256529.405,286.70853217155127,935.37,0.25,4,2024-07-01,2025-11-01,16.0,California,1,0,0,1,S4,Domestic Financed Home Buyers,S4 - Domestic Financed Home Buyers,S4,1,0.2830347900548366,-0.6989827381344718,-0.024748189380204733,1,1,1,2,9,8,1,36.78,-119.42,USA
C1688,Individual,Female,USA,Oregon,Personal Use,5,No,Client,29.675564681724847,<35,3,1314384.27,438128.09,343.9541576576939,1281.9566666666667,0.0,3,2024-02-01,2024-12-01,10.0,Oregon,1,0,0,0,S1,Domestic Cash Home Buyers,S1 - Domestic Cash Home Buyers,S1,1,0.16435370469751368,0.5784574002851912,-0.2176173949250102,1,1,0,1,9,37,0,43.8,-120.55,USA
C1689,Individual,Female,USA,Oregon,Investment,1,Yes,Client,40.92813141683778,35-44,3,896100.8,298700.26666666666,310.7623308696199,973.09,0.3333333333333333,3,2024-07-01,2025-11-01,16.0,Oregon,1,0,1,1,S2,Domestic Investors,S2 - Domestic Investors,S1,0,0.0649413533859097,-1.0790997378210956,-0.3811355344821256,1,0,1,1,9,37,0,43.8,-120.55,USA
C1690,Individual,Male,Denmark,North Denmark,Personal Use,2,Yes,Agency,74.3709787816564,65+,3,1662639.06,554213.02,316.11518008644987,1754.9366666666667,0.0,3,2024-02-01,2025-07-01,17.0,International,0,0,0,1,S3,International Buyers,S3 - International Buyers,S3,1,0.017516802367521456,-0.907923145499149,0.12141652869360925,1,1,1,0,3,29,1,57.05,9.92,DNK
C1691,Individual,Male,USA,Arizona,Personal Use,5,No,Website,79.77002053388091,65+,4,1212731.6,303182.9,304.6012430367134,984.9525,0.0,4,2024-02-01,2025-08-01,18.0,Arizona,1,0,0,0,S1,Domestic Cash Home Buyers,S1 - Domestic Cash Home Buyers,S1,1,0.21525232335311542,0.6286066091290021,0.3385208695720874,1,1,0,2,9,1,1,34.05,-111.09,USA
C1692,Individual,Male,Canada,Ontario,Personal Use,5,Yes,Agency,34.81724845995893,<35,4,1165619.9100000001,291404.97750000004,292.5648538941497,984.9525,0.0,4,2024-05-01,2024-11-01,6.0,International,0,0,0,1,S3,International Buyers,S3 - International Buyers,S3,1,0.0524741629769208,-0.9313790485367326,0.17892452046972268,1,1,1,0,2,36,1,51.25,-85.32,CAN
C1693,Individual,Male,Belgium,Flanders,Personal Use,1,No,Website,35.1129363449692,35-44,4,1557035.08,389258.77,290.03931532577434,1342.1525000000001,0.5,4,2024-02-01,2025-12-01,22.0,International,0,0,0,0,S3,International Buyers,S3 - International Buyers,S3,1,0.0927899440870276,0.4808661288581459,1.244917169767205,1,1,0,2,1,13,1,51.05,4.48,BEL
C1694,Individual,Female,USA,Virginia,Personal Use,5,No,Agency,68.45448323066393,65+,4,1457395.73,364348.9325,302.1616200824728,1202.695,0.0,4,2024-02-01,2025-02-01,12.0,Virginia,1,0,0,0,S1,Domestic Cash Home Buyers,S1 - Domestic Cash Home Buyers,S1,1,0.2023931155368884,0.6125706686268546,-0.6693370565295622,1,1,0,0,9,50,0,37.43,-78.66,USA
C1695,Individual,Female,Belgium,Flanders,Personal Use,5,No,Website,70.05065023956195,65+,3,975866.19,325288.73,294.023074241983,1111.2966666666666,0.0,3,2024-01-01,2024-10-01,9.0,International,0,0,0,0,S3,International Buyers,S3 - International Buyers,S3,1,0.09322211482502861,0.48911493545182566,1.2469700734826747,1,1,0,2,1,13,0,51.05,4.48,BEL
C1696,Individual,Female,USA,Florida,Personal Use,1,No,Website,38.861054072553046,35-44,4,1316025.35,329006.3375,305.0634382600898,1092.085,0.0,4,2024-06-01,2025-04-01,10.0,Florida,1,0,0,0,S1,Domestic Cash Home Buyers,S1 - Domestic Cash Home Buyers,S1,1,0.2137695847381851,0.6243243928159079,0.34793608983716373,1,1,0,2,9,14,0,27.66,-81.52,USA
C1697,Individual,Female,Belgium,Brussels,Personal Use,2,No,Client,45.399041752224505,45-54,4,802813.26,200703.315,287.30900099510274,700.7825,0.0,4,2024-03-01,2025-12-01,21.0,International,0,0,0,0,S3,International Buyers,S3 - International Buyers,S3,1,0.07620584412795733,0.46279633116066704,0.6888326827983517,1,1,0,1,1,7,0,50.85,4.35,BEL
C1698,Individual,Male,UK,Northern Ireland,Personal Use,4,Yes,Website,75.07186858316221,65+,3,764529.97,254843.32333333333,302.7039435252766,901.6266666666667,0.0,3,2024-01-01,2024-11-01,10.0,International,0,0,0,1,S3,International Buyers,S3 - International Buyers,S3,1,0.06932974623211989,-0.9048929284571428,1.2254298321023869,1,1,1,2,8,31,1,54.79,-6.49,GBR
C1699,Individual,Male,Australia,Western Australia,Personal Use,3,Yes,Agency,56.46269678302532,55-64,4,1161971.24,290492.81,313.0342206759192,946.6524999999999,0.25,4,2024-02-01,2025-09-01,19.0,International,0,0,0,1,S3,International Buyers,S3 - International Buyers,S3,1,0.03238945848772139,-0.9083401589820062,0.13708426918145244,1,1,1,0,0,54,1,-25.04,117.79,AUS
C1700,Individual,Male,USA,Nevada,Personal Use,3,No,Website,82.1574264202601,65+,4,1293648.37,323412.0925,303.08159632381387,1050.5725,0.5,4,2024-03-01,2025-04-01,13.0,Nevada,1,0,0,0,S1,Domestic Cash Home Buyers,S1 - Domestic Cash Home Buyers,S1,1,0.2185289202006498,0.6170333815209259,0.3248589850850656,1,1,0,2,9,25,1,38.8,-116.42,USA
C1701,Individual,Female,USA,Arizona,Personal Use,1,No,Website,43.51266255989049,35-44,3,916043.72,305347.9066666667,311.0266003046787,979.0866666666667,0.3333333333333333,3,2024-03-01,2025-08-01,17.0,Arizona,1,0,0,0,S1,Domestic Cash Home Buyers,S1 - Domestic Cash Home Buyers,S1,1,0.21306258377757703,0.6193033060096378,0.3392518756570845,1,1,0,2,9,1,0,34.05,-111.09,USA
C1702,Individual,Male,USA,Washington,Investment,5,Yes,Website,35.98904859685147,35-44,3,1259181.49,419727.16333333333,285.1389583831844,1477.03,0.6666666666666666,3,2024-10-01,2025-12-01,14.0,Washington,1,0,1,1,S2,Domestic Investors,S2 - Domestic Investors,S2,1,0.07359256043053433,-1.048000542110971,0.1889699733095611,1,0,1,2,9,53,1,47.75,-120.74,USA
C1703,Individual,Male,USA,Texas,Investment,4,No,Agency,26.38466803559206,<35,3,868665.77,289555.25666666665,295.0443316591397,980.8699999999999,0.0,3,2024-08-01,2024-10-01,2.0,Texas,1,0,1,0,S2,Domestic Investors,S2 - Domestic Investors,S2,1,0.12348219681513234,0.31779010286180903,-0.7344419072865889,1,0,0,0,9,47,1,31.97,-99.9,USA
C1704,Individual,Female,Denmark,Capital Region,Personal Use,4,No,Agency,62.874743326488705,55-64,3,1131490.6400000001,377163.5466666667,306.1192528290906,1251.25,0.3333333333333333,3,2024-02-01,2025-02-01,12.0,International,0,0,0,0,S3,International Buyers,S3 - International Buyers,S3,1,0.06534546751561598,0.46226945422266247,0.20805332655560577,1,1,0,0,3,9,0,55.68,12.57,DNK
C1705,Individual,Male,USA,Virginia,Investment,3,Yes,Website,46.105407255304584,45-54,3,1031987.6799999999,343995.8933333333,330.6228903297424,1049.3066666666666,0.0,3,2024-09-01,2025-06-01,9.0,Virginia,1,0,1,1,S2,Domestic Investors,S2 - Domestic Investors,S2,1,0.08273523663963331,-1.0355032639992807,0.18705228921927713,1,0,1,2,9,50,1,37.43,-78.66,USA
C1706,Individual,Male,USA,California,Personal Use,3,Yes,Website,49.634496919917865,45-54,4,1417221.48,354305.37,312.54350431448387,1128.9675,0.0,4,2024-01-01,2024-10-01,9.0,California,1,0,0,1,S4,Domestic Financed Home Buyers,S4 - Domestic Financed Home Buyers,S4,1,0.2924554379403192,-0.6999722379728102,-0.0231571143776782,1,1,1,2,9,8,1,36.78,-119.42,USA
C1707,Individual,Male,USA,Georgia,Personal Use,1,Yes,Website,52.28199863107461,45-54,3,770609.62,256869.87333333332,285.6765073879488,899.7566666666667,0.0,3,2024-04-01,2024-06-01,2.0,US - Other,1,0,0,1,S4,Domestic Financed Home Buyers,S4 - Domestic Financed Home Buyers,S4,1,0.20759669380418846,-0.7558212988511721,0.2573409598219595,1,1,1,2,9,15,1,32.16,-82.9,USA
C1708,Individual,Female,Germany,Hesse,Personal Use,1,Yes,Agency,39.403148528405204,35-44,3,854426.52,284808.84,317.17739036916583,897.3100000000001,0.0,3,2024-06-01,2025-07-01,13.0,International,0,0,0,1,S3,International Buyers,S3 - International Buyers,S3,1,0.03791184158255299,-0.9256404321416196,0.16218067261885982,1,1,1,0,5,17,0,50.65,9.16,DEU
C1709,Individual,Female,USA,Arizona,Investment,3,No,Agency,79.3949349760438,65+,3,1336416.1600000001,445472.0533333334,296.7134929184651,1513.17,0.0,3,2024-01-01,2025-06-01,17.0,Arizona,1,0,1,0,S2,Domestic Investors,S2 - Domestic Investors,S2,1,0.12530184987370618,0.3269799061894963,-0.7467271882997404,1,0,0,0,9,1,0,34.05,-111.09,USA
C1710,Individual,Male,Canada,Alberta,Investment,2,Yes,Website,68.59958932238193,65+,3,1027918.12,342639.37333333335,299.5343200974216,1156.0800000000002,0.3333333333333333,3,2024-01-01,2024-09-01,8.0,International,0,0,1,1,S3,International Buyers,S3 - International Buyers,S3,1,0.09124248701714309,-1.1920372035158668,1.117371006643477,1,0,1,2,2,0,1,53.93,-116.58,CAN
C1711,Individual,Female,USA,California,Investment,3,Yes,Website,44.35318275154004,35-44,4,1015613.11,253903.2775,301.6297150025923,836.9425,0.25,4,2024-03-01,2025-11-01,20.0,California,1,0,1,1,S2,Domestic Investors,S2 - Domestic Investors,S2,1,0.10151959080341845,-0.9872147790887054,-0.09665475300873205,1,0,1,2,9,8,0,36.78,-119.42,USA
C1712,Individual,Male,France,Occitanie,Personal Use,5,No,Website,54.82819986310746,45-54,4,1280242.15,320060.5375,284.99082648560284,1102.08,0.25,4,2024-08-01,2025-09-01,13.0,International,0,0,0,0,S3,International Buyers,S3 - International Buyers,S3,1,0.10011857682941191,0.4689004469566997,1.2603269683829972,1,1,0,2,4,34,1,43.89,3.28,FRA
C1713,Individual,Female,USA,Oregon,Personal Use,1,No,Website,44.89253935660506,35-44,4,1401670.4500000002,350417.61250000005,299.5828557316812,1186.5225,0.0,4,2024-05-01,2025-03-01,10.0,Oregon,1,0,0,0,S1,Domestic Cash Home Buyers,S1 - Domestic Cash Home Buyers,S1,1,0.2064455195646007,0.6032974558628239,0.33445556752233496,1,1,0,2,9,37,0,43.8,-120.55,USA
C1714,Individual,Male,USA,Colorado,Personal Use,3,No,Website,77.48939082819986,65+,4,1054289.58,263572.395,317.55619033461386,823.6625,0.25,4,2024-03-01,2025-06-01,15.0,Colorado,1,0,0,0,S1,Domestic Cash Home Buyers,S1 - Domestic Cash Home Buyers,S1,1,0.2234970012560062,0.6207668437722944,0.32059321292055254,1,1,0,2,9,11,1,39.55,-105.78,USA
C1715,Individual,Female,USA,Florida,Personal Use,3,Yes,Agency,62.718685831622174,55-64,4,987214.1799999999,246803.54499999998,278.10999869222815,900.39,0.25,4,2024-01-01,2025-09-01,20.0,Florida,1,0,0,1,S4,Domestic Financed Home Buyers,S4 - Domestic Financed Home Buyers,S4,1,0.1979796004159949,-0.7626079838532924,-0.7549368965591237,1,1,1,0,9,14,0,27.66,-81.52,USA
C1716,Individual,Female,USA,California,Personal Use,1,No,Website,45.215605749486656,45-54,3,1027286.48,342428.82666666666,305.4102943450733,1129.1766666666665,0.0,3,2024-07-01,2025-08-01,13.0,California,1,0,0,0,S1,Domestic Cash Home Buyers,S1 - Domestic Cash Home Buyers,S1,1,0.2685407010738174,0.6731899766515064,0.06430478813346563,1,1,0,2,9,8,0,36.78,-119.42,USA
C1717,Individual,Female,USA,California,Personal Use,4,Yes,Website,84.02737850787132,65+,3,915606.0700000001,305202.0233333334,314.2243881035072,980.8699999999999,0.0,3,2024-09-01,2025-01-01,4.0,California,1,0,0,1,S4,Domestic Financed Home Buyers,S4 - Domestic Financed Home Buyers,S4,1,0.27103039147263663,-0.6925942397949698,-0.024008176530179615,1,1,1,2,9,8,0,36.78,-119.42,USA
C1718,Individual,Female,USA,California,Personal Use,1,No,Website,30.98425735797399,<35,4,1362121.47,340530.3675,292.8885679581756,1150.74,0.0,4,2024-12-01,2025-10-01,10.0,California,1,0,0,0,S1,Domestic Cash Home Buyers,S1 - Domestic Cash Home Buyers,S1,1,0.2611699565978373,0.6702533178705326,0.0639996067104972,1,1,0,2,9,8,0,36.78,-119.42,USA
C1719,Corporate,Male,USA,Florida,Personal Use,2,No,Agency,65.64271047227926,65+,3,1178759.88,392919.95999999996,306.424004419429,1263.8633333333335,0.3333333333333333,3,2024-06-01,2025-06-01,12.0,Florida,1,0,0,0,S1,Domestic Cash Home Buyers,S1 - Domestic Cash Home Buyers,S1,1,0.14635546450363354,0.5893715525361625,-0.6776385529530071,0,1,0,0,9,14,1,27.66,-81.52,USA
C1720,Individual,Female,USA,California,Personal Use,5,Yes,Website,29.22381930184805,<35,4,1396671.77,349167.9425,297.0329485289227,1122.0925,0.0,4,2024-01-01,2025-08-01,19.0,California,1,0,0,1,S4,Domestic Financed Home Buyers,S4 - Domestic Financed Home Buyers,S4,1,0.2549931118468167,-0.7050708213982427,-0.02100938103488348,1,1,1,2,9,8,0,36.78,-119.42,USA
C1721,Individual,Male,USA,Nevada,Personal Use,2,No,Agency,39.058179329226554,35-44,4,1282729.71,320682.4275,312.34045324566085,1034.0675,0.0,4,2024-02-01,2025-05-01,14.9,Nevada,1,0,0,0,S1,Domestic Cash Home Buyers,S1 - Domestic Cash Home Buyers,S1,1,0.20572289745288364,0.5911650612785857,-0.685011672581932,1,1,0,0,9,25,1,38.8,-116.42,USA
C1722,Individual,Female,USA,Nevada,Personal Use,3,No,Website,43.1047227926078,35-44,4,1676365.72,419091.43,316.41776276322054,1307.3,0.0,4,2024-02-01,2024-08-01,6.0,Nevada,1,0,0,0,S1,Domestic Cash Home Buyers,S1 - Domestic Cash Home Buyers,S1,1,0.2291641186500081,0.6092870073450449,0.32956692722086056,1,1,0,2,9,25,0,38.8,-116.42,USA
C1723,Individual,Female,Canada,Quebec,Personal Use,2,Yes,Agency,27.90965092402464,<35,4,1084602.42,271150.605,302.19176801519757,900.39,0.0,4,2024-03-01,2025-12-01,21.0,International,0,0,0,1,S3,International Buyers,S3 - International Buyers,S3,1,0.051802057188679994,-0.9327515933632102,0.17796582675384337,1,1,1,0,2,40,0,52.94,-73.55,CAN
C1724,Individual,Male,USA,Virginia,Personal Use,4,No,Website,69.53319644079397,65+,4,1646338.3599999999,411584.58999999997,303.2320621348912,1358.9675,0.0,4,2024-03-01,2025-07-01,16.0,Virginia,1,0,0,0,S1,Domestic Cash Home Buyers,S1 - Domestic Cash Home Buyers,S1,1,0.22587974568747524,0.630030229762323,0.3443219958576023,1,1,0,2,9,50,1,37.43,-78.66,USA
C1725,Individual,Female,USA,Nevada,Personal Use,3,Yes,Website,66.9678302532512,65+,4,1352500.23,338125.0575,287.4406613645518,1167.3975,0.0,4,2024-08-01,2025-11-01,15.0,Nevada,1,0,0,1,S4,Domestic Financed Home Buyers,S4 - Domestic Financed Home Buyers,S4,1,0.233176572199821,-0.7598130310569271,0.24076696928067565,1,1,1,2,9,25,0,38.8,-116.42,USA
C1726,Individual,Female,UK,Northern Ireland,Personal Use,3,No,Website,77.37713894592744,65+,3,1141107.24,380369.08,313.2034401726428,1193.7733333333333,0.3333333333333333,3,2024-07-01,2025-06-01,11.0,International,0,0,0,0,S3,International Buyers,S3 - International Buyers,S3,1,0.12765044608677273,0.4700205975381256,1.311296609129761,1,1,0,2,8,31,0,54.79,-6.49,GBR
C1727,Individual,Female,USA,New York,Personal Use,3,No,Website,80.0684462696783,65+,4,1563834.42,390958.605,320.6079556484317,1210.7375,0.0,4,2024-06-01,2025-12-01,18.0,New York,1,0,0,0,S1,Domestic Cash Home Buyers,S1 - Domestic Cash Home Buyers,S1,1,0.22191020949240245,0.6280023450775203,0.3510795477706972,1,1,0,2,9,27,0,43.0,-75.0,USA
C1728,Individual,Female,USA,Oregon,Personal Use,3,Yes,Client,81.81519507186859,65+,4,1436312.58,359078.145,295.6569757995166,1225.2649999999999,0.0,4,2024-01-01,2025-10-01,21.0,Oregon,1,0,0,1,S4,Domestic Financed Home Buyers,S4 - Domestic Financed Home Buyers,S1,0,0.18714535723407802,-0.783236074145059,-0.3102897197578345,1,1,1,1,9,37,0,43.8,-120.55,USA
C1729,Individual,Male,Canada,British Columbia,Personal Use,3,Yes,Website,70.5160848733744,65+,3,956356.54,318785.51333333337,294.2767649787167,1090.7733333333333,0.0,3,2024-06-01,2025-04-01,10.0,International,0,0,0,1,S3,International Buyers,S3 - International Buyers,S3,1,0.06158115070624035,-0.9060830439313989,1.1910750281513687,1,1,1,2,2,5,1,53.73,-127.65,CAN
C1730,Individual,Male,Mexico,Puebla,Investment,5,Yes,Agency,46.10814510609172,45-54,3,796432.48,265477.49333333335,304.429764768141,922.6899999999999,0.3333333333333333,3,2024-11-01,2025-08-01,9.0,International,0,0,1,1,S3,International Buyers,S3 - International Buyers,S3,1,0.05782080650460478,-1.2060881895092068,0.06622925585655576,1,0,1,0,6,39,1,19.04,-98.21,MEX
C1731,Individual,Male,USA,California,Personal Use,4,Yes,Website,54.03422313483915,45-54,4,1172220.1099999999,293055.02749999997,302.3180812885299,966.56,0.25,4,2024-04-01,2025-08-01,16.0,California,1,0,0,1,S4,Domestic Financed Home Buyers,S4 - Domestic Financed Home Buyers,S4,1,0.2867196656892191,-0.6998875803875032,-0.024212875938272704,1,1,1,2,9,8,1,36.78,-119.42,USA
C1732,Individual,Female,Canada,Alberta,Investment,2,No,Agency,55.46338124572211,55-64,3,1551003.8399999999,517001.27999999997,310.37843214645176,1654.4733333333334,0.0,3,2024-02-01,2025-04-01,14.0,International,0,0,1,0,S3,International Buyers,S3 - International Buyers,S3,1,0.08493450849598763,0.16372765026532426,0.193033805793358,1,0,0,0,2,0,0,53.93,-116.58,CAN
C1733,Individual,Female,USA,California,Personal Use,3,Yes,Agency,77.69199178644764,65+,4,1179975.09,294993.7725,294.50705713935673,1009.9325,0.25,4,2024-03-01,2025-10-01,19.0,California,1,0,0,1,S4,Domestic Financed Home Buyers,S4 - Domestic Financed Home Buyers,S4,1,0.25193701307501015,-0.7110659967067312,-1.0400966180663478,1,1,1,0,9,8,0,36.78,-119.42,USA
C1734,Individual,Male,USA,California,Personal Use,5,No,Website,50.96235455167693,45-54,3,1078504.94,359501.64666666667,287.62689520148655,1254.5033333333333,0.0,3,2024-01-01,2025-10-01,21.0,California,1,0,0,0,S1,Domestic Cash Home Buyers,S1 - Domestic Cash Home Buyers,S1,1,0.2776603574212214,0.6741338533715122,0.0657227999151635,1,1,0,2,9,8,1,36.78,-119.42,USA
C1735,Individual,Female,USA,Utah,Investment,3,No,Website,56.23271731690623,55-64,3,1139995.98,379998.66,302.8156642584218,1258.3999999999999,0.0,3,2024-06-01,2025-11-01,17.0,Utah,1,0,1,0,S2,Domestic Investors,S2 - Domestic Investors,S2,1,0.13239412364821887,0.3391629946177451,0.2697749392114827,1,0,0,2,9,48,0,39.32,-111.09,USA
C1736,Individual,Female,USA,California,Investment,4,Yes,Website,36.276522929500345,35-44,4,1482243.88,370560.97,328.14439261830523,1122.0925,0.0,4,2024-02-01,2024-12-01,10.0,California,1,0,1,1,S2,Domestic Investors,S2 - Domestic Investors,S2,1,0.09995227263510341,-0.9881525010094194,-0.09417313595810506,1,0,1,2,9,8,0,36.78,-119.42,USA
C1737,Individual,Female,USA,California,Investment,3,No,Website,33.01848049281314,<35,3,1060946.57,353648.8566666667,314.2633334681182,1090.7733333333333,0.0,3,2024-10-01,2025-12-01,14.0,California,1,0,1,0,S2,Domestic Investors,S2 - Domestic Investors,S2,1,0.16452449682046322,0.38514602304730655,-0.006383088126598935,1,0,0,2,9,8,0,36.78,-119.42,USA
C1738,Individual,Female,USA,California,Personal Use,5,No,Website,48.84599589322382,45-54,3,861195.69,287065.23,282.88587837123106,1016.7633333333333,0.0,3,2024-10-01,2025-11-01,13.0,California,1,0,0,0,S1,Domestic Cash Home Buyers,S1 - Domestic Cash Home Buyers,S1,1,0.2749845394720669,0.6733209452437283,0.0654583422160836,1,1,0,2,9,8,0,36.78,-119.42,USA
C1739,Individual,Male,Russia,Novosibirsk,Investment,3,Yes,Website,40.84599589322382,35-44,4,998344.48,249586.12,288.33520145178574,872.2,0.0,4,2024-04-01,2025-03-01,11.0,International,0,0,1,1,S3,International Buyers,S3 - International Buyers,S3,1,0.07062745079668352,-1.1826282739076708,1.080878161029038,1,0,1,2,7,32,1,55.03,82.92,RUS
C1740,Individual,Female,USA,California,Personal Use,5,Yes,Website,74.2943189596167,65+,4,1439013.3399999999,359753.33499999996,307.0593540082527,1164.015,0.0,4,2024-02-01,2024-10-01,8.0,California,1,0,0,1,S4,Domestic Financed Home Buyers,S4 - Domestic Financed Home Buyers,S4,1,0.2646926351078457,-0.694351050725443,-0.02387549167471925,1,1,1,2,9,8,0,36.78,-119.42,USA
C1741,Individual,Male,USA,Virginia,Personal Use,5,No,Website,49.70294318959617,45-54,4,1310713.04,327678.26,286.45206726248955,1140.38,0.25,4,2024-02-01,2024-09-01,7.0,Virginia,1,0,0,0,S1,Domestic Cash Home Buyers,S1 - Domestic Cash Home Buyers,S1,1,0.22090735072509768,0.6243212879119104,0.34476757196817304,1,1,0,2,9,50,1,37.43,-78.66,USA
C1742,Corporate,Female,USA,California,Personal Use,5,No,Agency,37.379876796714576,35-44,3,1177856.21,392618.73666666663,274.7544256022332,1431.79,0.3333333333333333,3,2024-08-01,2024-11-01,3.0,California,1,0,0,0,S1,Domestic Cash Home Buyers,S1 - Domestic Cash Home Buyers,S1,1,0.16173076134520858,0.6300579721015525,-0.959039783180571,0,1,0,0,9,8,0,36.78,-119.42,USA
C1743,Individual,Female,Belgium,Flanders,Personal Use,1,No,Client,79.43326488706366,65+,3,839069.28,279689.76,319.0075732434343,881.7833333333333,0.0,3,2024-08-01,2025-02-01,6.0,International,0,0,0,0,S3,International Buyers,S3 - International Buyers,S3,1,0.07204924580725236,0.47099778451557367,0.688011583226007,1,1,0,1,1,13,0,51.05,4.48,BEL
C1744,Individual,Male,Russia,Krasnodar Krai,Investment,1,No,Website,64.12320328542094,55-64,4,1320002.42,330000.605,301.5117315139141,1092.085,0.0,4,2024-04-01,2025-12-01,20.0,International,0,0,1,0,S3,International Buyers,S3 - International Buyers,S3,1,0.07928286406194626,0.19797255724336787,1.1658882413205909,1,0,0,2,7,21,1,45.04,38.98,RUS
C1745,Individual,Female,USA,California,Personal Use,1,No,Website,49.52772073921971,45-54,3,1261495.5,420498.5,280.7719039409577,1487.6599999999999,0.0,3,2024-03-01,2025-10-01,19.0,California,1,0,0,0,S1,Domestic Cash Home Buyers,S1 - Domestic Cash Home Buyers,S1,1,0.2677668010988961,0.6744959418853669,0.06439198246525801,1,1,0,2,9,8,0,36.78,-119.42,USA
C1746,Individual,Female,Belgium,Flanders,Personal Use,3,No,Website,66.54893908281998,65+,3,793835.85,264611.95,302.9506099231338,874.19,0.0,3,2024-01-01,2025-05-01,16.0,International,0,0,0,0,S3,International Buyers,S3 - International Buyers,S3,1,0.09960876911870468,0.48824201256761773,1.2459767606845393,1,1,0,2,1,13,0,51.05,4.48,BEL
C1747,Individual,Male,USA,Colorado,Personal Use,5,No,Client,60.86242299794661,55-64,3,1016661.44,338887.14666666667,317.6114204798318,1059.1499999999999,0.3333333333333333,3,2024-01-01,2025-09-01,20.0,Colorado,1,0,0,0,S1,Domestic Cash Home Buyers,S1 - Domestic Cash Home Buyers,S1,1,0.1730779729629906,0.5956826864691003,-0.23247622005866503,1,1,0,1,9,11,1,39.55,-105.78,USA
C1748,Individual,Male,USA,California,Personal Use,4,Yes,Website,75.13757700205339,65+,3,1112272.46,370757.48666666663,280.4257829967007,1274.52,0.3333333333333333,3,2024-06-01,2025-12-01,18.0,California,1,0,0,1,S4,Domestic Financed Home Buyers,S4 - Domestic Financed Home Buyers,S4,1,0.2764773051185195,-0.6951961289722786,-0.024229011117219534,1,1,1,2,9,8,1,36.78,-119.42,USA
C1749,Individual,Male,USA,California,Personal Use,3,No,Website,69.59616700889802,65+,3,832665.62,277555.20666666667,318.08413547696557,862.1066666666666,0.0,3,2024-01-01,2025-12-01,23.0,California,1,0,0,0,S1,Domestic Cash Home Buyers,S1 - Domestic Cash Home Buyers,S1,1,0.28969521774160567,0.6784331070393816,0.06320243160008598,1,1,0,2,9,8,1,36.78,-119.42,USA
C1750,Corporate,Male,USA,Colorado,Personal Use,3,No,Website,34.9678302532512,<35,4,1497163.73,374290.9325,319.1962965144884,1150.2,0.0,4,2024-04-01,2025-05-01,13.0,Colorado,1,0,0,0,S1,Domestic Cash Home Buyers,S1 - Domestic Cash Home Buyers,S1,1,0.1553171111721743,0.5884507434842932,0.3141127913553039,0,1,0,2,9,11,1,39.55,-105.78,USA
C1751,Individual,Female,USA,Ohio,Personal Use,5,No,Website,70.839151266256,65+,4,873120.47,218280.1175,313.9507915163995,700.7825,0.25,4,2025-06-01,2025-11-01,5.0,US - Other,1,0,0,0,S1,Domestic Cash Home Buyers,S1 - Domestic Cash Home Buyers,S1,1,0.21083477432667308,0.622190758974916,0.3423479888183314,1,1,0,2,9,35,0,40.42,-82.91,USA
C1752,Individual,Male,USA,California,Investment,1,Yes,Website,45.90006844626968,45-54,3,1119600.47,373200.1566666667,325.0645982282876,1152.5966666666666,0.0,3,2024-07-01,2025-07-01,12.0,California,1,0,1,1,S2,Domestic Investors,S2 - Domestic Investors,S2,1,0.09433974118713659,-0.9859416490075945,-0.09484431303199459,1,0,1,2,9,8,1,36.78,-119.42,USA
C1753,Individual,Male,USA,Georgia,Investment,3,Yes,Website,80.03559206023272,65+,3,770077.48,256692.49333333332,271.92747710239416,964.2666666666668,0.0,3,2024-04-01,2024-08-01,4.0,US - Other,1,0,1,1,S2,Domestic Investors,S2 - Domestic Investors,S2,1,0.07211090141026125,-1.0344454284282245,0.1840065376052097,1,0,1,2,9,15,1,32.16,-82.9,USA
C1754,Individual,Male,USA,Virginia,Personal Use,2,Yes,Website,30.138261464750173,<35,3,1361555.24,453851.74666666664,308.51221790292374,1471.8999999999999,0.0,3,2024-08-01,2024-09-01,1.0,Virginia,1,0,0,1,S4,Domestic Financed Home Buyers,S4 - Domestic Financed Home Buyers,S4,1,0.20382755149494017,-0.7538251682182198,0.26054245209503973,1,1,1,2,9,50,1,37.43,-78.66,USA
C1755,Individual,Male,USA,Nevada,Personal Use,1,Yes,Website,27.34839151266256,<35,3,672116.9199999999,224038.9733333333,291.2794061361219,776.2433333333333,0.0,3,2024-06-01,2024-10-01,4.0,Nevada,1,0,0,1,S4,Domestic Financed Home Buyers,S4 - Domestic Financed Home Buyers,S4,1,0.20831383895564143,-0.7699700461361334,0.24296414229852636,1,1,1,2,9,25,1,38.8,-116.42,USA
C1756,Individual,Male,USA,Utah,Personal Use,1,No,Website,35.780971937029435,35-44,4,1481404.3900000001,370351.09750000003,316.9999275497431,1146.0149999999999,0.25,4,2024-02-01,2025-12-01,22.0,Utah,1,0,0,0,S1,Domestic Cash Home Buyers,S1 - Domestic Cash Home Buyers,S1,1,0.21046263983743063,0.6193496505154947,0.34051425862720647,1,1,0,2,9,48,1,39.32,-111.09,USA
C1757,Individual,Male,Germany,Bavaria,Personal Use,3,No,Client,40.50102669404517,35-44,3,1125366.62,375122.2066666667,312.9002365862627,1182.08,0.0,3,2024-01-01,2025-06-01,17.0,International,0,0,0,0,S3,International Buyers,S3 - International Buyers,S3,1,0.08403609746656812,0.44551299914050596,0.7078833969666745,1,1,0,1,5,3,1,48.79,11.5,DEU
C1758,Individual,Male,USA,Oregon,Investment,4,Yes,Agency,40.96098562628337,35-44,4,1006481.1799999999,251620.29499999998,322.22479406959104,801.065,0.25,4,2024-03-01,2025-06-01,15.0,Oregon,1,0,1,1,S2,Domestic Investors,S2 - Domestic Investors,S2,1,0.08022798409344083,-1.07535695199556,-0.8386567442245552,1,0,1,0,9,37,1,43.8,-120.55,USA
C1759,Individual,Male,USA,California,Investment,1,No,Website,51.22518822724162,45-54,4,1031917.22,257979.305,305.59196385787004,831.47,0.0,4,2024-05-01,2025-02-01,9.1,California,1,0,1,0,S2,Domestic Investors,S2 - Domestic Investors,S2,1,0.15762792265035097,0.38970838750990094,-0.010194107546981135,1,0,0,2,9,8,1,36.78,-119.42,USA
C1760,Individual,Female,Belgium,Brussels,Personal Use,2,No,Website,50.234086242299796,45-54,4,1454358.32,363589.58,283.6825652988262,1265.3825,0.5,4,2024-02-01,2024-11-01,9.0,International,0,0,0,0,S3,International Buyers,S3 - International Buyers,S3,1,0.09795829748443607,0.48423304435927045,1.244241824546265,1,1,0,2,1,7,0,50.85,4.35,BEL
C1761,Individual,Male,USA,Washington,Personal Use,1,No,Website,70.97878165639973,65+,4,1181772.43,295443.1075,302.57946679209863,972.335,0.0,4,2024-01-01,2025-05-01,16.0,Washington,1,0,0,0,S1,Domestic Cash Home Buyers,S1 - Domestic Cash Home Buyers,S1,1,0.21097203557959285,0.6216742009345213,0.3447025369884146,1,1,0,2,9,53,1,47.75,-120.74,USA
C1762,Individual,Male,USA,Virginia,Personal Use,1,No,Website,61.94387405886379,55-64,3,1023352.22,341117.4066666667,317.2323805797633,1090.9466666666667,0.0,3,2024-02-01,2024-10-01,8.0,Virginia,1,0,0,0,S1,Domestic Cash Home Buyers,S1 - Domestic Cash Home Buyers,S1,1,0.21530187606845222,0.6278931020978791,0.34441798525074135,1,1,0,2,9,50,1,37.43,-78.66,USA
C1763,Individual,Female,USA,New York,Personal Use,3,No,Website,71.0965092402464,65+,4,1789381.67,447345.4175,323.51236718050524,1374.585,0.5,4,2024-05-01,2025-12-01,19.0,New York,1,0,0,0,S1,Domestic Cash Home Buyers,S1 - Domestic Cash Home Buyers,S1,1,0.21892336193127687,0.6249156478110198,0.3501852890907338,1,1,0,2,9,27,0,43.0,-75.0,USA
C1764,Individual,Female,USA,Nevada,Personal Use,2,No,Agency,79.15400410677618,65+,4,1668335.18,417083.795,304.35156626894207,1338.8999999999999,0.5,4,2024-01-01,2025-02-01,13.0,Nevada,1,0,0,0,S1,Domestic Cash Home Buyers,S1 - Domestic Cash Home Buyers,S1,1,0.19893262012600801,0.599881191766021,-0.6888556445092189,1,1,0,0,9,25,0,38.8,-116.42,USA
C1765,Individual,Female,USA,Colorado,Personal Use,1,Yes,Client,28.66803559206023,<35,4,1734167.51,433541.8775,272.3827064407109,1577.2325,0.0,4,2024-02-01,2024-12-01,10.0,Colorado,1,0,0,1,S4,Domestic Financed Home Buyers,S4 - Domestic Financed Home Buyers,S1,0,0.17815846325472984,-0.7843678562710967,-0.3185990377376986,1,1,1,1,9,11,0,39.55,-105.78,USA
C1766,Individual,Female,USA,California,Personal Use,4,No,Website,32.6570841889117,<35,4,1371247.08,342811.77,314.1224940840367,1071.3925,0.0,4,2024-01-01,2025-04-01,15.0,California,1,0,0,0,S1,Domestic Cash Home Buyers,S1 - Domestic Cash Home Buyers,S1,1,0.28283787465034743,0.670295120636156,0.06518073551757941,1,1,0,2,9,8,0,36.78,-119.42,USA
C1767,Individual,Male,USA,Colorado,Personal Use,3,No,Website,47.61396303901437,45-54,4,1455838.9100000001,363959.72750000004,306.3034005727021,1123.3175,0.5,4,2024-07-01,2025-09-01,14.0,Colorado,1,0,0,0,S1,Domestic Cash Home Buyers,S1 - Domestic Cash Home Buyers,S1,1,0.223325524135311,0.6135615289223817,0.32224635568141013,1,1,0,2,9,11,1,39.55,-105.78,USA
C1768,Individual,Female,Russia,Saint Petersburg,Personal Use,4,No,Website,82.83641341546885,65+,4,985105.21,246276.3025,293.20516626979685,834.6575,0.0,4,2024-02-01,2025-07-01,17.0,International,0,0,0,0,S3,International Buyers,S3 - International Buyers,S3,1,0.08994382354593006,0.48659357355761007,1.2378186250140337,1,1,0,2,7,42,0,59.93,30.34,RUS
C1769,Corporate,Male,USA,Oregon,Personal Use,1,Yes,Client,40.19164955509925,35-44,3,985909.0,328636.3333333333,302.27654056799446,1101.55,0.3333333333333333,3,2024-04-01,2025-12-01,20.0,Oregon,1,0,0,1,S4,Domestic Financed Home Buyers,S4 - Domestic Financed Home Buyers,S1,0,0.13972582718166088,-0.8174866073003162,-0.31924870018184165,0,1,1,1,9,37,1,43.8,-120.55,USA
C1770,Individual,Female,USA,Washington,Personal Use,1,Yes,Agency,80.12046543463381,65+,3,1334771.42,444923.80666666664,298.87729104255703,1469.18,0.0,3,2024-03-01,2024-10-01,7.0,Washington,1,0,0,1,S4,Domestic Financed Home Buyers,S4 - Domestic Financed Home Buyers,S4,1,0.19079143508628732,-0.7674065914981727,-0.7547502597903668,1,1,1,0,9,53,0,47.75,-120.74,USA
C1771,Corporate,Male,USA,Georgia,Personal Use,3,Yes,Client,50.52703627652293,45-54,3,1280895.97,426965.3233333333,295.46912109968395,1435.6633333333332,0.0,3,2024-04-01,2024-11-01,7.0,US - Other,1,0,0,1,S4,Domestic Financed Home Buyers,S4 - Domestic Financed Home Buyers,S1,0,0.13859371308820181,-0.7996931356614037,-0.3078831426054363,0,1,1,1,9,15,1,32.16,-82.9,USA
C1772,Corporate,Female,Canada,Alberta,Investment,5,Yes,Agency,50.965092402464066,45-54,4,1105281.92,276320.48,278.38573973790676,1015.8675,0.25,4,2024-06-01,2025-07-01,13.0,International,0,0,1,1,S3,International Buyers,S3 - International Buyers,S1,0,0.05624926058525264,-1.2364575859085407,0.09382009629334648,0,0,1,0,2,0,0,53.93,-116.58,CAN
C1773,Individual,Male,USA,Nevada,Investment,3,Yes,Agency,45.01574264202601,45-54,4,1284141.19,321035.2975,325.8423022286609,984.6475,0.25,4,2024-04-01,2025-03-01,11.0,Nevada,1,0,1,1,S2,Domestic Investors,S2 - Domestic Investors,S2,1,0.08342289032000309,-1.067529838021513,-0.8450860005491709,1,0,1,0,9,25,1,38.8,-116.42,USA
C1774,Individual,Male,USA,Oregon,Personal Use,4,No,Agency,41.01300479123888,35-44,4,1169335.49,292333.8725,291.8123075460439,1008.6625,0.0,4,2024-06-01,2025-01-01,7.0,Oregon,1,0,0,0,S1,Domestic Cash Home Buyers,S1 - Domestic Cash Home Buyers,S1,1,0.19811279300495852,0.5848496577817506,-0.6782762230238046,1,1,0,0,9,37,1,43.8,-120.55,USA
C1775,Individual,Female,USA,California,Personal Use,3,No,Agency,55.233401779603014,55-64,4,1414776.99,353694.2475,325.9516616098468,1102.9724999999999,0.0,4,2024-05-01,2025-07-01,14.0,California,1,0,0,0,S1,Domestic Cash Home Buyers,S1 - Domestic Cash Home Buyers,S1,1,0.2636915065949836,0.6588946130090867,-0.9505889536353795,1,1,0,0,9,8,0,36.78,-119.42,USA
C1776,Individual,Female,France,Occitanie,Personal Use,1,No,Website,52.33127994524298,45-54,3,1071718.4,357239.4666666666,298.9628579482607,1196.1733333333334,0.0,3,2024-01-01,2024-06-01,5.0,International,0,0,0,0,S3,International Buyers,S3 - International Buyers,S3,1,0.10096788703780293,0.4690769530107221,1.2610564018687294,1,1,0,2,4,34,0,43.89,3.28,FRA
C1777,Individual,Male,USA,California,Investment,5,No,Client,51.26899383983573,45-54,3,784629.95,261543.31666666665,290.7881392369621,900.46,0.0,3,2024-04-01,2025-04-01,12.0,California,1,0,1,0,S2,Domestic Investors,S2 - Domestic Investors,S1,0,0.12411187744801846,0.3681937818299414,-0.5636297361927749,1,0,0,1,9,8,1,36.78,-119.42,USA
C1778,Individual,Male,USA,Georgia,Investment,4,Yes,Website,31.975359342915812,<35,3,1216664.8199999998,405554.93999999994,297.1536000293384,1339.73,0.0,3,2024-11-01,2025-07-01,8.0,US - Other,1,0,1,1,S2,Domestic Investors,S2 - Domestic Investors,S2,1,0.07651954758336378,-1.045320306635745,0.1883616782873224,1,0,1,2,9,15,1,32.16,-82.9,USA
C1779,Individual,Female,USA,California,Personal Use,5,No,Client,46.69952087611225,45-54,4,1563236.5499999998,390809.13749999995,302.2992150315001,1287.1,0.0,4,2024-01-01,2025-06-01,17.0,California,1,0,0,0,S1,Domestic Cash Home Buyers,S1 - Domestic Cash Home Buyers,S1,1,0.20611500064735974,0.6530661857963485,-0.4914469379040585,1,1,0,1,9,8,0,36.78,-119.42,USA
C1780,Individual,Male,USA,Utah,Investment,1,No,Website,69.6208076659822,65+,4,1735557.1500000001,433889.28750000003,324.7138363032643,1341.715,0.5,4,2024-01-01,2025-11-01,22.0,Utah,1,0,1,0,S2,Domestic Investors,S2 - Domestic Investors,S2,1,0.12126296219227939,0.34205642828039323,0.2653597676614064,1,0,0,2,9,48,1,39.32,-111.09,USA
C1781,Individual,Female,USA,California,Personal Use,4,No,Website,57.229295003422315,55-64,4,1383316.42,345829.105,300.51273846670455,1164.0149999999999,0.0,4,2024-03-01,2025-08-01,17.0,California,1,0,0,0,S1,Domestic Cash Home Buyers,S1 - Domestic Cash Home Buyers,S1,1,0.29536431120130924,0.6761290767383403,0.06360472757292435,1,1,0,2,9,8,0,36.78,-119.42,USA
C1782,Individual,Female,UK,England,Investment,1,No,Website,26.075290896646134,<35,4,897646.55,224411.6375,284.9976118493869,783.64,0.0,4,2024-02-01,2025-03-01,12.9,International,0,0,1,0,S3,International Buyers,S3 - International Buyers,S3,1,0.10077530835427805,0.17362946509384775,1.2403659183147864,1,0,0,2,8,12,0,52.36,-1.17,GBR
C1783,Individual,Male,USA,California,Personal Use,3,No,Website,71.81930184804928,65+,4,1136482.92,284120.73,330.2320419811449,883.805,0.25,4,2024-05-01,2025-06-01,13.0,California,1,0,0,0,S1,Domestic Cash Home Buyers,S1 - Domestic Cash Home Buyers,S1,1,0.2917922893023929,0.6788612685232076,0.06102514565762929,1,1,0,2,9,8,1,36.78,-119.42,USA
C1784,Individual,Male,Australia,Western Australia,Personal Use,3,No,Client,27.849418206707735,<35,4,1352274.53,338068.6325,306.34558660520224,1106.8725,0.0,4,2024-04-01,2024-12-01,8.0,International,0,0,0,0,S3,International Buyers,S3 - International Buyers,S3,1,0.07721273416168777,0.45641883701253233,0.6844968559366564,1,1,0,1,0,54,1,-25.04,117.79,AUS
C1785,Individual,Female,USA,Colorado,Personal Use,1,Yes,Website,69.8425735797399,65+,3,1006568.23,335522.74333333335,291.7071689510819,1156.5633333333333,0.3333333333333333,3,2024-06-01,2025-08-01,14.0,Colorado,1,0,0,1,S4,Domestic Financed Home Buyers,S4 - Domestic Financed Home Buyers,S4,1,0.2161272003975695,-0.755559017024348,0.23472750834377643,1,1,1,2,9,11,0,39.55,-105.78,USA
C1786,Individual,Male,USA,California,Personal Use,1,No,Website,30.819986310746064,<35,4,1247095.22,311773.805,277.7613651797197,1102.2725,0.25,4,2024-09-01,2025-12-01,15.0,California,1,0,0,0,S1,Domestic Cash Home Buyers,S1 - Domestic Cash Home Buyers,S1,1,0.2611201836501284,0.6695185088593933,0.06299488065507297,1,1,0,2,9,8,1,36.78,-119.42,USA
C1787,Individual,Male,USA,Georgia,Investment,5,No,Agency,70.27515400410678,65+,4,1289585.42,322396.355,314.4113206013629,1029.38,0.75,4,2024-03-01,2024-10-01,7.0,US - Other,1,0,1,0,S2,Domestic Investors,S2 - Domestic Investors,S2,1,0.10942862839908611,0.31957930358530523,-0.7449597595865625,1,0,0,0,9,15,1,32.16,-82.9,USA
C1788,Individual,Male,USA,California,Personal Use,3,No,Website,36.17796030116359,35-44,3,1116876.81,372292.27,322.3499808871125,1155.6966666666667,0.0,3,2024-01-01,2025-08-01,19.0,California,1,0,0,0,S1,Domestic Cash Home Buyers,S1 - Domestic Cash Home Buyers,S1,1,0.28785700309590434,0.6709219440353387,0.06589112440016243,1,1,0,2,9,8,1,36.78,-119.42,USA
C1789,Individual,Male,USA,Colorado,Personal Use,5,Yes,Agency,43.436002737850785,35-44,3,1359605.1,453201.7,297.83922033386045,1526.9566666666667,0.3333333333333333,3,2024-02-01,2025-11-01,21.0,Colorado,1,0,0,1,S4,Domestic Financed Home Buyers,S4 - Domestic Financed Home Buyers,S4,1,0.19662434279435415,-0.7787982700527524,-0.7752593149028553,1,1,1,0,9,11,1,39.55,-105.78,USA
C1790,Individual,Male,USA,Nevada,Investment,5,No,Client,85.8672142368241,65+,4,1335521.08,333880.27,287.0574200531774,1159.9675,0.0,4,2024-05-01,2025-01-01,8.0,Nevada,1,0,1,0,S2,Domestic Investors,S2 - Domestic Investors,S1,0,0.10858101945192834,0.3132890758470593,-0.30152188200956953,1,0,0,1,9,25,1,38.8,-116.42,USA
C1791,Individual,Male,USA,California,Personal Use,5,No,Agency,59.68240930869268,55-64,3,894512.8,298170.93333333335,285.4724789523243,1050.08,0.0,3,2024-02-01,2024-07-01,5.0,California,1,0,0,0,S1,Domestic Cash Home Buyers,S1 - Domestic Cash Home Buyers,S1,1,0.24497863057035837,0.6590269588954896,-0.9491130796210534,1,1,0,0,9,8,1,36.78,-119.42,USA
C1792,Individual,Male,USA,California,Personal Use,3,No,Agency,30.54072553045859,<35,4,1948563.24,487140.81,290.7922848843788,1676.3825,0.25,4,2024-02-01,2025-03-01,12.9,California,1,0,0,0,S1,Domestic Cash Home Buyers,S1 - Domestic Cash Home Buyers,S1,1,0.248526568117014,0.6529136409609342,-0.9492761502198364,1,1,0,0,9,8,1,36.78,-119.42,USA
C1793,Individual,Male,USA,Utah,Investment,1,No,Website,56.73921971252567,55-64,4,1317525.03,329381.2575,302.79931340675995,1102.08,0.0,4,2024-01-01,2024-06-01,5.0,Utah,1,0,1,0,S2,Domestic Investors,S2 - Domestic Investors,S2,1,0.12625564153787838,0.3397704575975556,0.26741822675212096,1,0,0,2,9,48,1,39.32,-111.09,USA
C1794,Individual,Male,USA,Colorado,Personal Use,3,No,Website,30.017796030116358,<35,4,1378476.06,344619.015,302.2283992400325,1137.5875,0.0,4,2024-11-01,2025-12-01,13.0,Colorado,1,0,0,0,S1,Domestic Cash Home Buyers,S1 - Domestic Cash Home Buyers,S1,1,0.22165132669900747,0.6104644394590155,0.32500453254207085,1,1,0,2,9,11,1,39.55,-105.78,USA
C1795,Individual,Male,USA,California,Personal Use,5,Yes,Website,80.08213552361396,65+,4,1058019.94,264504.985,325.4415127559826,827.2,0.75,4,2024-06-01,2025-11-01,17.0,California,1,0,0,1,S4,Domestic Financed Home Buyers,S4 - Domestic Financed Home Buyers,S4,1,0.23014928733335127,-0.6951267846842685,-0.0273730139279742,1,1,1,2,9,8,1,36.78,-119.42,USA
C1796,Individual,Female,USA,California,Investment,5,Yes,Client,75.27720739219713,65+,3,1158919.94,386306.64666666667,299.6012291668504,1286.4833333333333,0.0,3,2024-07-01,2025-11-01,16.0,California,1,0,1,1,S2,Domestic Investors,S2 - Domestic Investors,S1,0,0.06983912219849103,-1.0000347710343505,-0.6513599593985293,1,0,1,1,9,8,0,36.78,-119.42,USA
C1797,Individual,Female,USA,Oregon,Personal Use,3,Yes,Website,68.84325804243669,65+,3,910545.9199999999,303515.30666666664,292.68380905244476,1033.6200000000001,0.0,3,2024-04-01,2025-12-01,20.0,Oregon,1,0,0,1,S4,Domestic Financed Home Buyers,S4 - Domestic Financed Home Buyers,S4,1,0.22969852511311684,-0.7663689163771632,0.24784540003224562,1,1,1,2,9,37,0,43.8,-120.55,USA
C1798,Individual,Male,USA,Arizona,Investment,1,Yes,Website,59.39219712525667,55-64,4,1601121.79,400280.4475,314.52479270080266,1263.96,0.5,4,2024-02-01,2025-10-01,20.0,Arizona,1,0,1,1,S2,Domestic Investors,S2 - Domestic Investors,S2,1,0.07452920139303337,-1.0359122340575848,0.1776590347453432,1,0,1,2,9,1,1,34.05,-111.09,USA
C1799,Individual,Female,USA,Colorado,Personal Use,5,No,Agency,75.96988364134155,65+,4,1022792.49,255698.1225,314.88430441239717,823.6625,0.0,4,2024-03-01,2025-03-01,12.0,Colorado,1,0,0,0,S1,Domestic Cash Home Buyers,S1 - Domestic Cash Home Buyers,S1,1,0.19144332831705438,0.6037821071384917,-0.6915900939253548,1,1,0,0,9,11,0,39.55,-105.78,USA
C1800,Individual,Male,USA,Oregon,Personal Use,1,No,Client,81.71663244353182,65+,3,1120963.1,373654.3666666667,287.48156579033383,1301.6499999999999,0.3333333333333333,3,2024-08-01,2024-08-01,0.0,Oregon,1,0,0,0,S1,Domestic Cash Home Buyers,S1 - Domestic Cash Home Buyers,S1,1,0.16155953092363773,0.590287019738468,-0.2241197029144078,1,1,0,1,9,37,1,43.8,-120.55,USA
C1801,Individual,Male,USA,California,Personal Use,5,Yes,Website,61.894592744695416,55-64,3,1473065.73,491021.91,335.5054034878483,1422.97,0.3333333333333333,3,2024-08-01,2025-09-01,13.0,California,1,0,0,1,S4,Domestic Financed Home Buyers,S4 - Domestic Financed Home Buyers,S4,1,0.2578413976174318,-0.698066099598637,-0.022443994303161574,1,1,1,2,9,8,1,36.78,-119.42,USA
C1802,Individual,Male,USA,Nevada,Investment,1,No,Client,77.7659137577002,65+,4,1155979.49,288994.8725,284.6408296351134,1011.5875,0.0,4,2024-01-01,2025-04-01,15.0,Nevada,1,0,1,0,S2,Domestic Investors,S2 - Domestic Investors,S1,0,0.11126649561599589,0.3116548365029486,-0.30295819531766804,1,0,0,1,9,25,1,38.8,-116.42,USA
C1803,Individual,Female,Canada,Quebec,Investment,5,No,Agency,38.71594798083505,35-44,3,1329728.19,443242.73,296.73639690932816,1443.9800000000002,0.3333333333333333,3,2024-04-01,2025-10-01,18.0,International,0,0,1,0,S3,International Buyers,S3 - International Buyers,S3,1,0.08178050080421889,0.1584178567102424,0.1939775885274861,1,0,0,0,2,40,0,52.94,-73.55,CAN
C1804,Individual,Male,USA,California,Personal Use,1,No,Website,36.82956878850103,35-44,4,1735376.55,433844.1375,294.59474870934474,1504.0974999999999,0.0,4,2024-04-01,2025-06-01,14.0,California,1,0,0,0,S1,Domestic Cash Home Buyers,S1 - Domestic Cash Home Buyers,S1,1,0.2629924073458923,0.6719734875406433,0.06405316836568975,1,1,0,2,9,8,1,36.78,-119.42,USA
C1805,Individual,Male,UK,Northern Ireland,Investment,3,No,Website,72.97467488021903,65+,4,1871670.17,467917.5425,274.5583113333789,1699.3675,0.25,4,2024-05-01,2025-11-01,18.0,International,0,0,1,0,S3,International Buyers,S3 - International Buyers,S3,1,0.10833386143832667,0.18494214373340506,1.2386331524215142,1,0,0,2,8,31,1,54.79,-6.49,GBR
C1806,Individual,Female,Australia,New South Wales,Investment,2,No,Agency,58.718685831622174,55-64,3,974821.86,324940.62,310.9547917052066,1049.3066666666666,0.0,3,2024-10-01,2024-12-01,2.0,International,0,0,1,0,S3,International Buyers,S3 - International Buyers,S3,1,0.06535902956128524,0.1821021076181661,0.15327123463613096,1,0,0,0,0,26,0,-31.25,146.92,AUS
C1807,Individual,Female,France,Brittany,Personal Use,5,No,Website,68.90075290896647,65+,3,1520931.78,506977.26,336.90449020392197,1469.18,0.3333333333333333,3,2024-07-01,2025-12-01,17.0,International,0,0,0,0,S3,International Buyers,S3 - International Buyers,S3,1,0.09511844650175497,0.47223726194239274,1.261167361070404,1,1,0,2,4,6,0,48.2,-2.93,FRA
C1808,Individual,Female,USA,Washington,Investment,2,No,Client,35.97809719370294,35-44,4,1102931.4500000002,275732.86250000005,275.0300830047724,989.46,0.0,4,2024-02-01,2025-08-01,18.0,Washington,1,0,1,0,S2,Domestic Investors,S2 - Domestic Investors,S1,0,0.11081565661675072,0.30759240457035647,-0.2814926473471055,1,0,0,1,9,53,0,47.75,-120.74,USA
C1809,Individual,Female,USA,New York,Personal Use,4,Yes,Agency,44.662559890485966,35-44,4,1221253.05,305313.2625,275.91790171076855,1104.2925,0.0,4,2024-01-01,2024-09-01,8.0,New York,1,0,0,1,S4,Domestic Financed Home Buyers,S4 - Domestic Financed Home Buyers,S2,0,0.1956469580054977,-0.7722204772426049,-0.7474508471762926,1,1,1,0,9,27,0,43.0,-75.0,USA
C1810,Individual,Female,USA,Texas,Personal Use,3,No,Agency,80.98288843258042,65+,3,991862.87,330620.95666666667,289.8803714824016,1138.4233333333334,0.0,3,2024-02-01,2024-11-01,9.0,Texas,1,0,0,0,S1,Domestic Cash Home Buyers,S1 - Domestic Cash Home Buyers,S1,1,0.19999269256254357,0.6159869984760806,-0.6657804580145281,1,1,0,0,9,47,0,31.97,-99.9,USA
C1811,Individual,Female,USA,California,Personal Use,3,Yes,Agency,67.87132101300479,65+,4,1189519.9,297379.975,279.68631786678856,1029.73,0.0,4,2024-02-01,2025-10-01,20.0,California,1,0,0,1,S4,Domestic Financed Home Buyers,S4 - Domestic Financed Home Buyers,S4,1,0.2562904972053043,-0.7128078728977407,-1.0385881931807264,1,1,1,0,9,8,0,36.78,-119.42,USA
C1812,Individual,Male,France,Provence,Personal Use,5,Yes,Website,48.70362765229295,45-54,4,1080880.0,270220.0,284.0094878917518,955.7624999999999,0.25,4,2024-05-01,2025-06-01,13.0,International,0,0,0,1,S3,International Buyers,S3 - International Buyers,S3,1,0.04858155148112829,-0.9072416406818282,1.1735504582087601,1,1,1,2,4,38,1,43.94,6.06,FRA
C1813,Individual,Male,Germany,Hamburg,Investment,3,Yes,Website,78.08076659822039,65+,4,1552316.39,388079.0975,297.9877712623852,1294.645,0.5,4,2024-01-01,2025-04-01,15.0,International,0,0,1,1,S3,International Buyers,S3 - International Buyers,S3,1,0.07791583023192783,-1.1850378169422613,1.0996963269574311,1,0,1,2,5,16,1,53.55,9.99,DEU
C1814,Individual,Male,Denmark,North Denmark,Personal Use,2,No,Website,38.73511293634497,35-44,4,1303261.99,325815.4975,291.25373939607886,1153.0825,0.0,4,2024-01-01,2025-08-01,19.0,International,0,0,0,0,S3,International Buyers,S3 - International Buyers,S3,1,0.08319583063278012,0.474711856628181,1.2223681222725988,1,1,0,2,3,29,1,57.05,9.92,DNK
C1815,Individual,Male,USA,California,Personal Use,5,No,Agency,76.76659822039699,65+,4,1182628.3,295657.075,309.16670569592696,942.035,0.25,4,2024-03-01,2025-07-01,16.0,California,1,0,0,0,S1,Domestic Cash Home Buyers,S1 - Domestic Cash Home Buyers,S1,1,0.24009252947730242,0.6629320230420495,-0.9523098104669261,1,1,0,0,9,8,1,36.78,-119.42,USA
C1816,Individual,Male,Canada,Quebec,Personal Use,2,No,Website,63.73169062286105,55-64,4,1078876.87,269719.2175,299.8918878099619,909.9825,0.0,4,2024-03-01,2025-09-01,18.0,International,0,0,0,0,S3,International Buyers,S3 - International Buyers,S3,1,0.11829777376402692,0.4670989483036077,1.2764444194540499,1,1,0,2,2,40,1,52.94,-73.55,CAN
C1817,Individual,Female,USA,Virginia,Personal Use,1,No,Agency,81.42642026009582,65+,3,1240667.65,413555.8833333333,293.9952639783983,1412.0199999999998,0.0,3,2024-11-01,2025-12-01,13.0,Virginia,1,0,0,0,S1,Domestic Cash Home Buyers,S1 - Domestic Cash Home Buyers,S1,1,0.19248442361134718,0.6158616475972303,-0.6704375747573061,1,1,0,0,9,50,0,37.43,-78.66,USA
C1818,Individual,Female,USA,Washington,Investment,5,Yes,Website,31.37303216974675,<35,3,814797.06,271599.02,321.24848229261744,851.4266666666667,0.0,3,2024-12-01,2025-11-01,11.0,Washington,1,0,1,1,S2,Domestic Investors,S2 - Domestic Investors,S2,1,0.07534436747971311,-1.0481667532753294,0.19077998067523866,1,0,1,2,9,53,0,47.75,-120.74,USA
C1819,Individual,Male,Russia,Krasnodar Krai,Personal Use,1,No,Website,62.88569472963724,55-64,3,1067644.33,355881.44333333336,275.26370950498614,1339.7466666666667,0.0,3,2024-02-01,2024-08-01,6.0,International,0,0,0,0,S3,International Buyers,S3 - International Buyers,S3,1,0.09393346162865236,0.4822972827746273,1.2397074091507434,1,1,0,2,7,21,1,45.04,38.98,RUS
C1820,Individual,Male,France,Provence,Personal Use,3,No,Website,46.362765229295,45-54,4,970434.94,242608.735,289.7308523537098,840.8725,0.0,4,2024-08-01,2025-06-01,10.0,International,0,0,0,0,S3,International Buyers,S3 - International Buyers,S3,1,0.10485464674950487,0.46732748920432804,1.260387087663973,1,1,0,2,4,38,1,43.94,6.06,FRA
C1821,Individual,Male,USA,Nevada,Personal Use,5,No,Website,81.19096509240246,65+,4,1733692.6199999999,433423.15499999997,331.43544369681666,1244.8049999999998,0.5,4,2024-06-01,2025-05-01,11.0,Nevada,1,0,0,0,S1,Domestic Cash Home Buyers,S1 - Domestic Cash Home Buyers,S1,1,0.20881337818591256,0.6169671929402998,0.32629579670492914,1,1,0,2,9,25,1,38.8,-116.42,USA
C1822,Individual,Male,USA,Oregon,Investment,5,Yes,Website,29.83983572895277,<35,4,1388147.75,347036.9375,288.3381292900038,1184.81,0.0,4,2024-03-01,2024-12-01,9.0,Oregon,1,0,1,1,S2,Domestic Investors,S2 - Domestic Investors,S2,1,0.08014306639219385,-1.0601803133998327,0.1778583909877076,1,0,1,2,9,37,1,43.8,-120.55,USA
C1823,Individual,Male,USA,Oregon,Personal Use,4,Yes,Website,58.390143737166326,55-64,3,993925.86,331308.62,327.58227901122996,994.8266666666667,0.3333333333333333,3,2024-07-01,2025-09-01,14.0,Oregon,1,0,0,1,S4,Domestic Financed Home Buyers,S4 - Domestic Financed Home Buyers,S4,1,0.22537909090439578,-0.7696105179196686,0.2479608145405687,1,1,1,2,9,37,1,43.8,-120.55,USA
C1824,Individual,Male,USA,California,Personal Use,3,No,Website,63.32101300479124,55-64,4,945036.97,236259.2425,279.2520615686099,857.7574999999999,0.25,4,2024-02-01,2025-10-01,20.0,California,1,0,0,0,S1,Domestic Cash Home Buyers,S1 - Domestic Cash Home Buyers,S1,1,0.28851663870156424,0.6765924275830268,0.06124641836295952,1,1,0,2,9,8,1,36.78,-119.42,USA
C1825,Individual,Male,Mexico,Nuevo Leon,Personal Use,2,No,Agency,69.00752908966462,65+,4,948769.9299999999,237192.48249999998,293.8418882146923,802.7125,0.0,4,2024-02-01,2024-12-01,10.0,International,0,0,0,0,S3,International Buyers,S3 - International Buyers,S3,1,0.07643651868048737,0.46016587453756,0.22245248998471884,1,1,0,0,6,33,1,25.59,-99.99,MEX
C1826,Individual,Male,USA,Ohio,Personal Use,4,No,Client,74.56536618754278,65+,4,1300035.21,325008.8025,289.81592388158737,1159.5325,0.25,4,2024-03-01,2025-05-01,14.0,US - Other,1,0,0,0,S1,Domestic Cash Home Buyers,S1 - Domestic Cash Home Buyers,S1,1,0.1774663531947612,0.6031298125876277,-0.2139866304526193,1,1,0,1,9,35,1,40.42,-82.91,USA
C1827,Individual,Male,USA,New York,Personal Use,5,Yes,Website,52.993839835728956,45-54,4,1221529.77,305382.4425,313.9255352450057,988.7175,0.25,4,2024-08-01,2025-04-01,8.0,New York,1,0,0,1,S4,Domestic Financed Home Buyers,S4 - Domestic Financed Home Buyers,S4,1,0.20632178837796988,-0.7540272987882646,0.26551507877828834,1,1,1,2,9,27,1,43.0,-75.0,USA
C1828,Individual,Male,USA,California,Investment,2,Yes,Website,34.12731006160164,<35,4,1199213.25,299803.3125,263.61066520219583,1114.2125,0.25,4,2025-05-01,2025-07-01,2.0,California,1,0,1,1,S2,Domestic Investors,S2 - Domestic Investors,S2,1,0.09992602498245373,-0.9892862696244078,-0.09612168953093825,1,0,1,2,9,8,1,36.78,-119.42,USA
C1829,Individual,Female,USA,California,Personal Use,5,Yes,Agency,28.45722108145106,<35,3,1194095.83,398031.94333333336,278.39431821791953,1394.21,0.3333333333333333,3,2024-06-01,2025-12-01,18.0,California,1,0,0,1,S4,Domestic Financed Home Buyers,S4 - Domestic Financed Home Buyers,S4,1,0.22434277305800848,-0.7231929422897839,-1.0345900330816504,1,1,1,0,9,8,0,36.78,-119.42,USA
C1830,Individual,Female,USA,Arizona,Personal Use,3,No,Website,66.78439425051334,65+,3,1363309.64,454436.54666666663,308.02315948220024,1487.6599999999999,0.3333333333333333,3,2024-04-01,2025-10-01,18.0,Arizona,1,0,0,0,S1,Domestic Cash Home Buyers,S1 - Domestic Cash Home Buyers,S1,1,0.2269876096954587,0.6251249081578532,0.33930573323649993,1,1,0,2,9,1,0,34.05,-111.09,USA
C1831,Individual,Female,Russia,Tatarstan,Personal Use,3,No,Website,75.29363449691992,65+,4,1004720.27,251180.0675,269.497746172995,972.335,0.0,4,2024-02-01,2025-10-01,20.0,International,0,0,0,0,S3,International Buyers,S3 - International Buyers,S3,1,0.09448108352517559,0.484955036986184,1.2379165309434272,1,1,0,2,7,46,0,55.18,50.73,RUS
C1832,Individual,Male,USA,Oregon,Investment,1,Yes,Website,38.69678302532512,35-44,4,1282390.94,320597.735,287.7519015558204,1103.3225,0.0,4,2024-02-01,2025-08-01,18.0,Oregon,1,0,1,1,S2,Domestic Investors,S2 - Domestic Investors,S2,1,0.07602720766555444,-1.057706522539378,0.1754398475750882,1,0,1,2,9,37,1,43.8,-120.55,USA
C1833,Individual,Female,USA,Arizona,Investment,1,Yes,Website,77.95482546201232,65+,3,1132086.83,377362.2766666667,281.5891153188497,1357.1933333333334,0.0,3,2024-09-01,2025-12-01,15.0,Arizona,1,0,1,1,S2,Domestic Investors,S2 - Domestic Investors,S2,1,0.07170517540922969,-1.030891182542799,0.17928436423494856,1,0,1,2,9,1,0,34.05,-111.09,USA
C1834,Individual,Male,Belgium,Flanders,Investment,5,No,Agency,62.80355920602327,55-64,4,1222274.5999999999,305568.64999999997,312.80920843529015,948.835,0.25,4,2024-01-01,2025-12-01,23.0,International,0,0,1,0,S3,International Buyers,S3 - International Buyers,S3,1,0.06544389656207064,0.18531019671464616,0.15892846520304044,1,0,0,0,1,13,1,51.05,4.48,BEL
C1835,Individual,Female,Canada,Alberta,Investment,4,Yes,Agency,66.18480492813141,65+,3,739211.6,246403.86666666667,292.10214886966304,849.7466666666668,0.0,3,2024-05-01,2025-02-01,9.1,International,0,0,1,1,S3,International Buyers,S3 - International Buyers,S3,1,0.07812261941402883,-1.2094572366934215,0.10499740899502602,1,0,1,0,2,0,0,53.93,-116.58,CAN
C1836,Individual,Female,USA,California,Investment,1,Yes,Website,65.22929500342231,65+,4,1213775.31,303443.8275,317.842120270775,958.755,0.25,4,2024-02-01,2025-11-01,21.0,California,1,0,1,1,S2,Domestic Investors,S2 - Domestic Investors,S2,1,0.09225059666712929,-0.9817793953648035,-0.09854061406653342,1,0,1,2,9,8,0,36.78,-119.42,USA
C1837,Individual,Female,USA,California,Personal Use,2,Yes,Client,75.73716632443532,65+,4,1507583.69,376895.9225,280.81643575663736,1333.2775,0.0,4,2024-06-01,2025-05-01,11.0,California,1,0,0,1,S4,Domestic Financed Home Buyers,S4 - Domestic Financed Home Buyers,S1,0,0.21502922736408647,-0.714197090117715,-0.5815412344453323,1,1,1,1,9,8,0,36.78,-119.42,USA
C1838,Individual,Female,Canada,Alberta,Investment,1,No,Agency,60.96098562628337,55-64,4,1266344.58,316586.145,307.26439916892457,1030.83,0.25,4,2024-04-01,2025-11-01,19.0,International,0,0,1,0,S3,International Buyers,S3 - International Buyers,S3,1,0.08290253540208738,0.16434157717120396,0.18930160136796653,1,0,0,0,2,0,0,53.93,-116.58,CAN
C1839,Individual,Male,USA,California,Investment,2,No,Agency,82.943189596167,65+,4,967894.54,241973.635,301.5423171724958,821.355,0.0,4,2024-01-01,2025-11-01,22.0,California,1,0,1,0,S2,Domestic Investors,S2 - Domestic Investors,S2,1,0.14458707896535267,0.38009934568777587,-1.025874301971641,1,0,0,0,9,8,1,36.78,-119.42,USA
C1840,Individual,Male,UK,England,Investment,3,No,Website,39.526351813826146,35-44,3,911506.03,303835.3433333333,288.0371183831599,1064.7333333333333,0.3333333333333333,3,2024-04-01,2025-02-01,10.1,International,0,0,1,0,S3,International Buyers,S3 - International Buyers,S3,1,0.109692574168066,0.17578548522660348,1.240960268353278,1,0,0,2,8,12,1,52.36,-1.17,GBR
C1841,Individual,Male,USA,New York,Personal Use,4,No,Website,78.59822039698837,65+,4,1612088.13,403022.0325,294.13284970553457,1374.585,0.0,4,2024-01-01,2025-11-01,22.0,New York,1,0,0,0,S1,Domestic Cash Home Buyers,S1 - Domestic Cash Home Buyers,S1,1,0.22063849616828046,0.6275748178847143,0.3516548689365588,1,1,0,2,9,27,1,43.0,-75.0,USA
C1842,Corporate,Male,Canada,Alberta,Personal Use,3,Yes,Agency,47.23066392881588,45-54,3,1252827.37,417609.12333333335,291.5150863648168,1407.5133333333333,0.0,3,2024-02-01,2024-09-01,7.0,International,0,0,0,1,S3,International Buyers,S3 - International Buyers,S1,0,0.03562922356195208,-0.9514409915915647,0.16840946540330265,0,1,1,0,2,0,1,53.93,-116.58,CAN
C1843,Individual,Male,Germany,Hesse,Personal Use,4,No,Website,73.53593429158111,65+,4,1487849.65,371962.4125,300.64812304710256,1218.84,0.25,4,2024-01-01,2025-01-01,12.0,International,0,0,0,0,S3,International Buyers,S3 - International Buyers,S3,1,0.10203706980906883,0.4736920820769412,1.260457126920531,1,1,0,2,5,17,1,50.65,9.16,DEU
C1844,Individual,Female,USA,Ohio,Personal Use,1,No,Agency,47.44695414099932,45-54,4,1033138.51,258284.6275,308.4891948132694,837.88,0.25,4,2024-01-01,2025-11-01,22.0,US - Other,1,0,0,0,S1,Domestic Cash Home Buyers,S1 - Domestic Cash Home Buyers,S1,1,0.19165947798089683,0.6004525348212368,-0.6714771517163987,1,1,0,0,9,35,0,40.42,-82.91,USA
C1845,Individual,Male,USA,California,Investment,1,Yes,Website,76.30390143737166,65+,3,889124.6799999999,296374.8933333333,295.979751299768,972.0533333333333,0.0,3,2024-05-01,2025-07-01,14.0,California,1,0,1,1,S2,Domestic Investors,S2 - Domestic Investors,S2,1,0.08745677381328762,-0.9790572259953916,-0.09722502181326509,1,0,1,2,9,8,1,36.78,-119.42,USA
C1846,Individual,Female,Russia,Novosibirsk,Personal Use,5,Yes,Agency,40.18069815195072,35-44,3,886017.55,295339.18333333335,301.0895663169484,980.8699999999999,0.0,3,2024-08-01,2025-04-01,8.0,International,0,0,0,1,S3,International Buyers,S3 - International Buyers,S3,1,0.03222424939770988,-0.9151959790262627,0.14174037650074228,1,1,1,0,7,32,0,55.03,82.92,RUS
C1847,Individual,Male,USA,Utah,Personal Use,4,No,Website,73.74948665297741,65+,4,1080850.85,270212.7125,311.06984916449545,859.7125,0.0,4,2024-02-01,2025-05-01,14.9,Utah,1,0,0,0,S1,Domestic Cash Home Buyers,S1 - Domestic Cash Home Buyers,S1,1,0.22204370612240318,0.6281190041853952,0.3396277975634176,1,1,0,2,9,48,1,39.32,-111.09,USA
C1848,Individual,Female,USA,California,Personal Use,2,No,Website,32.45722108145106,<35,4,1595352.82,398838.205,298.85086965793244,1295.0974999999999,0.25,4,2024-06-01,2024-12-01,6.0,California,1,0,0,0,S1,Domestic Cash Home Buyers,S1 - Domestic Cash Home Buyers,S1,1,0.27892120993907576,0.6701260824943955,0.06375418474378947,1,1,0,2,9,8,0,36.78,-119.42,USA
C1849,Individual,Male,Canada,Alberta,Investment,3,Yes,Website,49.327857631759066,45-54,3,1019239.08,339746.36,332.84745044626635,1016.7633333333333,0.3333333333333333,3,2024-04-01,2025-02-01,10.1,International,0,0,1,1,S3,International Buyers,S3 - International Buyers,S3,1,0.09324205465057592,-1.196736198352618,1.1190300432819553,1,0,1,2,2,0,1,53.93,-116.58,CAN
C1850,Individual,Male,USA,New York,Investment,5,Yes,Agency,54.43668720054757,45-54,4,1380990.75,345247.6875,298.90027318374314,1176.685,0.0,4,2024-06-01,2025-08-01,14.0,New York,1,0,1,1,S2,Domestic Investors,S2 - Domestic Investors,S2,1,0.07125690919138235,-1.0548120494273259,-0.8198259214186527,1,0,1,0,9,27,1,43.0,-75.0,USA
C1851,Individual,Female,UK,England,Personal Use,3,Yes,Agency,71.564681724846,65+,4,1552543.97,388135.9925,335.220018759133,1153.5575,0.75,4,2024-05-01,2025-03-01,10.0,International,0,0,0,1,S3,International Buyers,S3 - International Buyers,S3,1,0.05016966912763258,-0.9232126303237542,0.2082538419875936,1,1,1,0,8,12,0,52.36,-1.17,GBR
C1852,Individual,Female,USA,Virginia,Personal Use,4,No,Website,28.043805612594113,<35,3,1674072.07,558024.0233333333,320.95336086570444,1733.68,0.3333333333333333,3,2024-10-01,2025-04-01,6.0,Virginia,1,0,0,0,S1,Domestic Cash Home Buyers,S1 - Domestic Cash Home Buyers,S1,1,0.21350871854698125,0.6194137972531366,0.34762582868260455,1,1,0,2,9,50,0,37.43,-78.66,USA
C1853,Individual,Female,USA,Virginia,Investment,4,No,Website,76.84873374401096,65+,4,1207329.15,301832.2875,299.91970675822904,1012.5575,0.0,4,2024-02-01,2025-09-01,19.0,Virginia,1,0,1,0,S2,Domestic Investors,S2 - Domestic Investors,S2,1,0.12347517220286452,0.3463779066442791,0.2709074836359679,1,0,0,2,9,50,0,37.43,-78.66,USA
C1854,Corporate,Male,France,Ile-de-France,Investment,1,No,Client,65.7741273100616,65+,4,1387997.02,346999.255,307.65371721743344,1104.2925,0.0,4,2024-03-01,2025-03-01,12.0,International,0,0,1,0,S3,International Buyers,S3 - International Buyers,S3,1,0.04918231355594365,0.1437913246378258,0.6194331937650914,0,0,0,1,4,18,1,48.85,2.35,FRA
C1855,Individual,Female,USA,California,Personal Use,2,Yes,Website,41.89733059548254,35-44,4,1117305.8599999999,279326.46499999997,320.3709796508413,874.6275,0.0,4,2024-06-01,2025-10-01,16.0,California,1,0,0,1,S4,Domestic Financed Home Buyers,S4 - Domestic Financed Home Buyers,S4,1,0.2796836681983276,-0.7020132846227354,-0.023506131301485378,1,1,1,2,9,8,0,36.78,-119.42,USA
C1856,Corporate,Male,USA,Virginia,Personal Use,2,No,Website,31.60574948665298,<35,3,1216231.4300000002,405410.47666666674,300.48980345043714,1334.1000000000001,0.0,3,2024-02-01,2024-11-01,9.0,Virginia,1,0,0,0,S1,Domestic Cash Home Buyers,S1 - Domestic Cash Home Buyers,S1,1,0.1538391896971343,0.5975221209766512,0.3363986168005057,0,1,0,2,9,50,1,37.43,-78.66,USA
C1857,Individual,Male,USA,California,Investment,2,Yes,Website,38.77891854893908,35-44,3,919814.94,306604.98,325.48860323286766,932.37,0.3333333333333333,3,2024-09-01,2025-10-01,13.0,California,1,0,1,1,S2,Domestic Investors,S2 - Domestic Investors,S2,1,0.10025809811196314,-0.9887872043307901,-0.0954518485578178,1,0,1,2,9,8,1,36.78,-119.42,USA
C1858,Individual,Female,USA,Colorado,Personal Use,5,No,Website,67.5728952772074,65+,3,1161958.29,387319.43,305.6106982283693,1267.5866666666668,0.0,3,2024-03-01,2024-06-01,3.0,Colorado,1,0,0,0,S1,Domestic Cash Home Buyers,S1 - Domestic Cash Home Buyers,S1,1,0.21713254206794602,0.6188386166862496,0.32484918215428826,1,1,0,2,9,11,0,39.55,-105.78,USA
C1859,Individual,Male,USA,California,Personal Use,5,Yes,Client,82.11909650924025,65+,4,1087561.59,271890.3975,315.97316283663156,862.28,0.5,4,2024-06-01,2025-10-01,16.0,California,1,0,0,1,S4,Domestic Financed Home Buyers,S4 - Domestic Financed Home Buyers,S1,0,0.19623593819269872,-0.7146484042159487,-0.5829756771515162,1,1,1,1,9,8,1,36.78,-119.42,USA
C1860,Corporate,Female,USA,California,Personal Use,4,Yes,Agency,55.45790554414784,55-64,4,1661197.49,415299.3725,311.29869389814894,1338.8999999999999,0.0,4,2024-01-01,2024-07-01,6.0,California,1,0,0,1,S4,Domestic Financed Home Buyers,S4 - Domestic Financed Home Buyers,S1,0,0.16580279685810076,-0.7387086903204207,-1.047480743350381,0,1,1,0,9,8,0,36.78,-119.42,USA
C1861,Individual,Male,USA,California,Investment,3,Yes,Website,43.97809719370294,35-44,4,1475178.95,368794.7375,303.89052393748204,1239.9025000000001,0.0,4,2024-07-01,2025-05-01,10.0,California,1,0,1,1,S2,Domestic Investors,S2 - Domestic Investors,S2,1,0.10269954865883024,-0.9862131429838736,-0.09510638219646494,1,0,1,2,9,8,1,36.78,-119.42,USA
C1862,Individual,Male,USA,California,Personal Use,1,Yes,Website,72.3586584531143,65+,3,988771.17,329590.39,320.3830117364399,1076.69,0.0,3,2024-01-01,2025-06-01,17.0,California,1,0,0,1,S4,Domestic Financed Home Buyers,S4 - Domestic Financed Home Buyers,S4,1,0.26662225522004096,-0.6948886760054149,-0.024392721636655068,1,1,1,2,9,8,1,36.78,-119.42,USA
C1863,Individual,Female,UK,Scotland,Personal Use,3,No,Website,77.82614647501711,65+,4,1281313.02,320328.255,301.87406662875065,1039.19,0.0,4,2024-10-01,2025-02-01,4.0,International,0,0,0,0,S3,International Buyers,S3 - International Buyers,S3,1,0.12724494934134353,0.4710969966449285,1.3108877544218538,1,1,0,2,8,43,0,56.49,-4.2,GBR
C1864,Individual,Female,USA,New York,Personal Use,5,Yes,Website,53.68377823408624,45-54,4,1131730.6,282932.65,273.31171023381694,1027.325,0.25,4,2024-02-01,2025-06-01,16.0,New York,1,0,0,1,S4,Domestic Financed Home Buyers,S4 - Domestic Financed Home Buyers,S4,1,0.20578607580603636,-0.7539695349002422,0.2653341264169245,1,1,1,2,9,27,0,43.0,-75.0,USA
C1865,Individual,Male,USA,Arizona,Investment,4,No,Website,51.969883641341546,45-54,3,1092253.24,364084.41333333333,317.1911285000062,1196.1733333333334,0.3333333333333333,3,2024-06-01,2025-12-01,18.0,Arizona,1,0,1,0,S2,Domestic Investors,S2 - Domestic Investors,S2,1,0.13252068602923237,0.33623058685991264,0.26790841570449037,1,0,0,2,9,1,1,34.05,-111.09,USA
C1866,Individual,Female,USA,Nevada,Personal Use,2,No,Agency,54.35728952772074,45-54,4,1620195.43,405048.8575,291.3135821755026,1380.26,0.0,4,2024-07-01,2025-09-01,14.0,Nevada,1,0,0,0,S1,Domestic Cash Home Buyers,S1 - Domestic Cash Home Buyers,S1,1,0.20862225276941432,0.5951131536904215,-0.6855858648518409,1,1,0,0,9,25,0,38.8,-116.42,USA
C1867,Individual,Male,USA,California,Personal Use,2,Yes,Website,73.96577686516085,65+,3,761781.8,253927.2666666667,315.9512275240281,791.0400000000001,0.3333333333333333,3,2024-02-01,2025-07-01,17.0,California,1,0,0,1,S4,Domestic Financed Home Buyers,S4 - Domestic Financed Home Buyers,S4,1,0.2730215049831777,-0.6957552072095431,-0.025680278927318168,1,1,1,2,9,8,1,36.78,-119.42,USA
C1868,Individual,Female,UK,Wales,Personal Use,1,No,Website,50.091718001368925,45-54,4,1469394.43,367348.6075,310.72532744383216,1198.3725,0.25,4,2024-01-01,2025-07-01,18.0,International,0,0,0,0,S3,International Buyers,S3 - International Buyers,S3,1,0.12502264625545736,0.4643843240520808,1.3112190200895262,1,1,0,2,8,51,0,52.13,-3.78,GBR
C1869,Individual,Female,Mexico,Nuevo Leon,Personal Use,5,No,Client,50.23956194387406,45-54,4,1335399.36,333849.84,292.5916987103676,1132.7375,0.25,4,2024-01-01,2025-06-01,17.0,International,0,0,0,0,S3,International Buyers,S3 - International Buyers,S3,1,0.07253382813198432,0.4515527506154246,0.6822572690879734,1,1,0,1,6,33,0,25.59,-99.99,MEX
C1870,Individual,Male,USA,Washington,Investment,1,No,Agency,45.215605749486656,45-54,3,680865.94,226955.31333333332,269.4110023653593,842.68,0.3333333333333333,3,2024-03-01,2025-06-01,15.0,Washington,1,0,1,0,S2,Domestic Investors,S2 - Domestic Investors,S2,1,0.11853420409699812,0.3121270808070921,-0.7403505358482378,1,0,0,0,9,53,1,47.75,-120.74,USA
C1871,Individual,Female,USA,Texas,Personal Use,1,Yes,Website,64.20260095824777,55-64,4,1096466.77,274116.6925,281.5105417910469,1000.415,0.25,4,2024-02-01,2025-12-01,22.0,Texas,1,0,0,1,S4,Domestic Financed Home Buyers,S4 - Domestic Financed Home Buyers,S4,1,0.21140283569016652,-0.7456792686557816,0.2591113869787961,1,1,1,2,9,47,0,31.97,-99.9,USA
C1872,Individual,Male,Mexico,Mexico City,Personal Use,5,No,Client,85.18822724161534,65+,3,1284121.27,428040.42333333334,296.96334982942363,1452.2633333333333,0.0,3,2024-02-01,2025-02-01,12.0,International,0,0,0,0,S3,International Buyers,S3 - International Buyers,S3,1,0.06719325207305388,0.4603080044446503,0.6825120125489317,1,1,0,1,6,23,1,19.43,-99.13,MEX
C1873,Individual,Female,Canada,British Columbia,Personal Use,5,No,Agency,66.81177275838466,65+,4,841611.53,210402.8825,288.6266198396608,727.265,0.25,4,2024-03-01,2024-11-01,8.0,International,0,0,0,0,S3,International Buyers,S3 - International Buyers,S3,1,0.09453414100448027,0.4496333905629311,0.26228410934221097,1,1,0,0,2,5,0,53.73,-127.65,CAN
C1874,Individual,Male,USA,Colorado,Investment,1,No,Agency,53.1170431211499,45-54,3,1058361.99,352787.33,318.7436583675889,1125.17,0.0,3,2024-02-01,2024-10-01,8.0,Colorado,1,0,1,0,S2,Domestic Investors,S2 - Domestic Investors,S2,1,0.1285310112699824,0.3138991887783215,-0.7624089492693547,1,0,0,0,9,11,1,39.55,-105.78,USA
C1875,Individual,Female,USA,Nevada,Personal Use,2,No,Client,82.29979466119096,65+,3,1220153.8599999999,406717.9533333333,301.4071582349448,1339.73,0.3333333333333333,3,2024-09-01,2025-02-01,5.0,Nevada,1,0,0,0,S1,Domestic Cash Home Buyers,S1 - Domestic Cash Home Buyers,S1,1,0.17409302838201965,0.5968292120481566,-0.22975583867621258,1,1,0,1,9,25,0,38.8,-116.42,USA
C1876,Corporate,Male,USA,Ohio,Investment,4,Yes,Website,44.79123887748118,35-44,3,1543986.34,514662.11333333334,341.0254456076387,1523.6933333333334,0.0,3,2024-07-01,2025-11-01,16.0,US - Other,1,0,1,1,S2,Domestic Investors,S2 - Domestic Investors,S1,0,0.05465339972410898,-1.0652548859529263,0.17723821859999392,0,0,1,2,9,35,1,40.42,-82.91,USA
C1877,Individual,Male,USA,Arizona,Personal Use,5,No,Agency,64.290212183436,55-64,3,905899.79,301966.5966666667,302.9995785047871,1008.13,0.3333333333333333,3,2024-03-01,2025-11-01,20.0,Arizona,1,0,0,0,S1,Domestic Cash Home Buyers,S1 - Domestic Cash Home Buyers,S1,1,0.20072125877510855,0.6068116464682594,-0.6743476597500431,1,1,0,0,9,1,1,34.05,-111.09,USA
C1878,Individual,Male,USA,Washington,Personal Use,5,No,Agency,58.234086242299796,55-64,3,958603.36,319534.4533333333,297.0733645650432,1097.4366666666667,0.0,3,2024-01-01,2025-02-01,13.0,Washington,1,0,0,0,S1,Domestic Cash Home Buyers,S1 - Domestic Cash Home Buyers,S1,1,0.19834056255178367,0.6009213093433003,-0.6653487736583312,1,1,0,0,9,53,1,47.75,-120.74,USA
C1879,Individual,Female,USA,New York,Personal Use,3,No,Website,48.936344969199176,45-54,3,1536294.68,512098.2266666666,341.7799926238683,1504.28,0.3333333333333333,3,2024-05-01,2025-09-01,16.0,New York,1,0,0,0,S1,Domestic Cash Home Buyers,S1 - Domestic Cash Home Buyers,S1,1,0.22197776691264207,0.6197921148549648,0.35365097629782566,1,1,0,2,9,27,0,43.0,-75.0,USA
C1880,Individual,Female,USA,California,Personal Use,5,Yes,Client,27.939767282683093,<35,4,1319939.53,329984.8825,314.84860727143314,1053.27,0.0,4,2024-01-01,2025-03-01,14.0,California,1,0,0,1,S4,Domestic Financed Home Buyers,S4 - Domestic Financed Home Buyers,S1,0,0.19961619970340005,-0.7260693797586012,-0.5774048330178756,1,1,1,1,9,8,0,36.78,-119.42,USA
C1881,Individual,Female,USA,Oregon,Personal Use,2,Yes,Website,36.2984257357974,35-44,3,972731.0900000001,324243.6966666667,285.32389159621,1127.1499999999999,0.3333333333333333,3,2024-05-01,2025-01-01,8.0,Oregon,1,0,0,1,S4,Domestic Financed Home Buyers,S4 - Domestic Financed Home Buyers,S4,1,0.22460030044675866,-0.7746319664716224,0.24850161012168356,1,1,1,2,9,37,0,43.8,-120.55,USA
C1882,Individual,Female,USA,Virginia,Investment,3,No,Website,65.77686516084873,65+,3,884144.1,294714.7,320.0476777469246,934.4333333333334,0.0,3,2024-04-01,2024-08-01,4.0,Virginia,1,0,1,0,S2,Domestic Investors,S2 - Domestic Investors,S2,1,0.12809266297382962,0.3434000735192036,0.272373297863223,1,0,0,2,9,50,0,37.43,-78.66,USA
C1883,Individual,Male,USA,California,Personal Use,1,No,Agency,84.88432580424367,65+,4,1877399.3199999998,469349.82999999996,307.79126619172655,1489.11,0.0,4,2024-02-01,2024-09-01,7.0,California,1,0,0,0,S1,Domestic Cash Home Buyers,S1 - Domestic Cash Home Buyers,S1,1,0.22815199964113486,0.6665538886072719,-0.9528564019404111,1,1,0,0,9,8,1,36.78,-119.42,USA
C1884,Individual,Male,USA,Nevada,Personal Use,5,Yes,Website,71.4031485284052,65+,3,930994.2100000001,310331.4033333334,311.23822026593575,997.4133333333333,0.0,3,2024-01-01,2024-08-01,7.0,Nevada,1,0,0,1,S4,Domestic Financed Home Buyers,S4 - Domestic Financed Home Buyers,S4,1,0.21408589301974013,-0.75956627384907,0.242395401544224,1,1,1,2,9,25,1,38.8,-116.42,USA
C1885,Individual,Male,Germany,Hamburg,Personal Use,1,Yes,Agency,58.182067077344286,55-64,4,1740983.97,435245.9925,279.8659324745495,1564.0774999999999,0.0,4,2024-03-01,2024-11-01,8.0,International,0,0,0,1,S3,International Buyers,S3 - International Buyers,S3,1,0.03538047968221361,-0.9201612834897619,0.16050401826386562,1,1,1,0,5,16,1,53.55,9.99,DEU
C1886,Individual,Female,USA,California,Personal Use,5,No,Website,26.12457221081451,<35,3,774293.9299999999,258097.97666666665,307.6468005397266,842.68,0.0,3,2024-05-01,2025-06-01,13.0,California,1,0,0,0,S1,Domestic Cash Home Buyers,S1 - Domestic Cash Home Buyers,S1,1,0.2571415657298257,0.6677903714862468,0.06674028099996054,1,1,0,2,9,8,0,36.78,-119.42,USA
C1887,Individual,Female,USA,Oregon,Investment,1,No,Agency,39.98083504449008,35-44,3,822999.76,274333.25333333336,300.6392869450787,941.2099999999999,0.0,3,2024-05-01,2025-06-01,13.0,Oregon,1,0,1,0,S2,Domestic Investors,S2 - Domestic Investors,S2,1,0.12994606615273738,0.299481843821157,-0.7507704472401748,1,0,0,0,9,37,0,43.8,-120.55,USA
C1888,Individual,Male,USA,California,Personal Use,3,No,Website,63.403148528405204,55-64,4,981962.01,245490.5025,302.87682448143255,820.9224999999999,0.0,4,2024-02-01,2025-04-01,14.0,California,1,0,0,0,S1,Domestic Cash Home Buyers,S1 - Domestic Cash Home Buyers,S1,1,0.2893456206593324,0.6772387018641131,0.06216741893179467,1,1,0,2,9,8,1,36.78,-119.42,USA
C1889,Individual,Male,USA,California,Personal Use,4,Yes,Website,38.47775496235455,35-44,3,1193609.3,397869.76666666666,330.7013344577876,1205.9633333333334,0.3333333333333333,3,2024-03-01,2024-11-01,8.0,California,1,0,0,1,S4,Domestic Financed Home Buyers,S4 - Domestic Financed Home Buyers,S4,1,0.2734549630298589,-0.7037841371411457,-0.02172845043376137,1,1,1,2,9,8,1,36.78,-119.42,USA
C1890,Individual,Male,Canada,Ontario,Personal Use,4,No,Client,71.80561259411363,65+,4,1209659.27,302414.8175,294.60075741505455,1042.1725000000001,0.25,4,2024-05-01,2024-12-01,7.0,International,0,0,0,0,S3,International Buyers,S3 - International Buyers,S3,1,0.09139463753688938,0.4477378884353809,0.7197416285685954,1,1,0,1,2,36,1,51.25,-85.32,CAN
C1891,Individual,Male,USA,Oregon,Personal Use,2,No,Agency,53.57973990417522,45-54,4,1466482.7999999998,366620.69999999995,301.20838735265954,1244.8049999999998,0.25,4,2024-01-01,2025-09-01,20.0,Oregon,1,0,0,0,S1,Domestic Cash Home Buyers,S1 - Domestic Cash Home Buyers,S1,1,0.19999453738530357,0.5878092768895928,-0.680395776753113,1,1,0,0,9,37,1,43.8,-120.55,USA
C1892,Individual,Female,USA,Nevada,Investment,5,Yes,Agency,74.57084188911705,65+,3,978638.94,326212.98,310.0510647075858,1033.4833333333333,0.0,3,2024-02-01,2025-09-01,19.0,Nevada,1,0,1,1,S2,Domestic Investors,S2 - Domestic Investors,S2,1,0.077614729618834,-1.060616877916456,-0.8440451391818049,1,0,1,0,9,25,0,38.8,-116.42,USA
C1893,Individual,Female,USA,Washington,Personal Use,1,Yes,Website,63.011635865845314,55-64,4,1458732.84,364683.21,317.126581695753,1146.0149999999999,0.25,4,2025-04-01,2025-10-01,6.0,Washington,1,0,0,1,S4,Domestic Financed Home Buyers,S4 - Domestic Financed Home Buyers,S4,1,0.2132370184193365,-0.7549523955709248,0.2578652813266342,1,1,1,2,9,53,0,47.75,-120.74,USA
C1894,Individual,Female,USA,Texas,Investment,4,No,Website,81.80698151950719,65+,4,1284918.37,321229.5925,313.32969182679483,1027.81,0.25,4,2024-07-01,2025-11-01,16.0,Texas,1,0,1,0,S2,Domestic Investors,S2 - Domestic Investors,S2,1,0.12510231305704553,0.3478479110104748,0.27401564221259656,1,0,0,2,9,47,0,31.97,-99.9,USA
C1895,Corporate,Male,USA,Nevada,Investment,4,No,Agency,56.98015058179329,55-64,3,1170571.86,390190.62000000005,292.0661701559032,1308.5133333333333,0.3333333333333333,3,2024-03-01,2025-08-01,17.0,Nevada,1,0,1,0,S2,Domestic Investors,S2 - Domestic Investors,S1,0,0.0986913781200214,0.2859754233368575,-0.7680032335269211,0,0,0,0,9,25,1,38.8,-116.42,USA
C1896,Individual,Male,USA,Virginia,Investment,3,No,Agency,70.54072553045859,65+,3,1158311.0,386103.6666666667,332.0831771607045,1139.1533333333334,0.0,3,2024-03-01,2025-04-01,13.0,Virginia,1,0,1,0,S2,Domestic Investors,S2 - Domestic Investors,S2,1,0.1220462743209289,0.3279886915563239,-0.7413905092646649,1,0,0,0,9,50,1,37.43,-78.66,USA
C1897,Individual,Female,Canada,Ontario,Personal Use,2,No,Website,75.0116358658453,65+,4,1108918.3399999999,277229.58499999996,293.9912328018773,941.61,0.0,4,2024-04-01,2025-07-01,15.0,International,0,0,0,0,S3,International Buyers,S3 - International Buyers,S3,1,0.11574927026978998,0.4698094938037168,1.2757627816355168,1,1,0,2,2,36,0,51.25,-85.32,CAN
C1898,Individual,Male,USA,New York,Personal Use,1,Yes,Website,46.98699520876112,45-54,4,1159717.54,289929.385,309.5154160823681,951.8199999999999,0.25,4,2024-04-01,2025-08-01,16.0,New York,1,0,0,1,S4,Domestic Financed Home Buyers,S4 - Domestic Financed Home Buyers,S4,1,0.20931179746057163,-0.7550373295867443,0.26410807438132594,1,1,1,2,9,27,1,43.0,-75.0,USA
C1899,Individual,Male,UK,England,Personal Use,3,No,Website,29.738535249828885,<35,3,1001627.28,333875.76,275.4269693043849,1221.3833333333334,0.0,3,2024-05-01,2025-04-01,11.0,International,0,0,0,0,S3,International Buyers,S3 - International Buyers,S3,1,0.12882211527230478,0.45931824524375725,1.3152935995953607,1,1,0,2,8,12,1,52.36,-1.17,GBR
C1900,Individual,Female,UK,England,Investment,4,No,Client,27.315537303216974,<35,4,1185889.79,296472.4475,246.92189962494413,1210.7375000000002,0.25,4,2024-01-01,2024-10-01,9.0,International,0,0,1,0,S3,International Buyers,S3 - International Buyers,S3,1,0.0815835537394857,0.1527551656567126,0.6848243948141115,1,0,0,1,8,12,0,52.36,-1.17,GBR
C1901,Individual,Male,Canada,British Columbia,Personal Use,4,No,Agency,43.28815879534565,35-44,4,1357680.7,339420.175,286.53053886099826,1151.37,0.25,4,2024-10-01,2025-12-01,14.0,International,0,0,0,0,S3,International Buyers,S3 - International Buyers,S3,1,0.10359449563110816,0.44484326908812194,0.2642353814824285,1,1,0,0,2,5,1,53.73,-127.65,CAN
C1902,Corporate,Male,USA,Colorado,Investment,2,No,Agency,45.14168377823409,45-54,4,1127600.93,281900.2325,319.7409942393335,885.395,0.25,4,2024-01-01,2025-05-01,16.0,Colorado,1,0,1,0,S2,Domestic Investors,S2 - Domestic Investors,S1,0,0.0974886625916205,0.2881460750307125,-0.7746603007658663,0,0,0,0,9,11,1,39.55,-105.78,USA
C1903,Individual,Female,USA,Nevada,Personal Use,2,No,Website,34.08350444900753,<35,4,1453139.0699999998,363284.76749999996,307.6174957186796,1192.72,0.0,4,2024-03-01,2025-06-01,15.0,Nevada,1,0,0,0,S1,Domestic Cash Home Buyers,S1 - Domestic Cash Home Buyers,S1,1,0.22200172514360128,0.6070730725356404,0.3294703957267653,1,1,0,2,9,25,0,38.8,-116.42,USA
C1904,Individual,Male,USA,Texas,Personal Use,2,Yes,Website,76.77481177275838,65+,4,1337265.67,334316.4175,312.78389323837047,1073.7375,0.0,4,2024-05-01,2025-10-01,17.0,Texas,1,0,0,1,S4,Domestic Financed Home Buyers,S4 - Domestic Financed Home Buyers,S4,1,0.21637200963440373,-0.7419732396407608,0.25993510533149555,1,1,1,2,9,47,1,31.97,-99.9,USA
C1905,Individual,Male,USA,Virginia,Personal Use,1,No,Website,64.90896646132786,55-64,3,1180529.35,393509.7833333334,288.3733516557424,1354.2933333333333,0.3333333333333333,3,2024-08-01,2025-06-01,10.0,Virginia,1,0,0,0,S1,Domestic Cash Home Buyers,S1 - Domestic Cash Home Buyers,S1,1,0.2144460921401545,0.6280283971352754,0.34333700579242205,1,1,0,2,9,50,1,37.43,-78.66,USA
C1906,Individual,Female,USA,California,Personal Use,2,No,Agency,70.2943189596167,65+,4,1487182.67,371795.6675,328.4346675707875,1158.6325,0.5,4,2024-02-01,2025-09-01,19.0,California,1,0,0,0,S1,Domestic Cash Home Buyers,S1 - Domestic Cash Home Buyers,S1,1,0.24606965048484916,0.6615057970291149,-0.953617141330861,1,1,0,0,9,8,0,36.78,-119.42,USA
C1907,Individual,Male,USA,Colorado,Personal Use,3,No,Website,75.80561259411363,65+,4,1751481.1500000001,437870.28750000003,324.81588387814196,1349.2,0.75,4,2024-06-01,2025-10-01,16.0,Colorado,1,0,0,0,S1,Domestic Cash Home Buyers,S1 - Domestic Cash Home Buyers,S1,1,0.20728731098876266,0.619923074987891,0.3198922708256353,1,1,0,2,9,11,1,39.55,-105.78,USA
C1908,Individual,Female,USA,California,Personal Use,2,No,Website,49.76043805612594,45-54,4,1543714.5,385928.625,293.2611476473817,1324.385,0.25,4,2024-01-01,2025-02-01,13.0,California,1,0,0,0,S1,Domestic Cash Home Buyers,S1 - Domestic Cash Home Buyers,S1,1,0.2901719353609904,0.6741801362910633,0.06257466371995635,1,1,0,2,9,8,0,36.78,-119.42,USA
C1909,Individual,Female,USA,California,Investment,2,No,Agency,40.07392197125257,35-44,3,1238663.76,412887.92,307.72180621436615,1313.16,0.3333333333333333,3,2024-04-01,2025-02-01,10.1,California,1,0,1,0,S2,Domestic Investors,S2 - Domestic Investors,S2,1,0.1531446013366665,0.36947432135999353,-1.0220707106519986,1,0,0,0,9,8,0,36.78,-119.42,USA
C1910,Corporate,Male,USA,California,Personal Use,2,Yes,Agency,40.24093086926762,35-44,4,816793.9099999999,204198.47749999998,278.7743160260709,735.11,0.0,4,2024-05-01,2025-03-01,10.0,California,1,0,0,1,S4,Domestic Financed Home Buyers,S4 - Domestic Financed Home Buyers,S1,0,0.1624522371105472,-0.7430542260751799,-1.0486136620171371,0,1,1,0,9,8,1,36.78,-119.42,USA
C1911,Individual,Male,USA,California,Personal Use,5,No,Agency,36.969199178644764,35-44,3,1195691.95,398563.98333333334,314.3975058533925,1268.0466666666669,0.0,3,2024-03-01,2025-01-01,10.1,California,1,0,0,0,S1,Domestic Cash Home Buyers,S1 - Domestic Cash Home Buyers,S1,1,0.24067586233242702,0.6540473133919538,-0.9471239663607627,1,1,0,0,9,8,1,36.78,-119.42,USA
C1912,Individual,Female,USA,Utah,Investment,1,No,Website,71.43326488706366,65+,3,863871.21,287957.07,304.57284050774507,952.0733333333334,0.6666666666666666,3,2024-03-01,2025-03-01,12.0,Utah,1,0,1,0,S2,Domestic Investors,S2 - Domestic Investors,S2,1,0.11895663194951628,0.3410929730728239,0.2651558731491001,1,0,0,2,9,48,0,39.32,-111.09,USA
C1913,Individual,Male,France,Provence,Personal Use,5,No,Website,45.13347022587269,45-54,4,1210353.53,302588.3825,312.1120482796222,972.245,0.0,4,2024-05-01,2025-08-01,15.0,International,0,0,0,0,S3,International Buyers,S3 - International Buyers,S3,1,0.09967321963873016,0.46709954561266925,1.2617126787162871,1,1,0,2,4,38,1,43.94,6.06,FRA
C1914,Individual,Female,UK,Scotland,Personal Use,4,Yes,Website,32.35318275154004,<35,3,1553786.78,517928.9266666667,328.5550278318196,1584.7333333333333,0.3333333333333333,3,2024-08-01,2025-01-01,5.0,International,0,0,0,1,S3,International Buyers,S3 - International Buyers,S3,1,0.07218692598580757,-0.9147974078974193,1.2283186006173306,1,1,1,2,8,43,0,56.49,-4.2,GBR
C1915,Individual,Female,USA,Arizona,Investment,4,No,Client,61.5605749486653,55-64,3,1015184.58,338394.86,307.0413156033585,1076.6899999999998,0.3333333333333333,3,2025-04-01,2025-11-01,7.0,Arizona,1,0,1,0,S2,Domestic Investors,S2 - Domestic Investors,S1,0,0.11419024865835456,0.31778547964978837,-0.2892211813532044,1,0,0,1,9,1,0,34.05,-111.09,USA
C1916,Individual,Male,USA,California,Investment,2,No,Website,77.21013004791239,65+,3,1257058.52,419019.50666666665,320.95935335974565,1303.7766666666666,0.0,3,2024-09-01,2025-12-01,15.0,California,1,0,1,0,S2,Domestic Investors,S2 - Domestic Investors,S2,1,0.15913756467107973,0.39597228515362687,-0.00936874023756673,1,0,0,2,9,8,1,36.78,-119.42,USA
C1917,Individual,Female,Australia,New South Wales,Personal Use,2,No,Client,54.29158110882957,45-54,4,1007433.23,251858.3075,307.16436969901207,820.9224999999999,0.0,4,2024-12-01,2025-11-01,11.0,International,0,0,0,0,S3,International Buyers,S3 - International Buyers,S3,1,0.07630215340532337,0.4623974443871615,0.6818328847103932,1,1,0,1,0,26,0,-31.25,146.92,AUS
C1918,Individual,Female,USA,California,Personal Use,1,No,Client,85.28678986995209,65+,4,1019401.51,254850.3775,329.1017639574258,765.6675,0.5,4,2024-11-01,2025-09-01,10.0,California,1,0,0,0,S1,Domestic Cash Home Buyers,S1 - Domestic Cash Home Buyers,S1,1,0.18887222818123187,0.6609542309382208,-0.49812864353586445,1,1,0,1,9,8,0,36.78,-119.42,USA
C1919,Corporate,Female,USA,Nevada,Investment,1,No,Website,57.949349760438054,55-64,4,1083015.76,270753.94,289.4568471935533,929.2725,0.0,4,2024-06-01,2025-12-01,18.0,Nevada,1,0,1,0,S2,Domestic Investors,S2 - Domestic Investors,S1,0,0.09710077772577791,0.30418477647360237,0.24386834307412053,0,0,0,2,9,25,0,38.8,-116.42,USA
C1920,Individual,Male,Germany,North Rhine-Westphalia,Personal Use,5,No,Agency,56.18069815195072,55-64,4,1523588.92,380897.23,300.2689461558509,1278.045,0.0,4,2024-05-01,2025-10-01,17.0,International,0,0,0,0,S3,International Buyers,S3 - International Buyers,S3,1,0.0823117931384875,0.4531515367684958,0.24897019771420353,1,1,0,0,5,30,1,51.43,7.66,DEU
C1921,Individual,Female,France,Provence,Personal Use,5,No,Website,69.01848049281314,65+,3,980793.6799999999,326931.2266666666,304.8163605451686,1089.46,0.6666666666666666,3,2024-12-01,2025-10-01,10.0,International,0,0,0,0,S3,International Buyers,S3 - International Buyers,S3,1,0.09270854572085091,0.4708928235861994,1.2592329236830013,1,1,0,2,4,38,0,43.94,6.06,FRA
C1922,Individual,Female,USA,California,Personal Use,1,No,Agency,37.97672826830938,35-44,3,1549836.17,516612.05666666664,322.46928138999664,1592.1233333333332,0.0,3,2024-02-01,2024-12-01,10.0,California,1,0,0,0,S1,Domestic Cash Home Buyers,S1 - Domestic Cash Home Buyers,S1,1,0.23189035095852245,0.6551301893319925,-0.948429694855252,1,1,0,0,9,8,0,36.78,-119.42,USA
C1923,Individual,Female,Mexico,Jalisco,Investment,1,Yes,Client,78.81998631074606,65+,4,1302917.16,325729.29,288.1811349920287,1140.38,0.25,4,2024-06-01,2025-05-01,11.0,International,0,0,1,1,S3,International Buyers,S3 - International Buyers,S3,1,0.05419471349522785,-1.2006377354625482,0.5194002948685488,1,0,1,1,6,19,0,20.66,-103.35,MEX
C1924,Individual,Male,USA,California,Personal Use,3,No,Client,67.9917864476386,65+,4,1453954.37,363488.5925,292.1235154177175,1253.3075,0.0,4,2024-01-01,2025-07-01,18.0,California,1,0,0,0,S1,Domestic Cash Home Buyers,S1 - Domestic Cash Home Buyers,S1,1,0.21508442077202924,0.6582530980684129,-0.49380717079348585,1,1,0,1,9,8,1,36.78,-119.42,USA
C1925,Individual,Male,USA,Colorado,Personal Use,2,No,Agency,83.94798083504449,65+,4,1165252.94,291313.235,267.83454245443295,1093.05,0.25,4,2024-01-01,2024-12-01,11.0,Colorado,1,0,0,0,S1,Domestic Cash Home Buyers,S1 - Domestic Cash Home Buyers,S1,1,0.19522634016228665,0.6056428767635216,-0.6940096494541148,1,1,0,0,9,11,1,39.55,-105.78,USA
C1926,Individual,Male,Mexico,Puebla,Personal Use,1,Yes,Website,28.1533196440794,<35,4,1238034.03,309508.5075,299.93812538471843,1014.73,0.25,4,2024-05-01,2025-01-01,8.0,International,0,0,0,1,S3,International Buyers,S3 - International Buyers,S3,1,0.03826446636141158,-0.9071404153511282,1.1513560033672632,1,1,1,2,6,39,1,19.04,-98.21,MEX
C1927,Individual,Female,USA,California,Investment,1,Yes,Website,73.15263518138262,65+,4,1325474.94,331368.735,259.03798557564846,1280.6875,0.0,4,2024-11-01,2025-09-01,10.0,California,1,0,1,1,S2,Domestic Investors,S2 - Domestic Investors,S2,1,0.0887250905805322,-0.9792065164347379,-0.09803881693501082,1,0,1,2,9,8,0,36.78,-119.42,USA
C1928,Individual,Male,Australia,New South Wales,Personal Use,4,Yes,Client,27.860369609856264,<35,3,741930.22,247310.07333333333,333.5509957483036,736.0433333333334,0.0,3,2024-01-01,2025-09-01,20.0,International,0,0,0,1,S3,International Buyers,S3 - International Buyers,S3,1,0.029720280964687536,-0.9190320866823507,0.5987100776240984,1,1,1,1,0,26,1,-31.25,146.92,AUS
C1929,Individual,Female,Mexico,Jalisco,Personal Use,1,Yes,Agency,84.18617385352498,65+,4,1329874.96,332468.74,302.5375656209607,1127.175,0.0,4,2024-02-01,2025-08-01,18.0,International,0,0,0,1,S3,International Buyers,S3 - International Buyers,S3,1,0.02507659908397122,-0.9101058635736443,0.134774903519094,1,1,1,0,6,19,0,20.66,-103.35,MEX
C1930,Individual,Female,USA,Colorado,Investment,3,No,Agency,59.93976728268309,55-64,4,1184992.23,296248.0575,299.0295730189038,990.9875000000001,0.0,4,2024-09-01,2025-12-01,15.0,Colorado,1,0,1,0,S2,Domestic Investors,S2 - Domestic Investors,S2,1,0.13540183684507068,0.31547419225772416,-0.763527964940917,1,0,0,0,9,11,0,39.55,-105.78,USA
C1931,Individual,Female,USA,Utah,Personal Use,5,Yes,Website,30.6694045174538,<35,4,1323884.1099999999,330971.02749999997,312.3234963116273,1047.99,0.0,4,2024-06-01,2025-08-01,14.0,Utah,1,0,0,1,S4,Domestic Financed Home Buyers,S4 - Domestic Financed Home Buyers,S4,1,0.20360267498994564,-0.7563850091307753,0.25633493615950315,1,1,1,2,9,48,0,39.32,-111.09,USA
C1932,Individual,Female,USA,California,Investment,2,No,Website,63.63586584531143,55-64,4,1713149.19,428287.2975,318.9128248658138,1342.1525000000001,0.0,4,2024-01-01,2025-07-01,18.0,California,1,0,1,0,S2,Domestic Investors,S2 - Domestic Investors,S2,1,0.16452839596324093,0.39322928811554897,-0.009667522031680531,1,0,0,2,9,8,0,36.78,-119.42,USA
C1933,Corporate,Female,Australia,Queensland,Personal Use,1,No,Client,31.73990417522245,<35,3,822428.05,274142.68333333335,321.78877914612053,851.87,0.3333333333333333,3,2024-02-01,2025-10-01,20.0,International,0,0,0,0,S3,International Buyers,S3 - International Buyers,S3,1,0.05590999124787159,0.4327842962408322,0.6723737849510096,0,1,0,1,0,41,0,-20.92,142.7,AUS
C1934,Individual,Male,France,Ile-de-France,Investment,4,Yes,Client,47.7700205338809,45-54,4,1719384.46,429846.115,295.4938593970128,1422.9925,0.25,4,2024-01-01,2024-11-01,10.0,International,0,0,1,1,S3,International Buyers,S3 - International Buyers,S3,1,0.06092065731276241,-1.2122713325715606,0.5452484826635486,1,0,1,1,4,18,1,48.85,2.35,FRA
C1935,Individual,Female,USA,Arizona,Personal Use,5,No,Website,42.71594798083505,35-44,3,1205890.37,401963.4566666667,299.85464913533815,1357.1933333333334,0.3333333333333333,3,2024-02-01,2025-10-01,20.0,Arizona,1,0,0,0,S1,Domestic Cash Home Buyers,S1 - Domestic Cash Home Buyers,S1,1,0.21858143019053905,0.6190100672165231,0.34149750066459184,1,1,0,2,9,1,0,34.05,-111.09,USA
C1936,Individual,Male,Russia,Krasnodar Krai,Personal Use,1,Yes,Agency,41.8507871321013,35-44,3,965899.1000000001,321966.3666666667,323.68773843654736,992.2199999999999,0.0,3,2024-08-01,2025-09-01,13.0,International,0,0,0,1,S3,International Buyers,S3 - International Buyers,S3,1,0.029257992258078486,-0.9141957528441877,0.1400828205651446,1,1,1,0,7,21,1,45.04,38.98,RUS
C1937,Individual,Female,USA,Arizona,Personal Use,3,Yes,Website,64.7939767282683,55-64,4,1707838.06,426959.515,300.19888486318166,1419.32,0.25,4,2024-07-01,2025-11-01,16.0,Arizona,1,0,0,1,S4,Domestic Financed Home Buyers,S4 - Domestic Financed Home Buyers,S4,1,0.22456994592450302,-0.7492556128950001,0.2515211030442492,1,1,1,2,9,1,0,34.05,-111.09,USA
C1938,Individual,Male,Canada,Quebec,Personal Use,4,Yes,Website,52.427104722792606,45-54,3,1154671.2,384890.39999999997,320.77245860567785,1205.9633333333334,0.3333333333333333,3,2025-02-01,2025-09-01,7.0,International,0,0,0,1,S3,International Buyers,S3 - International Buyers,S3,1,0.06409196623975918,-0.9109942199208034,1.1918649730232709,1,1,1,2,2,40,1,52.94,-73.55,CAN
C1939,Individual,Female,USA,Florida,Investment,1,Yes,Agency,46.562628336755644,45-54,3,674304.95,224768.31666666665,270.89013577007375,839.1433333333334,0.0,3,2024-02-01,2024-11-01,9.0,Florida,1,0,1,1,S2,Domestic Investors,S2 - Domestic Investors,S2,1,0.06560368092741461,-1.0511480501636519,-0.8252211874845496,1,0,1,0,9,14,0,27.66,-81.52,USA
C1940,Individual,Female,Canada,Manitoba,Personal Use,4,No,Agency,28.91170431211499,<35,4,1403901.1400000001,350975.28500000003,281.88547542280037,1216.595,0.0,4,2024-01-01,2024-11-01,10.0,International,0,0,0,0,S3,International Buyers,S3 - International Buyers,S3,1,0.1015677348282739,0.4420571940712627,0.2660842684203571,1,1,0,0,2,22,0,53.76,-98.81,CAN
C1941,Individual,Female,USA,Nevada,Personal Use,5,No,Client,82.61738535249829,65+,4,1368615.25,342153.8125,303.5780218121445,1140.38,0.0,4,2024-03-01,2024-07-01,4.0,Nevada,1,0,0,0,S1,Domestic Cash Home Buyers,S1 - Domestic Cash Home Buyers,S1,1,0.17196641064017387,0.5975092234777124,-0.22888051037609358,1,1,0,1,9,25,0,38.8,-116.42,USA
C1942,Corporate,Female,USA,Nevada,Personal Use,2,Yes,Agency,41.138945927446954,35-44,3,1133984.52,377994.84,278.3780596993292,1313.16,0.0,3,2024-03-01,2025-01-01,10.1,Nevada,1,0,0,1,S4,Domestic Financed Home Buyers,S4 - Domestic Financed Home Buyers,S1,0,0.1495506446507112,-0.80631466730803,-0.7812255789340081,0,1,1,0,9,25,0,38.8,-116.42,USA
C1943,Individual,Male,USA,Arizona,Personal Use,1,No,Website,52.988364134154686,45-54,3,967521.23,322507.07666666666,308.8141987199651,1042.71,0.0,3,2024-06-01,2025-09-01,15.0,Arizona,1,0,0,0,S1,Domestic Cash Home Buyers,S1 - Domestic Cash Home Buyers,S1,1,0.2153054715526864,0.6223890495644435,0.33987955690226945,1,1,0,2,9,1,1,34.05,-111.09,USA
C1944,Individual,Male,USA,California,Investment,1,No,Website,39.87405886379192,35-44,4,1971083.9300000002,492770.98250000004,304.51340399550395,1602.67,0.0,4,2024-03-01,2025-12-01,21.0,California,1,0,1,0,S2,Domestic Investors,S2 - Domestic Investors,S2,1,0.15224667603675143,0.387914880951348,-0.008303939712994368,1,0,0,2,9,8,1,36.78,-119.42,USA
C1945,Individual,Male,Mexico,Mexico City,Investment,3,No,Website,58.84462696783025,55-64,4,1112541.88,278135.47,293.83835064246847,939.4875,0.0,4,2024-04-01,2025-11-01,19.0,International,0,0,1,0,S3,International Buyers,S3 - International Buyers,S3,1,0.08482243003060576,0.1898149188625729,1.165370862657883,1,0,0,2,6,23,1,19.43,-99.13,MEX
C1946,Individual,Male,USA,California,Personal Use,1,No,Agency,70.9596167008898,65+,3,1056227.37,352075.79000000004,315.409987451597,1111.25,0.3333333333333333,3,2024-02-01,2025-12-01,22.0,California,1,0,0,0,S1,Domestic Cash Home Buyers,S1 - Domestic Cash Home Buyers,S1,1,0.23896488062806107,0.6616489135960726,-0.9523943144912241,1,1,0,0,9,8,1,36.78,-119.42,USA
C1947,Individual,Male,USA,Nevada,Personal Use,3,No,Website,46.91033538672142,45-54,3,1247905.56,415968.52,314.1444138514114,1328.47,0.0,3,2024-04-01,2025-12-01,20.0,Nevada,1,0,0,0,S1,Domestic Cash Home Buyers,S1 - Domestic Cash Home Buyers,S1,1,0.22963652813578905,0.6097354755508695,0.3305241588320712,1,1,0,2,9,25,1,38.8,-116.42,USA
C1948,Individual,Female,USA,Arizona,Personal Use,2,No,Agency,70.75154004106776,65+,3,1530233.0,510077.6666666667,332.3203697226779,1527.8633333333335,0.0,3,2024-02-01,2025-07-01,17.0,Arizona,1,0,0,0,S1,Domestic Cash Home Buyers,S1 - Domestic Cash Home Buyers,S1,1,0.20077602934793812,0.6101970222052615,-0.6739643105518087,1,1,0,0,9,1,0,34.05,-111.09,USA
C1949,Individual,Female,USA,Colorado,Personal Use,2,Yes,Agency,70.45037645448323,65+,3,1020270.72,340090.24,264.79475294846344,1274.52,0.0,3,2024-05-01,2025-11-01,18.0,Colorado,1,0,0,1,S4,Domestic Financed Home Buyers,S4 - Domestic Financed Home Buyers,S4,1,0.21169314344808968,-0.7716665197838204,-0.7776552197754643,1,1,1,0,9,11,0,39.55,-105.78,USA
C1950,Individual,Male,USA,Ohio,Personal Use,4,No,Agency,50.76522929500342,45-54,4,1033306.43,258326.6075,297.64023677145923,933.355,0.0,4,2024-06-01,2025-10-01,16.0,US - Other,1,0,0,0,S1,Domestic Cash Home Buyers,S1 - Domestic Cash Home Buyers,S1,1,0.20194608398979494,0.6014489256841042,-0.6695563103828193,1,1,0,0,9,35,1,40.42,-82.91,USA
C1951,Individual,Male,USA,Utah,Personal Use,1,Yes,Website,29.311430527036276,<35,4,1128864.17,282216.0425,296.75692284139825,972.335,0.25,4,2024-04-01,2025-10-01,18.0,Utah,1,0,0,1,S4,Domestic Financed Home Buyers,S4 - Domestic Financed Home Buyers,S4,1,0.20735184763848524,-0.7570160694052441,0.25357716718447637,1,1,1,2,9,48,1,39.32,-111.09,USA
C1952,Corporate,Male,USA,Nevada,Personal Use,3,No,Agency,33.65366187542779,<35,3,1235262.65,411754.2166666666,273.7194148154275,1451.5366666666669,0.3333333333333333,3,2024-01-01,2025-07-01,18.0,Nevada,1,0,0,0,S1,Domestic Cash Home Buyers,S1 - Domestic Cash Home Buyers,S1,1,0.1462590698708407,0.5656007028961814,-0.6944349562779604,0,1,0,0,9,25,1,38.8,-116.42,USA
C1953,Individual,Male,Germany,Bavaria,Personal Use,1,Yes,Website,53.20739219712526,45-54,4,1199064.43,299766.1075,323.546348406674,946.6525,0.5,4,2024-02-01,2025-04-01,14.0,International,0,0,0,1,S3,International Buyers,S3 - International Buyers,S3,1,0.04690117279412491,-0.906089682447452,1.172382166385647,1,1,1,2,5,3,1,48.79,11.5,DEU
C1954,Individual,Female,Australia,Western Australia,Investment,3,No,Website,59.3264887063655,55-64,3,809731.0700000001,269910.3566666667,299.26368218742385,899.9899999999999,0.0,3,2024-02-01,2025-07-01,17.0,International,0,0,1,0,S3,International Buyers,S3 - International Buyers,S3,1,0.08388797379458493,0.19878196133021647,1.1672638295357185,1,0,0,2,0,54,0,-25.04,117.79,AUS
C1955,Individual,Male,Canada,Quebec,Personal Use,1,No,Website,27.616700889801507,<35,4,1707150.06,426787.515,316.1590016380276,1380.26,0.0,4,2024-05-01,2025-07-01,14.0,International,0,0,0,0,S3,International Buyers,S3 - International Buyers,S3,1,0.11073866508428652,0.4592988564676134,1.2791768288729635,1,1,0,2,2,40,1,52.94,-73.55,CAN
C1956,Individual,Female,USA,Oregon,Personal Use,2,No,Agency,58.362765229295,55-64,4,1224023.79,306005.9475,313.3520364570359,920.7075,0.5,4,2024-01-01,2025-07-01,18.0,Oregon,1,0,0,0,S1,Domestic Cash Home Buyers,S1 - Domestic Cash Home Buyers,S1,1,0.19474003137533577,0.5881185714865294,-0.6818860267392719,1,1,0,0,9,37,0,43.8,-120.55,USA
C1957,Individual,Male,USA,California,Personal Use,4,Yes,Website,63.26899383983573,55-64,4,1318838.26,329709.565,285.08614976753097,1150.2,0.25,4,2024-04-01,2024-11-01,7.0,California,1,0,0,1,S4,Domestic Financed Home Buyers,S4 - Domestic Financed Home Buyers,S4,1,0.2877975821072704,-0.6975364673278628,-0.024600737367298287,1,1,1,2,9,8,1,36.78,-119.42,USA
C1958,Individual,Female,USA,California,Personal Use,3,No,Website,55.227926078028744,55-64,4,1567012.19,391753.0475,308.3990536533559,1287.0549999999998,0.0,4,2024-03-01,2025-01-01,10.1,California,1,0,0,0,S1,Domestic Cash Home Buyers,S1 - Domestic Cash Home Buyers,S1,1,0.2978048737723518,0.6759487644143418,0.06353102007231981,1,1,0,2,9,8,0,36.78,-119.42,USA
C1959,Individual,Female,USA,Texas,Personal Use,1,No,Website,83.86036960985626,65+,3,626084.02,208694.67333333334,276.9890035951335,753.3133333333334,0.0,3,2024-07-01,2024-12-01,5.0,Texas,1,0,0,0,S1,Domestic Cash Home Buyers,S1 - Domestic Cash Home Buyers,S1,1,0.1964777274094161,0.6331883171943504,0.3462976034992664,1,1,0,2,9,47,0,31.97,-99.9,USA
C1960,Individual,Female,USA,Colorado,Personal Use,2,Yes,Website,38.41478439425051,35-44,3,1196488.96,398829.6533333333,292.25388007624105,1350.4933333333333,0.0,3,2024-05-01,2024-09-01,4.0,Colorado,1,0,0,1,S4,Domestic Financed Home Buyers,S4 - Domestic Financed Home Buyers,S4,1,0.22276088704270885,-0.7621220952429111,0.2386414229950039,1,1,1,2,9,11,0,39.55,-105.78,USA
C1961,Individual,Male,USA,California,Personal Use,5,No,Agency,31.263518138261464,<35,4,1289265.38,322316.345,280.62577570747106,1138.4975,0.0,4,2024-10-01,2025-10-01,12.0,California,1,0,0,0,S1,Domestic Cash Home Buyers,S1 - Domestic Cash Home Buyers,S1,1,0.23842031178955328,0.6528443739453886,-0.9483503945113096,1,1,0,0,9,8,1,36.78,-119.42,USA
C1962,Individual,Female,Mexico,Puebla,Personal Use,5,No,Agency,30.417522245037645,<35,3,971475.24,323825.08,296.82421576256144,1108.1033333333332,0.0,3,2024-06-01,2025-07-01,13.0,International,0,0,0,0,S3,International Buyers,S3 - International Buyers,S3,1,0.07628243848687757,0.4506472257159487,0.22800237329899664,1,1,0,0,6,39,0,19.04,-98.21,MEX
C1963,Corporate,Male,USA,Texas,Personal Use,5,No,Website,57.83436002737851,55-64,3,983925.13,327975.04333333333,309.28015850204434,1090.7733333333333,0.0,3,2024-06-01,2025-06-01,12.0,Texas,1,0,0,0,S1,Domestic Cash Home Buyers,S1 - Domestic Cash Home Buyers,S1,1,0.15160597595919711,0.6038619827592673,0.3397750824275161,0,1,0,2,9,47,1,31.97,-99.9,USA
C1964,Individual,Male,USA,Virginia,Personal Use,5,No,Agency,53.53867214236824,45-54,3,1149434.67,383144.88999999996,278.58260396394013,1359.24,0.3333333333333333,3,2024-06-01,2025-05-01,11.0,Virginia,1,0,0,0,S1,Domestic Cash Home Buyers,S1 - Domestic Cash Home Buyers,S1,1,0.20252122624686184,0.6078985027708612,-0.6682079402257346,1,1,0,0,9,50,1,37.43,-78.66,USA
C1965,Individual,Male,USA,California,Personal Use,4,No,Agency,28.974674880219027,<35,3,1489053.39,496351.12999999995,314.319892365033,1579.3133333333335,0.3333333333333333,3,2024-04-01,2024-09-01,5.0,California,1,0,0,0,S1,Domestic Cash Home Buyers,S1 - Domestic Cash Home Buyers,S1,1,0.24107962185562049,0.6518131876970896,-0.9477843173073821,1,1,0,0,9,8,1,36.78,-119.42,USA
C1966,Individual,Male,Canada,British Columbia,Personal Use,1,No,Agency,61.889117043121146,55-64,4,1210176.2,302544.05,272.97907493688416,1111.6475,0.5,4,2024-10-01,2025-11-01,13.0,International,0,0,0,0,S3,International Buyers,S3 - International Buyers,S3,1,0.09488279184548037,0.44888115223788744,0.26068978234588164,1,1,0,0,2,5,1,53.73,-127.65,CAN
C1967,Individual,Male,USA,Oregon,Investment,4,No,Agency,68.22724161533196,65+,3,747143.37,249047.79,286.7718601663633,859.2633333333333,0.0,3,2024-01-01,2024-06-01,5.0,Oregon,1,0,1,0,S2,Domestic Investors,S2 - Domestic Investors,S2,1,0.1328019959042127,0.3056765446404212,-0.7514950830864644,1,0,0,0,9,37,1,43.8,-120.55,USA
C1968,Individual,Female,USA,California,Investment,3,Yes,Client,67.16221765913758,65+,3,987718.99,329239.66333333333,313.92486192092457,1072.7266666666667,0.0,3,2024-01-01,2025-06-01,17.0,California,1,0,1,1,S2,Domestic Investors,S2 - Domestic Investors,S1,0,0.07461911640283159,-1.0019361911964897,-0.6519712841254239,1,0,1,1,9,8,0,36.78,-119.42,USA
C1969,Individual,Male,USA,Colorado,Investment,2,Yes,Agency,32.54757015742642,<35,4,1030940.4299999999,257735.10749999998,294.26164637460386,854.58,0.25,4,2024-01-01,2025-10-01,21.0,Colorado,1,0,1,1,S2,Domestic Investors,S2 - Domestic Investors,S2,1,0.07498287945604845,-1.0661177275730946,-0.8501571053279842,1,0,1,0,9,11,1,39.55,-105.78,USA
C1970,Individual,Male,USA,Arizona,Investment,4,Yes,Website,47.846680355920604,45-54,3,1346312.7000000002,448770.9000000001,322.30001375823184,1361.7433333333333,0.3333333333333333,3,2025-02-01,2025-11-01,9.0,Arizona,1,0,1,1,S2,Domestic Investors,S2 - Domestic Investors,S2,1,0.08309754876751196,-1.0389134941035438,0.18167754785247672,1,0,1,2,9,1,1,34.05,-111.09,USA
C1971,Individual,Female,USA,Virginia,Personal Use,5,No,Website,49.45379876796714,45-54,3,673422.3200000001,224474.1066666667,301.09547149882036,775.5666666666666,0.0,3,2024-06-01,2025-07-01,13.0,Virginia,1,0,0,0,S1,Domestic Cash Home Buyers,S1 - Domestic Cash Home Buyers,S1,1,0.2141133803659789,0.6238695331659554,0.34618366623994284,1,1,0,2,9,50,0,37.43,-78.66,USA
C1972,Individual,Female,USA,California,Personal Use,4,Yes,Website,53.987679671457904,45-54,3,943260.84,314420.27999999997,295.6179663876726,1077.3333333333333,0.3333333333333333,3,2024-01-01,2025-09-01,20.0,California,1,0,0,1,S4,Domestic Financed Home Buyers,S4 - Domestic Financed Home Buyers,S4,1,0.28258550719066444,-0.7004352754046995,-0.023153169847597743,1,1,1,2,9,8,0,36.78,-119.42,USA
C1973,Corporate,Male,USA,Washington,Personal Use,4,Yes,Agency,32.2984257357974,<35,4,1450499.68,362624.92,298.7315859126308,1214.7825,0.25,4,2024-01-01,2025-11-01,22.0,Washington,1,0,0,1,S4,Domestic Financed Home Buyers,S4 - Domestic Financed Home Buyers,S1,0,0.14388073668776885,-0.8028156073418864,-0.7635335645257497,0,1,1,0,9,53,1,47.75,-120.74,USA
C1974,Individual,Male,USA,Nevada,Personal Use,5,Yes,Agency,75.72895277207392,65+,4,968686.8500000001,242171.71250000002,301.68832968184125,809.6575,0.25,4,2024-04-01,2025-09-01,17.0,Nevada,1,0,0,1,S4,Domestic Financed Home Buyers,S4 - Domestic Financed Home Buyers,S4,1,0.19151511771539653,-0.7759295731913917,-0.7743396044542068,1,1,1,0,9,25,1,38.8,-116.42,USA
C1975,Individual,Female,Belgium,Wallonia,Personal Use,4,No,Agency,50.40657084188912,45-54,3,985031.21,328343.73666666663,318.46222697643447,1023.8800000000001,0.3333333333333333,3,2024-01-01,2025-05-01,16.0,International,0,0,0,0,S3,International Buyers,S3 - International Buyers,S3,1,0.08213066934746795,0.46691593937962445,0.23275219587135215,1,1,0,0,1,52,0,50.41,4.44,BEL
C1976,Individual,Male,USA,Florida,Personal Use,5,No,Client,30.663928815879533,<35,4,1146120.65,286530.1625,272.6222730317005,1030.29,0.0,4,2024-06-01,2025-04-01,10.0,Florida,1,0,0,0,S1,Domestic Cash Home Buyers,S1 - Domestic Cash Home Buyers,S1,1,0.17193816715158863,0.6010897644913764,-0.20645399473361364,1,1,0,1,9,14,1,27.66,-81.52,USA
C1977,Individual,Male,USA,Virginia,Personal Use,1,No,Website,31.734428473648187,<35,4,2001430.4300000002,500357.60750000004,315.08520637386266,1577.2325,0.25,4,2024-01-01,2025-07-01,18.0,Virginia,1,0,0,0,S1,Domestic Cash Home Buyers,S1 - Domestic Cash Home Buyers,S1,1,0.20783445677049955,0.6211350671813824,0.34498343281893823,1,1,0,2,9,50,1,37.43,-78.66,USA
C1978,Corporate,Female,USA,California,Investment,5,Yes,Website,58.899383983572896,55-64,3,1205900.67,401966.88999999996,317.3931776315053,1290.0866666666668,0.3333333333333333,3,2024-05-01,2025-07-01,14.0,California,1,0,1,1,S2,Domestic Investors,S2 - Domestic Investors,S1,0,0.062500305670794,-1.0073098404506635,-0.10571279137233247,0,0,1,2,9,8,0,36.78,-119.42,USA
C1979,Individual,Male,USA,Colorado,Personal Use,3,Yes,Agency,83.60301163586584,65+,4,1287568.79,321892.1975,317.2145822998733,1014.73,0.25,4,2024-02-01,2025-03-01,12.9,Colorado,1,0,0,1,S4,Domestic Financed Home Buyers,S4 - Domestic Financed Home Buyers,S4,1,0.20881025355647673,-0.7688786164340847,-0.7802544623302894,1,1,1,0,9,11,1,39.55,-105.78,USA
C1980,Individual,Female,USA,Texas,Investment,4,No,Website,69.64544832306639,65+,4,1579565.09,394891.2725,319.99056130249653,1228.8325,0.0,4,2024-03-01,2025-08-01,17.0,Texas,1,0,1,0,S2,Domestic Investors,S2 - Domestic Investors,S2,1,0.1270966438528764,0.34582606735113025,0.2760297482554642,1,0,0,2,9,47,0,31.97,-99.9,USA
C1981,Individual,Female,Canada,Quebec,Personal Use,5,No,Agency,33.059548254620125,<35,4,1440160.68,360040.17,292.4342978172096,1245.935,0.25,4,2024-01-01,2025-07-01,18.0,International,0,0,0,0,S3,International Buyers,S3 - International Buyers,S3,1,0.0985246275758384,0.44238021635048214,0.2654290361999219,1,1,0,0,2,40,0,52.94,-73.55,CAN
C1982,Individual,Male,USA,California,Personal Use,4,Yes,Website,78.32169746748802,65+,3,1545398.56,515132.85333333333,309.67606560331507,1669.3466666666666,0.3333333333333333,3,2024-01-01,2024-11-01,10.0,California,1,0,0,1,S4,Domestic Financed Home Buyers,S4 - Domestic Financed Home Buyers,S4,1,0.2640372477968747,-0.6939864531862991,-0.023848359013580955,1,1,1,2,9,8,1,36.78,-119.42,USA
C1983,Individual,Male,UK,Northern Ireland,Personal Use,3,No,Website,64.8021902806297,55-64,4,1317304.52,329326.13,303.97094660567086,1070.475,0.25,4,2024-07-01,2025-10-01,15.0,International,0,0,0,0,S3,International Buyers,S3 - International Buyers,S3,1,0.13206852120405213,0.46747586100771693,1.31092288673886,1,1,0,2,8,31,1,54.79,-6.49,GBR
C1984,Individual,Male,USA,California,Personal Use,4,No,Website,69.20191649555099,65+,3,846287.21,282095.73666666663,283.34620973678204,994.52,0.0,3,2024-01-01,2024-10-01,9.0,California,1,0,0,0,S1,Domestic Cash Home Buyers,S1 - Domestic Cash Home Buyers,S1,1,0.2870452381233472,0.6782409016654656,0.06368278268862515,1,1,0,2,9,8,1,36.78,-119.42,USA
C1985,Individual,Male,UK,Scotland,Personal Use,1,Yes,Agency,62.64202600958248,55-64,4,1149379.8599999999,287344.96499999997,285.3976580367843,1014.73,0.5,4,2024-05-01,2025-12-01,19.0,International,0,0,0,1,S3,International Buyers,S3 - International Buyers,S3,1,0.04997163259254252,-0.9249266030010994,0.2083014400411315,1,1,1,0,8,43,1,56.49,-4.2,GBR
C1986,Individual,Male,USA,New York,Investment,1,No,Website,48.68993839835729,45-54,4,1442798.93,360699.7325,313.1761603919817,1153.5575,0.0,4,2024-05-01,2025-10-01,17.0,New York,1,0,1,0,S2,Domestic Investors,S2 - Domestic Investors,S2,1,0.11847342629097099,0.3357426920820103,0.27972941334619367,1,0,0,2,9,27,1,43.0,-75.0,USA
C1987,Individual,Male,Belgium,Wallonia,Investment,5,No,Website,39.20328542094456,35-44,4,1316082.96,329020.74,304.149336089631,1104.1725,0.25,4,2024-04-01,2025-12-01,20.0,International,0,0,1,0,S3,International Buyers,S3 - International Buyers,S3,1,0.08284459031639395,0.19673498822909935,1.174526355814806,1,0,0,2,1,52,1,50.41,4.44,BEL
C1988,Individual,Male,USA,California,Personal Use,5,Yes,Website,31.28268309377139,<35,4,1301018.95,325254.7375,331.33023855167505,972.245,0.0,4,2024-11-01,2025-12-01,13.0,California,1,0,0,1,S4,Domestic Financed Home Buyers,S4 - Domestic Financed Home Buyers,S4,1,0.2569696202132783,-0.7046812303458827,-0.021269347018089357,1,1,1,2,9,8,1,36.78,-119.42,USA
C1989,Individual,Male,USA,Texas,Personal Use,3,No,Agency,66.11635865845311,65+,4,1380788.8599999999,345197.21499999997,305.11506404471834,1135.325,0.25,4,2024-08-01,2025-10-01,14.0,Texas,1,0,0,0,S1,Domestic Cash Home Buyers,S1 - Domestic Cash Home Buyers,S1,1,0.2054967956298034,0.6123935132746343,-0.6668155038368171,1,1,0,0,9,47,1,31.97,-99.9,USA
C1990,Individual,Male,USA,Texas,Investment,5,No,Agency,49.08966461327858,45-54,3,1253745.81,417915.27,316.3867890611018,1303.4733333333334,0.0,3,2024-08-01,2025-03-01,7.0,Texas,1,0,1,0,S2,Domestic Investors,S2 - Domestic Investors,S2,1,0.12058524175862442,0.3235562270744587,-0.7348319357547723,1,0,0,0,9,47,1,31.97,-99.9,USA
C1991,Individual,Female,USA,California,Personal Use,3,No,Website,75.4798083504449,65+,4,1134341.88,283585.47,307.04473333664754,900.39,0.25,4,2024-02-01,2024-12-01,10.0,California,1,0,0,0,S1,Domestic Cash Home Buyers,S1 - Domestic Cash Home Buyers,S1,1,0.2888779301423895,0.679725931655415,0.06078467396480747,1,1,0,2,9,8,0,36.78,-119.42,USA
C1992,Individual,Female,USA,Texas,Personal Use,3,Yes,Website,82.94866529774127,65+,3,1266058.76,422019.58666666667,300.26582567809544,1445.08,0.6666666666666666,3,2024-11-01,2025-07-01,8.0,Texas,1,0,0,1,S4,Domestic Financed Home Buyers,S4 - Domestic Financed Home Buyers,S4,1,0.199788768916246,-0.7422820929735767,0.25930608898572816,1,1,1,2,9,47,0,31.97,-99.9,USA
C1993,Individual,Male,USA,New York,Personal Use,2,No,Website,40.56125941136208,35-44,3,1385369.38,461789.7933333333,320.9228416069944,1454.4099999999999,0.3333333333333333,3,2025-04-01,2025-08-01,4.0,New York,1,0,0,0,S1,Domestic Cash Home Buyers,S1 - Domestic Cash Home Buyers,S1,1,0.21750032986123727,0.6177859408569377,0.353583074129832,1,1,0,2,9,27,1,43.0,-75.0,USA
C1994,Individual,Female,USA,Oregon,Investment,3,Yes,Website,31.446954140999317,<35,3,1257875.21,419291.73666666663,290.66709087729345,1454.4099999999999,0.0,3,2024-09-01,2025-06-01,9.0,Oregon,1,0,1,1,S2,Domestic Investors,S2 - Domestic Investors,S2,1,0.08202238045460987,-1.059738030319076,0.17845718802673874,1,0,1,2,9,37,0,43.8,-120.55,USA
C1995,Individual,Female,USA,California,Investment,4,No,Agency,32.824093086926766,<35,4,1044043.64,261010.91,288.855844533881,905.7525,0.25,4,2024-05-01,2025-07-01,14.0,California,1,0,1,0,S2,Domestic Investors,S2 - Domestic Investors,S2,1,0.1512496608934046,0.36751333385750157,-1.0224989325694858,1,0,0,0,9,8,0,36.78,-119.42,USA
C1996,Individual,Female,USA,Nevada,Personal Use,1,Yes,Website,33.530458590006845,<35,4,1151831.48,287957.87,270.3771253746574,1027.325,0.0,4,2024-01-01,2024-11-01,10.0,Nevada,1,0,0,1,S4,Domestic Financed Home Buyers,S4 - Domestic Financed Home Buyers,S4,1,0.2164711685923059,-0.7677150588435577,0.24179453346111657,1,1,1,2,9,25,0,38.8,-116.42,USA
C1997,Individual,Male,USA,Arizona,Personal Use,4,Yes,Website,83.26078028747433,65+,4,1101825.4,275456.35,299.63884952974826,910.42,0.5,4,2024-09-01,2025-09-01,12.0,Arizona,1,0,0,1,S4,Domestic Financed Home Buyers,S4 - Domestic Financed Home Buyers,S4,1,0.2080739185923127,-0.7461820323926018,0.24911076239561675,1,1,1,2,9,1,1,34.05,-111.09,USA
C1998,Individual,Male,USA,Virginia,Personal Use,5,Yes,Website,62.299794661190965,55-64,3,1023688.56,341229.52,307.20912531442076,1140.3999999999999,0.0,3,2024-02-01,2025-10-01,20.0,Virginia,1,0,0,1,S4,Domestic Financed Home Buyers,S4 - Domestic Financed Home Buyers,S4,1,0.20146331239700035,-0.7469638348162688,0.25922779739261875,1,1,1,2,9,50,1,37.43,-78.66,USA
C1999,Individual,Male,USA,Ohio,Personal Use,4,Yes,Client,81.54414784394251,65+,3,838587.38,279529.12666666665,304.64416824191477,919.0466666666666,0.0,3,2024-05-01,2025-07-01,14.0,US - Other,1,0,0,1,S4,Domestic Financed Home Buyers,S4 - Domestic Financed Home Buyers,S1,0,0.17607608499541344,-0.7697511613109991,-0.29950383015842774,1,1,1,1,9,35,1,40.42,-82.91,USA
C2000,Individual,Female,USA,Georgia,Personal Use,1,Yes,Agency,29.77138945927447,<35,3,913528.5,304509.5,297.2942091320212,1033.4833333333333,0.0,3,2024-05-01,2024-06-01,1.0,US - Other,1,0,0,1,S4,Domestic Financed Home Buyers,S4 - Domestic Financed Home Buyers,S4,1,0.18908234369373897,-0.7778331287478248,-0.7548345587556176,1,1,1,0,9,15,0,32.16,-82.9,USA
